[
  {
    "user": "叶立即",
    "content": "“每次看到喜欢的歌手发了新的歌，就有冲动想去写一首很好听的属于我自己的歌”😭",
    "likes": 773,
    "reply_time": "2024-11-02 20:43:10"
  },
  {
    "user": "不练腿的阿迪",
    "content": "我半年前也是写了自己第1首洛天依原创的歌，但是还没有去调教，一直懒得动，词和曲调都想好了",
    "likes": 488,
    "reply_time": "2024-11-01 22:15:42"
  },
  {
    "user": "环乐不觉晓",
    "content": "十几岁的年纪又如何决定未来自己的模样",
    "likes": 65,
    "reply_time": "2024-11-03 22:58:27"
  },
  {
    "user": "一只南北厨",
    "content": "歌词和简笔画特别搭，从简单地唱出自己的生活开始，一定能做到更多的事[打call]",
    "likes": 79,
    "reply_time": "2024-11-07 13:13:55"
  },
  {
    "user": "Soliaツル",
    "content": "“年少的我好像没有被谁记住，是我做的不好还是相遇本就自如”好喜欢这句，后面的也好好听啊[星星眼]歌词也很美！",
    "likes": 337,
    "reply_time": "2024-11-02 10:46:06"
  },
  {
    "user": "MDCat不是母带猫",
    "content": "真正体验生活的人才能写出的歌...喜欢！",
    "likes": 45,
    "reply_time": "2024-11-07 01:17:18"
  },
  {
    "user": "不练腿的阿迪",
    "content": "我上来就是一个殿堂拳，明天估计就殿堂了，好好蹲点",
    "likes": 12,
    "reply_time": "2024-11-16 23:22:21"
  },
  {
    "user": "Ling_Yin--泠音",
    "content": "完了每次听到最后两句都会想哭。。🥺前几天18岁了，但其实除了我也无人在意，一个人在空间发动态开心地说我成年了却也没人搭理，一瞬间感觉好像也无所谓了。。平时在学校在画室有可以说话的朋友，但可能也只有我觉得是朋友吧，因为每次分房间组队从来不会有人记得我，就连我主动上前也只是得到在他们拉完好友后的回拒，好像这17年确实也一直没人在意，一直是一个人，所有人都觉得我一直是一个人独来独往，其实我也想和他们一起啊。。。",
    "likes": 94,
    "reply_time": "2024-11-13 20:57:30"
  },
  {
    "user": "弥狐子",
    "content": "狠狠被戳到了，真就是曾经十七岁的我想的乱七八糟的哈哈",
    "likes": 38,
    "reply_time": "2024-11-03 01:17:26"
  },
  {
    "user": "安赛蜜IO",
    "content": "质朴纯粹而强烈的情感，小作坊下料就是猛",
    "likes": 11,
    "reply_time": "2024-11-06 19:05:19"
  },
  {
    "user": "苹果冰棍",
    "content": "歌词写的真的很好[打call] 本人不知道有多久没有听过这种风格的旋律了好治愈[大哭]上了初中后因人际交往和学业精神状态急转直下 现在升上初三更焦虑了 感谢up这首歌让我缓解了一下压力 不管是歌词还是旋律都很小清新（闻到了活人的气息）up写的歌真的很棒!要好好坚持下去哦[打call]",
    "likes": 14,
    "reply_time": "2024-11-16 11:44:17"
  },
  {
    "user": "兔毛暮夜",
    "content": "最近压力有点大，情绪不怎么好，但听到这首歌真的整个人好治愈2233",
    "likes": 12,
    "reply_time": "2024-11-09 08:51:37"
  },
  {
    "user": "hah404qwq",
    "content": "不久前过完17岁生日就听到这首歌真是太好了。\n碎碎念的歌词就像每天放学路上会和自己悄咪咪说的话呢……因为其实没有别人愿意听，但除了我自己，究竟还有谁能够触摸到我的灵魂呢？\n一直没有被什么人记住，人生各处，只是一个又一个客栈。没有方向，也没有愿望。且走着瞧吧。",
    "likes": 48,
    "reply_time": "2024-11-09 15:57:16"
  },
  {
    "user": "三十六陂秋水-",
    "content": "歌词好真实，听着好想哭[委屈]",
    "likes": 21,
    "reply_time": "2024-11-09 11:13:38"
  },
  {
    "user": "摆烂的Greele",
    "content": "今年正十七岁的我今天也听着术[无可柰何_祈祷]",
    "likes": 25,
    "reply_time": "2024-11-08 22:41:42"
  },
  {
    "user": "LikeMinds-",
    "content": "pv越简单，歌越好听[歌行宇宙表情包_喜欢洛天依]",
    "likes": 83,
    "reply_time": "2024-11-02 07:17:34"
  },
  {
    "user": "z结-社y",
    "content": "好听\n还是很喜欢这种大白话式的填词\n很亲切，很容易共情",
    "likes": 7,
    "reply_time": "2024-11-10 01:50:38"
  },
  {
    "user": "坠入猫猫海",
    "content": "最近很喜欢这种处在青春期对人生的看法的歌，是迷茫的，悲伤的，倔强的，平凡且渺小的，闪闪发光的，很喜欢看漫画剪辑，不想看完，只想知道有多热烈，很喜欢少女乐队类型的，运动的，喜欢热血的，一群人，几个人，一个人，是属于自己的独特的经历，青春是可以犯错的，既有幼稚的想法，有有成熟的思虑，敏感的心思让青少年们有许多独属于青春的愁，为赋新词强说愁，但强说愁又未免不是一种特别的愁。\n果然晚上文笔会变好<(。_。)>",
    "likes": 6,
    "reply_time": "2024-11-21 01:58:06"
  },
  {
    "user": "小鸟小熊大家一起玩",
    "content": "又听哭了。…在现实世界找不到理解自己的地方的时候 在虚拟世界总能找到。那一定是因为我的世界 我的现实世界太小了 而不是我做的不够好 世界上也会有和我一样情绪丰富 敏感的人呢",
    "likes": 18,
    "reply_time": "2024-11-09 09:38:08"
  },
  {
    "user": "三草来喽",
    "content": "很好听[时光盛夏_疯狂打call]！今天很伤心，最近也过了18周岁生日，无人庆祝。本来不喜欢过生日，但这次就不知道为什么就感觉不一样，想被人在意，想被人记住。但实际上身边貌似没有这样的人。总是在害怕被人讨厌，害怕自己说错话，真的不想处理人际关系，想一个人待着，不想社交。听了歌感觉心情好了不少，或许有些人的青春就是没有那么热烈吧，或许有些人的青春就是比较苦涩吧[三伏表情包_爱心]",
    "likes": 18,
    "reply_time": "2024-11-10 23:53:49"
  },
  {
    "user": "脑袋空空的ZhuQing",
    "content": "写下了很多，但还是删掉了，很好听的歌，听着听着就哭了，谢谢 up 写下了心里的话，喜欢，跟喜欢（⌒▽⌒）",
    "likes": 9,
    "reply_time": "2024-11-09 18:40:53"
  },
  {
    "user": "黑色的光光光光光光光",
    "content": "想到小时候的清脆的蓝天，姥爷骑三轮车接我放学，扔掉书包饭都不吃就跑去院子里和朋友玩，最后被姥姥揪回家打一顿……喜欢曲风！加油呀",
    "likes": 20,
    "reply_time": "2024-11-04 02:32:55"
  },
  {
    "user": "依朵茉莉花-TianYi-",
    "content": "殿堂助攻啊[洛天依_goodjob]\n自从上了高三之后好久都没时间静下来去听新歌了，都是被我收藏起来然后吃灰[洛天依_啊这]但是今天一出校就听到一首超级好听的歌[洛天依_耶]好喜欢这首歌的歌词！劳斯加油！期待劳斯下一个作品[洛天依_冲鸭]",
    "likes": 9,
    "reply_time": "2024-11-17 10:40:27"
  },
  {
    "user": "朱火羽白",
    "content": "好听，但是我好像听不出bass，我耳机的问题吗？\n压音质压到一点都听不出来了吗？（好像底鼓也很弱）",
    "likes": 20,
    "reply_time": "2024-11-08 22:39:26"
  },
  {
    "user": "哈哈哈想当P主",
    "content": "加油啊，越来越好，歌词也简单，但是很唯美，让我感受到青春的活力与开心，我也目前正在学习调教方面，但是只能简单的翻唱到时候我也希望也能像我名字一样成为p主，写一首属于自己的原创曲",
    "likes": 38,
    "reply_time": "2024-11-02 21:36:31"
  },
  {
    "user": "搓搓搓子",
    "content": "真的好好听，第一句歌词出来就深深地共鸣了，慢慢地描述青春，虽然如今已经不再过着高中时那个忙碌青春的日子，但初入大学的迷茫以及被各类小考小组作业所烦恼，这周又是期中周，不自觉的紧张和焦虑，听着听着就哭了  简单的pv配着简单明了的歌词真的很打动人心，特别棒的一首(*°▽°*)八(*°▽°*)♪",
    "likes": 15,
    "reply_time": "2024-11-10 19:09:19"
  },
  {
    "user": "朧音月弦",
    "content": "整首歌都是轻松的节奏，可是越听到后面，尤其是歌名那句出来的瞬间，鼻子就酸了，如鲠在喉。",
    "likes": 8,
    "reply_time": "2024-11-10 10:05:03"
  },
  {
    "user": "Yu_Meow",
    "content": "特别喜欢这首歌，我也是在十七岁离开了家乡的小城市，不久前刚在陌生的地方过完十八岁生日，看到歌词想到了自己高中时花掉整节晚自习想象平凡又非凡的未来，又想到刚上大学社会和其他逼迫自己不得不现在就思考远行的路的焦虑无措，花水老师写下了心中想写的这首歌，我也要努力写好我的生活了[Alban_打call]",
    "likes": 22,
    "reply_time": "2024-11-12 14:27:21"
  },
  {
    "user": "阿穷先生",
    "content": "凌晨刷到…从未有过一首歌如此贴切，高考之前，每天想着自己未来如何如何，然后从山东那个破旧却又有些新面貌的小县城跑到大西北，选了一个从来没想过的专业，从家里走的时候似乎并没有什么情绪，一个月，两个月，三个月，渐渐突然有点儿想些不知道为什么想的昨天，是朋友，是一起出去玩，是家里的银杏叶，是爷爷奶奶，是有些对不起的爸妈…不知道到底怎么去表达自己的心情，但是老师你真的写的太好了",
    "likes": 7,
    "reply_time": "2024-11-18 02:27:58"
  },
  {
    "user": "洛水尘星",
    "content": "“每次看到喜欢的歌手发了新的歌，就有冲动想去写一首很好听的属于我自己的歌”😭\n你这首歌真的很棒啊\n情感蕴含在其中\n好∞*:.｡. o(≧▽≦)o .｡.:*∞听",
    "likes": 8,
    "reply_time": "2024-11-08 22:43:12"
  },
  {
    "user": "猫同舍",
    "content": "歌曲中青涩的主人公，与歌曲那青涩的创作者\n并非所有人的青春并不一定是热烈飞扬的\n更多人的青春是平凡的\n甚至是迷茫或自我怀疑\n桌面上成堆的试卷，窗外树梢上唱歌的鸟儿\n教学楼底下的猫，还有期待回家的周末\n很普通，很平淡，但我们仍有那么些时候\n回想着做一些喜欢的事\n\n16年接触vc，转眼就24年了，但很久没有听歌，也很久没有看到新的创作者了\n曲子的调调很喜欢，歌词也很有灵性，up加油！！！以后歌曲的调教一定\n会更厉害的",
    "likes": 18,
    "reply_time": "2024-11-11 14:27:25"
  },
  {
    "user": "上善若学习",
    "content": "居然能听到这么真诚的歌……好厉害……",
    "likes": 8,
    "reply_time": "2024-11-13 23:22:21"
  },
  {
    "user": "江楼柳",
    "content": "好好听，很细腻的情感，感觉也透过歌词看到自己，窥见到你",
    "likes": 10,
    "reply_time": "2024-11-16 23:55:19"
  },
  {
    "user": "加点千层蓝莓卷",
    "content": "这几天刚好17又刚好听到这首歌 好治愈啊",
    "likes": 4,
    "reply_time": "2024-11-16 21:02:03"
  },
  {
    "user": "-Xinzen-",
    "content": "因为不被定义，所以没谁能记[傲娇]",
    "likes": 3,
    "reply_time": "2024-11-10 11:33:23"
  },
  {
    "user": "灼見",
    "content": "很棒！很好听！有对未来的期待和面对未知的恐慌，像是刚刚度过一段疲惫的旅行，然后到达一个小站台暂且休息的感觉。孤独但是又自由，有一点小小的渴望被关注，带着一些自卑和期待走向未来。没关系的，在经历了他人评价的浪潮之后，回到自己本身审视自己，带着自己的期待和评价，走得更远吧，不要被他人的意见裹挟而导致自身停滞不前，未来本质上是自己的。",
    "likes": 8,
    "reply_time": "2024-11-09 14:19:31"
  },
  {
    "user": "爷关更",
    "content": "谢谢up写下了我之所想，谢谢天依唱出了我之说想",
    "likes": 6,
    "reply_time": "2024-11-08 12:49:40"
  },
  {
    "user": "MorrowHome",
    "content": "这哪里是水歌啊，这可太好听了[大哭][大哭][大哭]\n“远行的前一天，一只小鸟停在我的窗前”\n“叶子落下的瞬间，虽没人在身边”\n老师的词像诗一样！",
    "likes": 3,
    "reply_time": "2024-11-20 23:45:41"
  },
  {
    "user": "青云笺_",
    "content": "好美的歌，像是毕业时踏出校门那一刻的天空，期抱着留恋与期望[洛天依][洛天依][洛天依]",
    "likes": 7,
    "reply_time": "2024-11-08 17:45:16"
  },
  {
    "user": "听歈",
    "content": "殿堂助攻\n简单的曲绘，pv，平谈的叙述，略带哭腔的调教，朴素却又真实\n一个人啊一个人，不想啊，孤独\n或许这就是音乐的意义吧，＂年少的我好像没有被谁记住”，但至少创作了，付出了，一定会有人记着\n秋雨中，哪怕是一个人，但不会只是一个人\n人生在世，总要做些什么，留下什么\n----------------------------------------------\n好听，老师加油[给心心]",
    "likes": 7,
    "reply_time": "2024-11-16 22:28:44"
  },
  {
    "user": "阿飘漂漂飘飘",
    "content": "“来的来去的去 但也难忘却”真的好喜欢这句，那么多的离别其实都很难忘啊。。",
    "likes": 5,
    "reply_time": "2024-11-17 11:58:49"
  },
  {
    "user": "科尔LANCE",
    "content": "很好听的歌，最近可能压力比较大，也比较消沉，听到这首之后真的很有感觉(//∇//)，真的是把青春写的淋漓尽致，那种纠结与不安以及矛盾的心理才是青春期最真实的体现，很日常的描写，更能让人感同身受。“想写一首属于自己的好听的歌”真的是我最近的想法，奈何没有学过乐理[笑哭]。普通的人可以平凡，但绝对不会平庸，不管是在什么地方，总会发出属于自己的光哪怕多么微弱。真的是非常好的作品，听完之后会让人有一种莫名的平静感[打call][打call]谢谢你。\n加油，同龄人的我看好你[给心心]",
    "likes": 37,
    "reply_time": "2024-11-08 21:01:38"
  },
  {
    "user": "苜里芸吞",
    "content": "快点快点！要殿堂了！！",
    "likes": 4,
    "reply_time": "2024-11-17 11:58:16"
  },
  {
    "user": "清荷泠雨音",
    "content": "感觉像是那种多听几遍回很有回味的歌[打call]",
    "likes": 24,
    "reply_time": "2024-11-01 22:44:51"
  },
  {
    "user": "不练腿的阿迪",
    "content": "即将登临殿堂[歌行宇宙表情包_你相信光吗][歌行宇宙表情包_你相信光吗]见证者，目前8.5万，歌很好听，第4遍了",
    "likes": 3,
    "reply_time": "2024-11-13 00:41:11"
  },
  {
    "user": "哆哆爱露露",
    "content": "劳斯的头\n  肩身体肩\n 手 身体 手\n手  身体   手\n      腿腿    绳\n     腿  腿   绳\n    腿     腿    绳\n   脚        脚        我",
    "likes": 7,
    "reply_time": "2024-11-16 08:27:52"
  },
  {
    "user": "anchez",
    "content": "自从高中毕业后很少听了\n好听✿ヽ(°▽°)ノ✿",
    "likes": 3,
    "reply_time": "2024-11-18 21:19:48"
  },
  {
    "user": "不死鸟尸",
    "content": "豪汀",
    "likes": 3,
    "reply_time": "2024-11-08 21:43:51"
  },
  {
    "user": "初_心_依_然",
    "content": "不清楚是不是现在，但是已经10w了，恭喜[打call][打call][打call]",
    "likes": 3,
    "reply_time": "2024-11-17 16:35:46"
  },
  {
    "user": "不练腿的阿迪",
    "content": "可以，很不错，最近听了不下10首新人制作的原创曲，你这是我第2首喜欢的，质量和调教都不错[歌行宇宙表情包_可靠][歌行宇宙表情包_可靠]",
    "likes": 9,
    "reply_time": "2024-11-01 22:14:23"
  },
  {
    "user": "鸫雉未临",
    "content": "贴着生活行走的歌词｡ﾟ(ﾟ´Д｀)ﾟ｡眼泪要落不落的\n谢谢up 坚定了我的想法 我也要写出自己的歌⁽⁽٩( ´͈ ᗨ `͈ )۶⁾⁾",
    "likes": 10,
    "reply_time": "2024-11-16 17:26:21"
  },
  {
    "user": "那菈籽",
    "content": "很喜欢这样的PV风格不知道为什么www",
    "likes": 4,
    "reply_time": "2024-11-08 20:31:37"
  },
  {
    "user": "白依yu",
    "content": "好厉害，贴近生活的歌词化成泪水带走我心中的郁结[洛天依][洛天依][洛天依]",
    "likes": 3,
    "reply_time": "2024-11-17 01:06:01"
  },
  {
    "user": "X--芒果君",
    "content": "Up的曲子给我带来了我初中第一次听中V时候的感觉，那个时候就是一首抒情曲带我认识了中V，也是大白话般的歌词，却一直感动了我很久……也是那个时候有了写中V曲的念头，有了想拥有一个属于自己的虚拟歌手的念头……感觉听着up的曲子好像又捡回了那个时候的感动，谢谢up❤",
    "likes": 5,
    "reply_time": "2024-11-11 00:33:49"
  },
  {
    "user": "hoki-九刚",
    "content": "每个p主手下的天依都不太一样~",
    "likes": 3,
    "reply_time": "2024-11-18 14:27:33"
  },
  {
    "user": "RetroRefrain",
    "content": "‍woc都八万了，第一次听的时候才几千呢",
    "likes": 3,
    "reply_time": "2024-11-11 19:55:34"
  },
  {
    "user": "尚唯要吃面",
    "content": "理论上来说，明年我就高考了，明年我也成年，学的东西很杂，音乐，美术这些都有涉及，但实际上，也就是在皮毛上走一趟，我反正考不上了，所以一直当了个摆子，假装学习幻想着自己真的能考上[无语]考完之后，按照我自己的计划我可能去一个陌生的城市，看一下能不能找到自己的人生",
    "likes": 9,
    "reply_time": "2024-11-10 02:38:34"
  },
  {
    "user": "爱V依",
    "content": "喜欢！很有少年感ww是青春的模样",
    "likes": 4,
    "reply_time": "2024-11-07 18:21:36"
  },
  {
    "user": "小祺Official",
    "content": "好青春……[洛天依·收藏集表情包_时间歌者][洛天依·收藏集表情包_时间歌者]",
    "likes": 9,
    "reply_time": "2024-11-01 17:14:22"
  }
]