[
  {
    "bv": "BV1zDmwYYEHU",
    "info": {
      "title": "求求你们不要再买迪拜巧克力了",
      "publish_date": "2024-10-16 11:03:14",
      "author": {
        "name": "理论派甜点师小鱼",
        "uid": 28581946
      },
      "view_count": 780646,
      "like_count": 17078,
      "coin_count": 1041,
      "favorite_count": 3067
    }
  },
  {
    "bv": "BV1y724YuErw",
    "info": {
      "title": "今天赶集遇到一条性格温顺稳定的小黄狗，它可爱的小手还会划水呢",
      "publish_date": "2024-10-09 10:59:50",
      "author": {
        "name": "冷风寻犬",
        "uid": 2136759778
      },
      "view_count": 1096603,
      "like_count": 51740,
      "coin_count": 1535,
      "favorite_count": 8181
    }
  },
  {
    "bv": "BV12zB2YjEDe",
    "info": {
      "title": "小米汽车发生大范围故障，同一天有70多辆小米su7发生碰撞",
      "publish_date": "2024-11-23 22:48:17",
      "author": {
        "name": "后海没有海啊",
        "uid": 450453238
      },
      "view_count": 105045,
      "like_count": 4500,
      "coin_count": 1194,
      "favorite_count": 507
    }
  },
  {
    "bv": "BV14ES7YtE33",
    "info": {
      "title": "翻新一只全网最乖的“阿拉斯加犬”洗干净之后 它就是我的梦中情狗！",
      "publish_date": "2024-10-31 16:29:03",
      "author": {
        "name": "沈阳亚尼宠物大澡堂",
        "uid": 487600248
      },
      "view_count": 216554,
      "like_count": 14526,
      "coin_count": 6632,
      "favorite_count": 1004
    }
  },
  {
    "bv": "BV1WRm9YQEQU",
    "info": {
      "title": "我推的孩子大结局！用150话骗人进来！再用10话把粉丝杀光！",
      "publish_date": "2024-11-15 17:20:00",
      "author": {
        "name": "噩梦D",
        "uid": 1816219
      },
      "view_count": 1150232,
      "like_count": 76832,
      "coin_count": 63116,
      "favorite_count": 34703
    }
  },
  {
    "bv": "BV1JFUfYZE16",
    "info": {
      "title": "轰动全国的水变油骗局，号称第五大发明，诈骗上亿元",
      "publish_date": "2024-11-19 11:46:43",
      "author": {
        "name": "蓝星人-ET",
        "uid": 47224192
      },
      "view_count": 573121,
      "like_count": 15136,
      "coin_count": 927,
      "favorite_count": 3209
    }
  },
  {
    "bv": "BV1MrSuY6E1B",
    "info": {
      "title": "“大酒店预制菜”来袭！你就吃吧，活爹！",
      "publish_date": "2024-11-21 16:50:00",
      "author": {
        "name": "穿毛裤的小拉泽",
        "uid": 478691043
      },
      "view_count": 1383820,
      "like_count": 51043,
      "coin_count": 8479,
      "favorite_count": 15226
    }
  },
  {
    "bv": "BV1x1UZYME1Q",
    "info": {
      "title": "假如未来都吃预制菜…",
      "publish_date": "2024-11-19 11:33:14",
      "author": {
        "name": "穆天然-",
        "uid": 1244227141
      },
      "view_count": 695661,
      "like_count": 120391,
      "coin_count": 14870,
      "favorite_count": 23159
    }
  },
  {
    "bv": "BV1h6UUYDEY3",
    "info": {
      "title": "探秘非洲最便宜国家！100元能买什么？到底有多便宜？",
      "publish_date": "2024-11-21 17:40:43",
      "author": {
        "name": "HOLA小测佬",
        "uid": 406636263
      },
      "view_count": 3297697,
      "like_count": 158042,
      "coin_count": 35090,
      "favorite_count": 34637
    }
  },
  {
    "bv": "BV154UdYCE1X",
    "info": {
      "title": "美利坚，你们的“皇帝”要变法，要搞具有中国特色的美国资本主义",
      "publish_date": "2024-11-22 10:28:47",
      "author": {
        "name": "冯无畏",
        "uid": 3546656899336980
      },
      "view_count": 970310,
      "like_count": 45591,
      "coin_count": 3261,
      "favorite_count": 11488
    }
  },
  {
    "bv": "BV1aiDBY8EeY",
    "info": {
      "title": "美国人家里有多少枪？",
      "publish_date": "2024-11-09 18:17:22",
      "author": {
        "name": "KerryDowdle",
        "uid": 1711522882
      },
      "view_count": 2053218,
      "like_count": 156725,
      "coin_count": 57167,
      "favorite_count": 43965
    }
  },
  {
    "bv": "BV1rXB2YqEN6",
    "info": {
      "title": "《关于公司上二休五这件事》",
      "publish_date": "2024-11-24 12:10:00",
      "author": {
        "name": "李什么闯啊",
        "uid": 1699496602
      },
      "view_count": 346933,
      "like_count": 34367,
      "coin_count": 942,
      "favorite_count": 2236
    }
  },
  {
    "bv": "BV1FkBBYVEgF",
    "info": {
      "title": "【享拆】Mac mini（M4）拆解：极致的性价比！",
      "publish_date": "2024-11-22 22:45:56",
      "author": {
        "name": "微机分WekiHome",
        "uid": 347441270
      },
      "view_count": 214161,
      "like_count": 8695,
      "coin_count": 2313,
      "favorite_count": 1641
    }
  },
  {
    "bv": "BV19nByYDEZk",
    "info": {
      "title": "不要慌是技术性调整！2025年1月新番导视！【泛式】",
      "publish_date": "2024-11-23 18:44:34",
      "author": {
        "name": "泛式",
        "uid": 63231
      },
      "view_count": 1236593,
      "like_count": 121634,
      "coin_count": 46485,
      "favorite_count": 24397
    }
  },
  {
    "bv": "BV1eQxce7EGJ",
    "info": {
      "title": "狗子：为啥下雨就不能出去玩",
      "publish_date": "2024-09-28 08:20:00",
      "author": {
        "name": "乡园丫仔",
        "uid": 660296073
      },
      "view_count": 563946,
      "like_count": 19302,
      "coin_count": 2078,
      "favorite_count": 2839
    }
  },
  {
    "bv": "BV1kaUiYqEks",
    "info": {
      "title": "《死神 千年血战篇 第三季》相剋谭 第七集 恋次VS雨龙！恋次大加强！恋神攻防一体！目前观感最好的一集！",
      "publish_date": "2024-11-17 00:03:42",
      "author": {
        "name": "懒人核心",
        "uid": 8492739
      },
      "view_count": 224863,
      "like_count": 10676,
      "coin_count": 3440,
      "favorite_count": 1050
    }
  },
  {
    "bv": "BV1WtBmYCEmC",
    "info": {
      "title": "带一整条和牛去消防救援大队搞事情",
      "publish_date": "2024-11-24 16:00:00",
      "author": {
        "name": "小文哥吃吃吃",
        "uid": 476704454
      },
      "view_count": 176351,
      "like_count": 14011,
      "coin_count": 2866,
      "favorite_count": 976
    }
  },
  {
    "bv": "BV1p3SuYcEaZ",
    "info": {
      "title": "【一点泡菜】白米饭3斤半",
      "publish_date": "2024-11-20 23:26:32",
      "author": {
        "name": "米饭仙人FFyasueda",
        "uid": 3546794552199406
      },
      "view_count": 1738758,
      "like_count": 146153,
      "coin_count": 33102,
      "favorite_count": 8576
    }
  },
  {
    "bv": "BV1nbUXYyE8s",
    "info": {
      "title": "当把狗子从梦中惊醒",
      "publish_date": "2024-11-22 08:20:00",
      "author": {
        "name": "乡园丫仔",
        "uid": 660296073
      },
      "view_count": 141007,
      "like_count": 4272,
      "coin_count": 613,
      "favorite_count": 441
    }
  },
  {
    "bv": "BV1P1BvYyEk1",
    "info": {
      "title": "抗 妖 神 剧",
      "publish_date": "2024-11-22 12:32:55",
      "author": {
        "name": "倒悬的橘子",
        "uid": 40966108
      },
      "view_count": 1606615,
      "like_count": 132919,
      "coin_count": 13270,
      "favorite_count": 25570
    }
  },
  {
    "bv": "BV14imoYaEqu",
    "info": {
      "title": "如何让你的猫崇拜你？4步培养舔猫…",
      "publish_date": "2024-11-15 18:04:29",
      "author": {
        "name": "宠物研究Z所长",
        "uid": 41130694
      },
      "view_count": 2576006,
      "like_count": 14622,
      "coin_count": 2644,
      "favorite_count": 78732
    }
  },
  {
    "bv": "BV1waDqY5ExW",
    "info": {
      "title": "华农兄弟：路过兄弟家，帮他喂一下竹鼠，顺便搞2只回去",
      "publish_date": "2024-11-09 18:00:00",
      "author": {
        "name": "华农兄弟",
        "uid": 250858633
      },
      "view_count": 2746435,
      "like_count": 162641,
      "coin_count": 44763,
      "favorite_count": 11639
    }
  },
  {
    "bv": "BV1zZUWYwE8P",
    "info": {
      "title": "她肯定是无辜的！《美丽的嫌疑人》四川方言版",
      "publish_date": "2024-11-18 17:16:55",
      "author": {
        "name": "文西与阿漆",
        "uid": 94281836
      },
      "view_count": 824449,
      "like_count": 37651,
      "coin_count": 4901,
      "favorite_count": 5662
    }
  },
  {
    "bv": "BV1iKSMY1EFP",
    "info": {
      "title": "上海老年人一说普通话，大家都笑了",
      "publish_date": "2024-11-21 18:00:00",
      "author": {
        "name": "好叫好伐",
        "uid": 473532576
      },
      "view_count": 160596,
      "like_count": 7064,
      "coin_count": 2101,
      "favorite_count": 1092
    }
  },
  {
    "bv": "BV1XsDpYQEXq",
    "info": {
      "title": "一年蒸发10亿元！从网红白酒到狗都不喝，江小白为啥不火了？",
      "publish_date": "2024-11-04 18:11:34",
      "author": {
        "name": "财经不眠姐",
        "uid": 531131239
      },
      "view_count": 2078143,
      "like_count": 44578,
      "coin_count": 3170,
      "favorite_count": 6358
    }
  },
  {
    "bv": "BV1VeSuYLEMc",
    "info": {
      "title": "【极致干香】无水番茄鸡蛋炒饭🥚🍅🍚",
      "publish_date": "2024-11-21 19:30:00",
      "author": {
        "name": "春姜月明",
        "uid": 518499866
      },
      "view_count": 351080,
      "like_count": 14365,
      "coin_count": 1248,
      "favorite_count": 5234
    }
  },
  {
    "bv": "BV1f7UdYUEa4",
    "info": {
      "title": "一意孤行：美国第5次否决加沙停火决议，这次理由是啥？",
      "publish_date": "2024-11-22 11:54:10",
      "author": {
        "name": "小Q不是导盲犬",
        "uid": 546189
      },
      "view_count": 1456863,
      "like_count": 69279,
      "coin_count": 12234,
      "favorite_count": 9579
    }
  }
]