视频标题,视频BV号,弹幕出现时间,类型,字体大小,颜色,发送时间,弹幕池,用户哈希,弹幕ID,弹幕内容
《崩坏：星穹铁道》演唱会动画CM：「演出开始前」,BV1Dr421u7fQ,2.301,5,25,16777215,2024-04-30 12:01:54,0,5a4e9ad2,1571677134752484096,米哈游，一款年轻人的准点报时器
《崩坏：星穹铁道》演唱会动画CM：「演出开始前」,BV1Dr421u7fQ,81.643,5,25,16777215,2024-04-30 12:04:34,0,ac4ebd5d,1571678474740005632,全员到齐，演出开始
《崩坏：星穹铁道》演唱会动画CM：「演出开始前」,BV1Dr421u7fQ,31.623,5,25,16777215,2024-04-30 12:01:14,0,f7b4ad41,1571676801053659392,不 愧 是 我
《崩坏：星穹铁道》演唱会动画CM：「演出开始前」,BV1Dr421u7fQ,55.859,5,25,16777215,2024-04-30 12:02:26,0,d4fc363,1571677400855860224,超高校级的幸运儿.jpg
《崩坏：星穹铁道》演唱会动画CM：「演出开始前」,BV1Dr421u7fQ,54.011,1,25,16707842,2024-04-30 12:18:35,0,8fff05f,1571685534693420032,砂金踩到猫猫糕的尾巴了
《崩坏：星穹铁道》演唱会动画CM：「演出开始前」,BV1Dr421u7fQ,54.18,1,25,16777215,2024-04-30 12:18:59,0,98a0d40a,1571685728352763136,他们都能凑一起开演唱会了养点猫猫糕怎么了（）
《崩坏：星穹铁道》演唱会动画CM：「演出开始前」,BV1Dr421u7fQ,87.051,1,25,16777215,2024-04-30 12:15:25,0,bfe8a3e9,1571683933534435328,知更鸟本职出演
《崩坏：星穹铁道》演唱会动画CM：「演出开始前」,BV1Dr421u7fQ,53.053,5,25,15138834,2024-04-30 12:03:14,0,c17f63e6,1571677806931660032,所以为什么砂金房间里会有猫猫糕啊
《崩坏：星穹铁道》演唱会动画CM：「演出开始前」,BV1Dr421u7fQ,47.848,5,25,15772458,2024-04-30 12:03:26,0,1145e3f3,1571677902502885888,砂金！！！！！！嘶哈嘶哈
《崩坏：星穹铁道》演唱会动画CM：「演出开始前」,BV1Dr421u7fQ,32.883,5,25,41194,2024-04-30 20:12:24,0,9f0b5ea1,1571924011460582912,不好意思，這不能忍，就讓這一輪月華⋯⋯照徹萬川！！！！！！！！！！！！！！！
《崩坏：星穹铁道》演唱会动画CM：「演出开始前」,BV1Dr421u7fQ,36.519,5,25,41194,2024-04-30 12:03:40,0,4404595f,1571678020513613312,彦卿可爱！
《崩坏：星穹铁道》演唱会动画CM：「演出开始前」,BV1Dr421u7fQ,30.792,1,25,15772458,2024-04-30 22:17:32,0,b2a99625,1571986992424709632,星：本关考验你听声辨位功夫
《崩坏：星穹铁道》演唱会动画CM：「演出开始前」,BV1Dr421u7fQ,31.25,1,25,16777215,2024-04-30 12:03:07,0,4ffd2641,1571677744830630400,东北方一个，东方一个
《崩坏：星穹铁道》演唱会动画CM：「演出开始前」,BV1Dr421u7fQ,78.606,5,25,16707842,2024-04-30 17:52:00,0,252cadab,1571853343931217920,《選擇你的英雄》
《崩坏：星穹铁道》演唱会动画CM：「演出开始前」,BV1Dr421u7fQ,7.549,5,25,6830715,2024-04-30 12:01:32,0,1a13078,1571676952778312704,卡芙卡妈妈——
《崩坏：星穹铁道》演唱会动画CM：「演出开始前」,BV1Dr421u7fQ,37.498,1,25,16777215,2024-04-30 12:01:42,0,cbfc8793,1571677033694816512,承包空屏
《崩坏：星穹铁道》演唱会动画CM：「演出开始前」,BV1Dr421u7fQ,19.966,1,25,16777215,2024-04-30 12:04:43,0,4ca95be4,1571678553417063168,这个头像，米哈游是会玩梗的
《崩坏：星穹铁道》演唱会动画CM：「演出开始前」,BV1Dr421u7fQ,48.444,5,25,16707842,2024-04-30 12:42:13,0,1d5b49c0,1571697422391066880,砂金你好帅！！！！
《崩坏：星穹铁道》演唱会动画CM：「演出开始前」,BV1Dr421u7fQ,6.505,5,25,14811775,2024-04-30 12:10:32,0,9ae695d1,1571681477417245184,左边戴帽子的知更鸟
《崩坏：星穹铁道》演唱会动画CM：「演出开始前」,BV1Dr421u7fQ,47.678,1,25,16707842,2024-04-30 12:49:48,0,a33278a3,1571701241849918208,兄弟你好香
《崩坏：星穹铁道》演唱会动画CM：「演出开始前」,BV1Dr421u7fQ,31.939,1,25,16777215,2024-04-30 12:21:03,0,1ab0f39a,1571686775628622336,哦对了，开拓者还不认识镜流
《崩坏：星穹铁道》演唱会动画CM：「演出开始前」,BV1Dr421u7fQ,19.577,5,25,15138834,2024-04-30 12:01:31,0,2e16dbf5,1571676937636968704,米哈游我要这个啊啊啊！！！这么好看为什么不出！
《崩坏：星穹铁道》演唱会动画CM：「演出开始前」,BV1Dr421u7fQ,49.916,5,25,15138834,2024-04-30 12:12:01,0,814db120,1571682229153717760,砂金的起床颜！好看爱看！（发出猴叫）
《崩坏：星穹铁道》演唱会动画CM：「演出开始前」,BV1Dr421u7fQ,10.654,1,25,16777215,2024-04-30 19:37:05,0,a67ff1d0,1571906232711664896,飞碟社：还好我没和崩铁签
《崩坏：星穹铁道》演唱会动画CM：「演出开始前」,BV1Dr421u7fQ,33.155,1,25,16777215,2024-04-30 12:07:05,0,4c8fa5c3,1571679738995431424,彦卿：师祖在干嘛
《崩坏：星穹铁道》演唱会动画CM：「演出开始前」,BV1Dr421u7fQ,7.375,5,25,16777215,2024-04-30 12:13:39,0,a3efca5b,1571683046405477376,注：画面左边是变装的知更鸟 
《崩坏：星穹铁道》演唱会动画CM：「演出开始前」,BV1Dr421u7fQ,47.864,1,25,16777215,2024-04-30 12:28:07,0,7feff1e,1571690332776024832,啊啊啊砂金睡觉记得盖好肚
《崩坏：星穹铁道》演唱会动画CM：「演出开始前」,BV1Dr421u7fQ,56.723,1,25,16707842,2024-04-30 20:56:09,0,b15b176e,1571946033343206144,哎呦，看给宝宝帅的，这个委屈的小眼神，爱死了!!!
《崩坏：星穹铁道》演唱会动画CM：「演出开始前」,BV1Dr421u7fQ,54.745,1,25,15772458,2024-04-30 14:15:33,0,b5c465d2,1571744405768111616,宝宝没睡醒太可爱了，宝好。我爱看宝宝摔跤，我坏。
《崩坏：星穹铁道》演唱会动画CM：「演出开始前」,BV1Dr421u7fQ,94.221,1,25,16777215,2024-04-30 12:29:43,0,f6644ddd,1571691136597353472,虽然但是有两个人是通缉犯
《崩坏：星穹铁道》演唱会动画CM：「演出开始前」,BV1Dr421u7fQ,59.852,5,25,16777215,2024-04-30 12:02:53,0,957d5ea9,1571677631139716096,钟表小子单推人（确信）
《崩坏：星穹铁道》演唱会动画CM：「演出开始前」,BV1Dr421u7fQ,61.244,5,25,16777215,2024-04-30 12:01:51,0,12904343,1571677107984223744,摆阵
《崩坏：星穹铁道》演唱会动画CM：「演出开始前」,BV1Dr421u7fQ,76.701,5,25,41194,2024-04-30 12:07:06,0,1dc63f61,1571679749699672064,彦卿：我对知更鸟，真的假的
《崩坏：星穹铁道》演唱会动画CM：「演出开始前」,BV1Dr421u7fQ,58.328,5,25,41194,2024-04-30 12:07:26,0,f0f0779e,1571679920122558464,阿华（bushi）
《崩坏：星穹铁道》演唱会动画CM：「演出开始前」,BV1Dr421u7fQ,47.955,5,25,16777215,2024-04-30 12:02:03,0,70722ab6,1571677212128660480,斯哈斯哈
《崩坏：星穹铁道》演唱会动画CM：「演出开始前」,BV1Dr421u7fQ,33.574,1,25,16777215,2024-04-30 12:04:05,0,e99f9b3,1571678236386432256,只给两个？照彻万川！
《崩坏：星穹铁道》演唱会动画CM：「演出开始前」,BV1Dr421u7fQ,17.755,5,25,41194,2024-04-30 12:15:34,0,d2a6613f,1571684013234822144,后面知更鸟
《崩坏：星穹铁道》演唱会动画CM：「演出开始前」,BV1Dr421u7fQ,25.961,1,25,16777215,2024-04-30 12:02:56,0,46108b41,1571677650441756160,偶遇街头卖艺的老太
《崩坏：星穹铁道》演唱会动画CM：「演出开始前」,BV1Dr421u7fQ,76.32,5,25,13369971,2024-04-30 12:51:42,0,9cf14d91,1571702201129365504,笛  剑
《崩坏：星穹铁道》演唱会动画CM：「演出开始前」,BV1Dr421u7fQ,66.972,1,25,16777215,2024-04-30 12:03:34,0,7049de5a,1571677971247438592,钟表小子厨
《崩坏：星穹铁道》演唱会动画CM：「演出开始前」,BV1Dr421u7fQ,97.179,5,25,41194,2024-04-30 12:06:33,0,93fdb439,1571679473059785216,彦庆最有排面的一集。
《崩坏：星穹铁道》演唱会动画CM：「演出开始前」,BV1Dr421u7fQ,76.524,5,25,41194,2024-04-30 13:24:46,0,7748972f,1571718840101156608,宝宝耍笛子好帅好帅
《崩坏：星穹铁道》演唱会动画CM：「演出开始前」,BV1Dr421u7fQ,83.659,5,25,15138834,2024-04-30 18:10:08,0,33855e53,1571862467691329280,这里刚好是19点，太细了
《崩坏：星穹铁道》演唱会动画CM：「演出开始前」,BV1Dr421u7fQ,31.209,1,25,16707842,2024-04-30 12:08:50,0,e9abdcea,1571680622424888832,不愧是爷
《崩坏：星穹铁道》演唱会动画CM：「演出开始前」,BV1Dr421u7fQ,48.359,1,25,16707842,2024-04-30 12:03:10,0,fe859433,1571677770273029376,宝宝。你是个蜂蜜小面包！！！！！！
《崩坏：星穹铁道》演唱会动画CM：「演出开始前」,BV1Dr421u7fQ,56.95,1,25,16777215,2024-04-30 12:12:13,0,72a2e35d,1571682329062231552,怎么一堆猫猫糕在砂金卧室？
《崩坏：星穹铁道》演唱会动画CM：「演出开始前」,BV1Dr421u7fQ,94.939,5,25,15138834,2024-04-30 12:04:21,0,18adbb29,1571678368993299712,天 外 大 合 唱
《崩坏：星穹铁道》演唱会动画CM：「演出开始前」,BV1Dr421u7fQ,30.225,1,25,16777215,2024-04-30 12:02:02,0,5bd37a8f,1571677197666863104,这下真成盲人二胡了
《崩坏：星穹铁道》演唱会动画CM：「演出开始前」,BV1Dr421u7fQ,26.881,1,25,16777215,2024-04-30 12:00:50,0,dfa59bb6,1571676597679891456,年轻人的准点报时器
《崩坏：星穹铁道》演唱会动画CM：「演出开始前」,BV1Dr421u7fQ,95.529,5,25,16707842,2024-04-30 16:25:16,0,ab793d37,1571809689312919808,《镜流》
《崩坏：星穹铁道》演唱会动画CM：「演出开始前」,BV1Dr421u7fQ,93.542,1,25,16777215,2024-04-30 12:04:05,0,25937b10,1571678233710100480,欢迎来到协乐大典（bushi）
《崩坏：星穹铁道》演唱会动画CM：「演出开始前」,BV1Dr421u7fQ,47.914,1,25,16777215,2024-04-30 15:06:44,0,76bee372,1571770165119909120,小孔雀的睡颜
《崩坏：星穹铁道》演唱会动画CM：「演出开始前」,BV1Dr421u7fQ,17.554,4,25,41194,2024-04-30 12:12:51,0,8ecd5edd,1571682648785662720,左下角拿着大包小包的镜流
《崩坏：星穹铁道》演唱会动画CM：「演出开始前」,BV1Dr421u7fQ,42.657,1,25,16777215,2024-04-30 12:04:04,0,950c8ca4,1571678225909035520,图书馆邀请函（）
《崩坏：星穹铁道》演唱会动画CM：「演出开始前」,BV1Dr421u7fQ,17.855,1,25,16777215,2024-11-26 16:58:24,0,2c76af1,1724029273872045568,她真好看
《崩坏：星穹铁道》演唱会动画CM：「演出开始前」,BV1Dr421u7fQ,17.157,1,25,16777215,2024-11-26 08:25:47,0,f795902d,1723771260917813504,她真好看
《崩坏：星穹铁道》演唱会动画CM：「演出开始前」,BV1Dr421u7fQ,3.326,1,25,16777215,2024-11-26 02:21:33,0,11bf7451,1723587941530029056,啊？
《崩坏：星穹铁道》演唱会动画CM：「演出开始前」,BV1Dr421u7fQ,17.5,1,25,16777215,2024-11-26 00:06:18,0,60eb458c,1723519863386878720,她真好看
《崩坏：星穹铁道》演唱会动画CM：「演出开始前」,BV1Dr421u7fQ,14.664,1,25,16777215,2024-11-25 22:11:24,0,b2dee55e,1723462035544694016,她真好看
《崩坏：星穹铁道》演唱会动画CM：「演出开始前」,BV1Dr421u7fQ,3.843,1,25,16777215,2024-11-25 22:11:17,0,b2dee55e,1723461971178820096,啊？
《崩坏：星穹铁道》演唱会动画CM：「演出开始前」,BV1Dr421u7fQ,6.38,1,25,16777215,2024-11-25 21:59:42,0,4d13b43,1723456141826114304,啊？
《崩坏：星穹铁道》演唱会动画CM：「演出开始前」,BV1Dr421u7fQ,12.926,1,25,16777215,2024-11-25 19:31:02,0,6e085c04,1723381315023283456,她真好看
《崩坏：星穹铁道》演唱会动画CM：「演出开始前」,BV1Dr421u7fQ,3.231,1,25,16777215,2024-11-25 19:30:52,0,6e085c04,1723381233922129920,啊？
《崩坏：星穹铁道》演唱会动画CM：「演出开始前」,BV1Dr421u7fQ,22.433,1,25,16777215,2024-11-25 16:55:43,0,d1f691a6,1723303145855675136,卡妈！
《崩坏：星穹铁道》演唱会动画CM：「演出开始前」,BV1Dr421u7fQ,19.081,1,25,16777215,2024-11-25 16:55:05,0,d1f691a6,1723302828992668672,她真好看
《崩坏：星穹铁道》演唱会动画CM：「演出开始前」,BV1Dr421u7fQ,5.371,1,25,16777215,2024-11-25 15:35:46,0,41e66b57,1723262903513019392,啊？
《崩坏：星穹铁道》演唱会动画CM：「演出开始前」,BV1Dr421u7fQ,50.791,1,25,16777215,2024-11-25 14:24:16,0,5c4020ad,1723226917886539776,宝宝还在睡呢？
《崩坏：星穹铁道》演唱会动画CM：「演出开始前」,BV1Dr421u7fQ,40.631,1,25,16777215,2024-11-25 14:23:54,0,5c4020ad,1723226735400515072,彦卿：好多神金，有点害怕
《崩坏：星穹铁道》演唱会动画CM：「演出开始前」,BV1Dr421u7fQ,6.17,1,25,16777215,2024-11-25 13:38:58,0,410bbd6d,1723204119948780032,啊？
《崩坏：星穹铁道》演唱会动画CM：「演出开始前」,BV1Dr421u7fQ,1.627,1,25,16777215,2024-11-25 12:20:06,0,c3bd16b3,1723164420609439232,啊？
《崩坏：星穹铁道》演唱会动画CM：「演出开始前」,BV1Dr421u7fQ,2.528,1,25,16777215,2024-11-25 11:49:37,0,de55608c,1723149078130870272,啊？
《崩坏：星穹铁道》演唱会动画CM：「演出开始前」,BV1Dr421u7fQ,5.639,1,25,16777215,2024-11-25 11:33:46,0,310b6e0a,1723141102292363264,啊？
《崩坏：星穹铁道》演唱会动画CM：「演出开始前」,BV1Dr421u7fQ,12.025,1,25,16777215,2024-11-25 03:40:01,0,86a7c706,1722902653543454976,她真好看
《崩坏：星穹铁道》演唱会动画CM：「演出开始前」,BV1Dr421u7fQ,3.768,1,25,16777215,2024-11-25 03:39:53,0,86a7c706,1722902584572296448,啊？
《崩坏：星穹铁道》演唱会动画CM：「演出开始前」,BV1Dr421u7fQ,14.622,1,25,16777215,2024-11-25 01:17:09,0,947e5981,1722830747393872128,她真好看
《崩坏：星穹铁道》演唱会动画CM：「演出开始前」,BV1Dr421u7fQ,14.622,1,25,16777215,2024-11-25 01:16:59,0,947e5981,1722830665781308416,她真好看
《崩坏：星穹铁道》演唱会动画CM：「演出开始前」,BV1Dr421u7fQ,14.622,1,25,16777215,2024-11-25 01:16:49,0,947e5981,1722830584520736000,她真好看
《崩坏：星穹铁道》演唱会动画CM：「演出开始前」,BV1Dr421u7fQ,13.669,1,25,16777215,2024-11-24 21:35:41,0,ea6edb14,1722719284453109248,她真好看
《崩坏：星穹铁道》演唱会动画CM：「演出开始前」,BV1Dr421u7fQ,6.207,1,25,16777215,2024-11-24 19:46:55,0,e5aa1ffe,1722664532201466624,啊？
《崩坏：星穹铁道》演唱会动画CM：「演出开始前」,BV1Dr421u7fQ,13.224,1,25,16777215,2024-11-24 18:47:24,0,3f2db6f3,1722634580147667968,她真好看
《崩坏：星穹铁道》演唱会动画CM：「演出开始前」,BV1Dr421u7fQ,15.366,1,25,16777215,2024-11-24 17:35:18,0,9f28f26f,1722598289938949120,她真好看
《崩坏：星穹铁道》演唱会动画CM：「演出开始前」,BV1Dr421u7fQ,5.699,1,25,16777215,2024-11-24 17:35:08,0,9f28f26f,1722598208326236672,啊？
《崩坏：星穹铁道》演唱会动画CM：「演出开始前」,BV1Dr421u7fQ,3.075,1,25,16777215,2024-11-24 17:34:44,0,3ea5e89,1722598004994634752,啊？
《崩坏：星穹铁道》演唱会动画CM：「演出开始前」,BV1Dr421u7fQ,20.841,1,25,14811775,2024-11-24 15:29:13,0,6afcc6b7,1722534831788890112,妈！！！！！！！！！！！！！！！！！！！！！！
《崩坏：星穹铁道》演唱会动画CM：「演出开始前」,BV1Dr421u7fQ,3.374,1,25,16777215,2024-11-24 12:54:58,0,53dd84ef,1722457194626775040,啊？
《崩坏：星穹铁道》演唱会动画CM：「演出开始前」,BV1Dr421u7fQ,36.334,5,25,41194,2024-11-24 12:51:32,0,cc78f4b5,1722455470943321600,普通战技，不是强化战技
《崩坏：星穹铁道》演唱会动画CM：「演出开始前」,BV1Dr421u7fQ,5.146,1,25,16777215,2024-11-24 11:49:13,0,f90fe10c,1722424098690482176,啊？
《崩坏：星穹铁道》演唱会动画CM：「演出开始前」,BV1Dr421u7fQ,18.089,1,25,16777215,2024-11-24 11:48:37,0,4716e85b,1722423796062843136,她真好看
《崩坏：星穹铁道》演唱会动画CM：「演出开始前」,BV1Dr421u7fQ,2.964,1,25,16777215,2024-11-24 11:45:30,0,2c833f22,1722422235320409088,啊？
《崩坏：星穹铁道》演唱会动画CM：「演出开始前」,BV1Dr421u7fQ,53.25,1,25,16777215,2024-11-24 10:39:37,0,cc93af4e,1722389072988876800,啊啊啊，帅死我了
《崩坏：星穹铁道》演唱会动画CM：「演出开始前」,BV1Dr421u7fQ,23.242,1,25,16777215,2024-11-24 10:38:36,0,cc93af4e,1722388562835498240,卡妈，好米
《崩坏：星穹铁道》演唱会动画CM：「演出开始前」,BV1Dr421u7fQ,11.547,1,25,16777215,2024-11-24 09:47:26,0,7be0baca,1722362807703377408,她真好看
《崩坏：星穹铁道》演唱会动画CM：「演出开始前」,BV1Dr421u7fQ,12.527,1,25,16777215,2024-11-24 08:24:43,0,b5bf7cae,1722321171426886656,她真好看
《崩坏：星穹铁道》演唱会动画CM：「演出开始前」,BV1Dr421u7fQ,17.044,1,25,16777215,2024-11-24 02:58:11,0,feb78229,1722156820719772416,她真好看
《崩坏：星穹铁道》演唱会动画CM：「演出开始前」,BV1Dr421u7fQ,9.059,1,25,16777215,2024-11-24 02:57:58,0,feb78229,1722156712447880704,啊？
《崩坏：星穹铁道》演唱会动画CM：「演出开始前」,BV1Dr421u7fQ,3.292,1,25,16777215,2024-11-24 01:43:15,0,e26703ea,1722119110948814080,啊？
《崩坏：星穹铁道》演唱会动画CM：「演出开始前」,BV1Dr421u7fQ,1.826,1,25,16777215,2024-11-24 01:35:29,0,8ec2b239,1722115203887557120,啊？
《崩坏：星穹铁道》演唱会动画CM：「演出开始前」,BV1Dr421u7fQ,14.259,1,25,16777215,2024-11-23 10:57:42,0,35171c98,1721673400717636352,她真好看
《崩坏：星穹铁道》演唱会动画CM：「演出开始前」,BV1Dr421u7fQ,5.284,1,25,16777215,2024-11-23 10:57:34,0,35171c98,1721673326176274944,啊？
《崩坏：星穹铁道》演唱会动画CM：「演出开始前」,BV1Dr421u7fQ,40.059,1,25,16777215,2024-11-23 07:11:09,0,91bfda1b,1721559373002050048,照彻万川
《崩坏：星穹铁道》演唱会动画CM：「演出开始前」,BV1Dr421u7fQ,28.139,1,25,16777215,2024-11-23 07:10:28,0,91bfda1b,1721559029849480960,二泉映月
《崩坏：星穹铁道》演唱会动画CM：「演出开始前」,BV1Dr421u7fQ,7.579,1,25,16777215,2024-11-23 07:10:04,0,91bfda1b,1721558827382033664,欢迎回来
《崩坏：星穹铁道》演唱会动画CM：「演出开始前」,BV1Dr421u7fQ,16.842,1,25,16777215,2024-11-23 04:37:38,0,84bf147e,1721482099611109888,她真好看
《崩坏：星穹铁道》演唱会动画CM：「演出开始前」,BV1Dr421u7fQ,16.555,1,25,16777215,2024-11-23 01:31:29,0,4634cdaf,1721388410251393280,她真好看
《崩坏：星穹铁道》演唱会动画CM：「演出开始前」,BV1Dr421u7fQ,1.448,1,25,16777215,2024-11-22 12:20:11,0,83fb953,1720990135417490688,啊？
《崩坏：星穹铁道》演唱会动画CM：「演出开始前」,BV1Dr421u7fQ,2.437,1,25,16777215,2024-11-21 23:28:17,0,cdcfc769,1720601627221719808,啊？
《崩坏：星穹铁道》演唱会动画CM：「演出开始前」,BV1Dr421u7fQ,1.798,1,25,16777215,2024-11-21 23:25:37,0,f66f8f80,1720600283082063872,啊？
《崩坏：星穹铁道》演唱会动画CM：「演出开始前」,BV1Dr421u7fQ,17.065,1,25,16777215,2024-11-21 22:55:58,0,e6e35b1a,1720585361241612032,她真好看
《崩坏：星穹铁道》演唱会动画CM：「演出开始前」,BV1Dr421u7fQ,2.811,1,25,16777215,2024-11-21 22:26:31,0,d6a4df1f,1720570537237389568,啊？
《崩坏：星穹铁道》演唱会动画CM：「演出开始前」,BV1Dr421u7fQ,49.49,1,25,15772458,2024-11-21 20:27:02,0,1e58aead,1720510401688936448,卡卡瓦夏！！
《崩坏：星穹铁道》演唱会动画CM：「演出开始前」,BV1Dr421u7fQ,15.641,1,25,16777215,2024-11-21 17:17:06,0,7fbde149,1720414806965614336,她真好看
《崩坏：星穹铁道》演唱会动画CM：「演出开始前」,BV1Dr421u7fQ,3.194,1,25,16777215,2024-11-21 17:16:54,0,7fbde149,1720414702401685504,啊？
《崩坏：星穹铁道》演唱会动画CM：「演出开始前」,BV1Dr421u7fQ,4.555,1,25,16777215,2024-11-21 15:40:28,0,8599d540,1720366170671981312,啊？
《崩坏：星穹铁道》演唱会动画CM：「演出开始前」,BV1Dr421u7fQ,18.408,1,25,16777215,2024-11-21 10:02:26,0,13b12374,1720196028445661952,她真好看
《崩坏：星穹铁道》演唱会动画CM：「演出开始前」,BV1Dr421u7fQ,5.299,1,25,16777215,2024-11-21 09:28:57,0,f5a1c68a,1720179175715425280,啊？
《崩坏：星穹铁道》演唱会动画CM：「演出开始前」,BV1Dr421u7fQ,12.312,1,25,16777215,2024-11-20 19:24:38,0,c154c36e,1719754217943669248,她真好看
《崩坏：星穹铁道》演唱会动画CM：「演出开始前」,BV1Dr421u7fQ,13.155,1,25,16777215,2024-11-20 12:41:15,0,74284c11,1719551188455847424,她真好看
《崩坏：星穹铁道》演唱会动画CM：「演出开始前」,BV1Dr421u7fQ,14.875,1,25,16777215,2024-11-20 10:53:56,0,20cfc8bf,1719497171306522624,她真好看
《崩坏：星穹铁道》演唱会动画CM：「演出开始前」,BV1Dr421u7fQ,6.859,1,25,16777215,2024-11-20 10:30:01,0,ac743675,1719485136506631680,啊？
《崩坏：星穹铁道》演唱会动画CM：「演出开始前」,BV1Dr421u7fQ,11.369,1,25,16777215,2024-11-20 08:19:46,0,13b12374,1719419583225960960,她真好看
《崩坏：星穹铁道》演唱会动画CM：「演出开始前」,BV1Dr421u7fQ,4.731,1,25,16777215,2024-11-20 01:23:23,0,9223d911,1719210007637573376,啊？
《崩坏：星穹铁道》演唱会动画CM：「演出开始前」,BV1Dr421u7fQ,4.781,1,25,16777215,2024-11-19 19:59:59,0,dcedba84,1719047236245100800,啊？
《崩坏：星穹铁道》演唱会动画CM：「演出开始前」,BV1Dr421u7fQ,4.967,1,25,16777215,2024-11-19 19:35:03,0,a6b936a8,1719034684153348608,啊？
《崩坏：星穹铁道》演唱会动画CM：「演出开始前」,BV1Dr421u7fQ,14.983,1,25,16777215,2024-11-19 18:20:13,0,48cf3315,1718997023069413376,她真好看
《崩坏：星穹铁道》演唱会动画CM：「演出开始前」,BV1Dr421u7fQ,10.159,1,25,16777215,2024-11-19 15:05:47,0,1192ba7,1718899154664585728,她真好看
《崩坏：星穹铁道》演唱会动画CM：「演出开始前」,BV1Dr421u7fQ,6.737,1,25,16777215,2024-11-18 21:16:46,0,d0bfa03c,1718361105472913920,啊？
《崩坏：星穹铁道》演唱会动画CM：「演出开始前」,BV1Dr421u7fQ,1.329,1,25,16777215,2024-11-18 19:01:03,0,1b93920f,1718292800385046528,啊？
《崩坏：星穹铁道》演唱会动画CM：「演出开始前」,BV1Dr421u7fQ,9.15,1,25,16777215,2024-11-18 13:45:16,0,43ee5fd1,1718133857359780352,啊？
《崩坏：星穹铁道》演唱会动画CM：「演出开始前」,BV1Dr421u7fQ,3.731,1,25,16777215,2024-11-18 09:26:22,0,7bb1cf11,1718003551013421568,啊？
《崩坏：星穹铁道》演唱会动画CM：「演出开始前」,BV1Dr421u7fQ,6.124,1,25,16777215,2024-11-18 00:52:01,0,c9b9e376,1717744668571222528,啊？
《崩坏：星穹铁道》演唱会动画CM：「演出开始前」,BV1Dr421u7fQ,3.651,1,25,16777215,2024-11-17 20:58:21,0,c9c9ada4,1717627062208071424,啊？
《崩坏：星穹铁道》演唱会动画CM：「演出开始前」,BV1Dr421u7fQ,11.217,1,25,16777215,2024-11-17 20:22:55,0,5d8e98f1,1717609225452684032,她真好看
《崩坏：星穹铁道》演唱会动画CM：「演出开始前」,BV1Dr421u7fQ,16.851,1,25,16777215,2024-11-17 20:04:39,0,fc1ab4a1,1717600035480403456,她真好看
《崩坏：星穹铁道》演唱会动画CM：「演出开始前」,BV1Dr421u7fQ,3.274,1,25,16777215,2024-11-17 18:10:27,0,4f50dd02,1717542549289784320,啊？
《崩坏：星穹铁道》演唱会动画CM：「演出开始前」,BV1Dr421u7fQ,2.647,1,25,16777215,2024-11-17 16:49:38,0,7520bed0,1717501879061755648,啊？
《崩坏：星穹铁道》演唱会动画CM：「演出开始前」,BV1Dr421u7fQ,1.679,1,25,16777215,2024-11-17 16:29:08,0,e8793088,1717491555830607872,啊？
《崩坏：星穹铁道》演唱会动画CM：「演出开始前」,BV1Dr421u7fQ,5.534,1,25,16777215,2024-11-17 15:39:07,0,547625,1717466387372998144,啊？
《崩坏：星穹铁道》演唱会动画CM：「演出开始前」,BV1Dr421u7fQ,3.353,1,25,16777215,2024-11-17 15:08:35,0,20b54baa,1717451018193080320,啊？
《崩坏：星穹铁道》演唱会动画CM：「演出开始前」,BV1Dr421u7fQ,13.341,1,25,16777215,2024-11-17 14:05:20,0,43a314ea,1717419184130473216,她真好看
《崩坏：星穹铁道》演唱会动画CM：「演出开始前」,BV1Dr421u7fQ,5.172,1,25,16777215,2024-11-17 13:15:19,0,f6630037,1717394005748325888,啊？
《崩坏：星穹铁道》演唱会动画CM：「演出开始前」,BV1Dr421u7fQ,17.613,1,25,16777215,2024-11-17 13:02:06,0,eb5563ac,1717387351501679360,她真好看
《崩坏：星穹铁道》演唱会动画CM：「演出开始前」,BV1Dr421u7fQ,1.683,1,25,16777215,2024-11-17 12:32:08,0,2bd395ab,1717372270294340096,啊？
《崩坏：星穹铁道》演唱会动画CM：「演出开始前」,BV1Dr421u7fQ,14.933,1,25,16777215,2024-11-17 09:06:19,0,a19e67dc,1717268681287385856,她真好看
《崩坏：星穹铁道》演唱会动画CM：「演出开始前」,BV1Dr421u7fQ,7.355,1,25,16777215,2024-11-17 09:05:56,0,a19e67dc,1717268488651471360,啊？
《崩坏：星穹铁道》演唱会动画CM：「演出开始前」,BV1Dr421u7fQ,3.51,1,25,16777215,2024-11-17 05:31:56,0,3f83a8d9,1717160776508643840,啊？
《崩坏：星穹铁道》演唱会动画CM：「演出开始前」,BV1Dr421u7fQ,12.599,1,25,16777215,2024-11-17 01:47:12,0,fbda8dbf,1717047668679135232,她真好看
《崩坏：星穹铁道》演唱会动画CM：「演出开始前」,BV1Dr421u7fQ,4.654,1,25,16777215,2024-11-17 01:47:04,0,fbda8dbf,1717047602484789248,啊？
《崩坏：星穹铁道》演唱会动画CM：「演出开始前」,BV1Dr421u7fQ,13.111,1,25,16777215,2024-11-17 00:10:02,0,c0e35a14,1716998759738555392,她真好看
《崩坏：星穹铁道》演唱会动画CM：「演出开始前」,BV1Dr421u7fQ,5.94,1,25,16777215,2024-11-17 00:09:55,0,c0e35a14,1716998700112482560,啊？
《崩坏：星穹铁道》演唱会动画CM：「演出开始前」,BV1Dr421u7fQ,15.153,1,25,16777215,2024-11-16 23:42:15,0,a0c6bc35,1716984780878419968,她真好看
《崩坏：星穹铁道》演唱会动画CM：「演出开始前」,BV1Dr421u7fQ,4.511,1,25,16777215,2024-11-16 22:04:10,0,eccbe45e,1716935411512715776,啊？
《崩坏：星穹铁道》演唱会动画CM：「演出开始前」,BV1Dr421u7fQ,13.423,1,25,16777215,2024-11-16 21:56:20,0,5e739963,1716931466509863168,她真好看
《崩坏：星穹铁道》演唱会动画CM：「演出开始前」,BV1Dr421u7fQ,4.216,1,25,16777215,2024-11-16 21:56:11,0,5e739963,1716931390341369088,啊？
《崩坏：星穹铁道》演唱会动画CM：「演出开始前」,BV1Dr421u7fQ,13.043,5,25,14811775,2024-11-16 21:10:24,0,4ae68a7a,1716908352439246592,卡芙卡/\卡芙卡/\卡芙卡/\卡芙卡/\卡芙卡/\卡芙卡/\卡芙卡/\卡芙卡/\卡芙卡
《崩坏：星穹铁道》演唱会动画CM：「演出开始前」,BV1Dr421u7fQ,10.608,5,25,14811775,2024-11-16 21:10:18,0,4ae68a7a,1716908301176436736,卡芙卡/\卡芙卡/\卡芙卡/\卡芙卡/\卡芙卡/\卡芙卡/\卡芙卡/\卡芙卡/\卡芙卡
《崩坏：星穹铁道》演唱会动画CM：「演出开始前」,BV1Dr421u7fQ,14.545,5,25,14811775,2024-11-16 21:10:08,0,4ae68a7a,1716908215335654656,卡芙卡/\卡芙卡/\卡芙卡/\卡芙卡/\卡芙卡/\卡芙卡/\卡芙卡/\卡芙卡/\卡芙卡
《崩坏：星穹铁道》演唱会动画CM：「演出开始前」,BV1Dr421u7fQ,9.908,5,25,14811775,2024-11-16 21:09:58,0,4ae68a7a,1716908131818754560,卡芙卡/\卡芙卡/\卡芙卡/\卡芙卡/\卡芙卡/\卡芙卡/\卡芙卡/\卡芙卡/\卡芙卡
《崩坏：星穹铁道》演唱会动画CM：「演出开始前」,BV1Dr421u7fQ,10.805,5,25,14811775,2024-11-16 21:08:58,0,4ae68a7a,1716907629483693824,卡芙卡/\卡芙卡/\卡芙卡/\卡芙卡/\卡芙卡/\卡芙卡/\卡芙卡/\卡芙卡/\卡芙卡
《崩坏：星穹铁道》演唱会动画CM：「演出开始前」,BV1Dr421u7fQ,9.344,5,25,14811775,2024-11-16 21:07:47,0,4ae68a7a,1716907028758850816,我是卡芙卡的狗
《崩坏：星穹铁道》演唱会动画CM：「演出开始前」,BV1Dr421u7fQ,7.759,5,25,14811775,2024-11-16 21:07:33,0,4ae68a7a,1716906912324847360,妈妈好漂亮！！！
《崩坏：星穹铁道》演唱会动画CM：「演出开始前」,BV1Dr421u7fQ,10.225,1,25,14811775,2024-11-16 21:07:13,0,4ae68a7a,1716906746708655104,妈妈妈妈妈妈妈妈妈妈妈妈妈妈妈妈妈妈妈妈妈妈
《崩坏：星穹铁道》演唱会动画CM：「演出开始前」,BV1Dr421u7fQ,3.532,1,25,16777215,2024-11-16 20:56:52,0,b0a48794,1716901533541028864,啊？
《崩坏：星穹铁道》演唱会动画CM：「演出开始前」,BV1Dr421u7fQ,2.108,1,25,16777215,2024-11-16 20:12:30,0,7fe2e449,1716879206849300992,啊？
《崩坏：星穹铁道》演唱会动画CM：「演出开始前」,BV1Dr421u7fQ,12.215,1,25,16777215,2024-11-16 18:28:40,0,f3d6f10,1716826943926196992,她真好看
《崩坏：星穹铁道》演唱会动画CM：「演出开始前」,BV1Dr421u7fQ,2.755,1,25,16777215,2024-11-16 16:19:53,0,c1f88ec5,1716762128893352192,啊？
《崩坏：星穹铁道》演唱会动画CM：「演出开始前」,BV1Dr421u7fQ,1.783,1,25,16777215,2024-11-16 15:22:14,0,655f47b8,1716733113243735552,啊？
《崩坏：星穹铁道》演唱会动画CM：「演出开始前」,BV1Dr421u7fQ,3.063,1,25,16777215,2024-11-16 13:32:36,0,5ef6b3af,1716677927242056448,啊？
《崩坏：星穹铁道》演唱会动画CM：「演出开始前」,BV1Dr421u7fQ,3.516,1,25,16777215,2024-11-16 13:29:49,0,d6a4df1f,1716676526177037056,啊？
《崩坏：星穹铁道》演唱会动画CM：「演出开始前」,BV1Dr421u7fQ,1.829,1,25,16777215,2024-11-16 12:49:30,0,7fe6b1ee,1716656236583908864,啊？
《崩坏：星穹铁道》演唱会动画CM：「演出开始前」,BV1Dr421u7fQ,5.745,1,25,16777215,2024-11-16 12:00:31,0,357cca5d,1716631586726402304,啊？
《崩坏：星穹铁道》演唱会动画CM：「演出开始前」,BV1Dr421u7fQ,4.332,1,25,16777215,2024-11-16 10:02:14,0,988d5de4,1716572050711346432,啊？
《崩坏：星穹铁道》演唱会动画CM：「演出开始前」,BV1Dr421u7fQ,7.238,1,25,16777215,2024-11-15 22:22:28,0,a024e586,1716219849149289728,啊？
《崩坏：星穹铁道》演唱会动画CM：「演出开始前」,BV1Dr421u7fQ,13.493,1,25,16777215,2024-11-15 21:17:08,0,9b860354,1716186959196032768,她真好看
《崩坏：星穹铁道》演唱会动画CM：「演出开始前」,BV1Dr421u7fQ,10.462,1,25,16777215,2024-11-15 21:07:59,0,af8b27e8,1716182355091422208,她真好看
《崩坏：星穹铁道》演唱会动画CM：「演出开始前」,BV1Dr421u7fQ,16.499,1,25,16777215,2024-11-15 19:17:31,0,763b71fb,1716126758082286592,她真好看
《崩坏：星穹铁道》演唱会动画CM：「演出开始前」,BV1Dr421u7fQ,19.551,1,25,16777215,2024-11-15 18:50:10,0,8aae8dd8,1716112988626473216,她真好看
《崩坏：星穹铁道》演唱会动画CM：「演出开始前」,BV1Dr421u7fQ,4.465,1,25,16777215,2024-11-15 17:29:34,0,8f056083,1716072427986959360,啊？
《崩坏：星穹铁道》演唱会动画CM：「演出开始前」,BV1Dr421u7fQ,14.421,1,25,16777215,2024-11-15 14:28:06,0,98882a3a,1715981089023529984,她真好看
《崩坏：星穹铁道》演唱会动画CM：「演出开始前」,BV1Dr421u7fQ,3.623,1,25,16777215,2024-11-15 14:28:00,0,98882a3a,1715981036510801920,啊？
《崩坏：星穹铁道》演唱会动画CM：「演出开始前」,BV1Dr421u7fQ,13.251,1,25,16777215,2024-11-15 12:04:04,0,da91a301,1715908591577736448,她真好看
《崩坏：星穹铁道》演唱会动画CM：「演出开始前」,BV1Dr421u7fQ,3.122,1,25,16777215,2024-11-15 12:03:54,0,da91a301,1715908507247108864,啊？
《崩坏：星穹铁道》演唱会动画CM：「演出开始前」,BV1Dr421u7fQ,13.914,1,25,16777215,2024-11-15 11:11:07,0,4fdbbdc1,1715881940139206656,她真好看
《崩坏：星穹铁道》演唱会动画CM：「演出开始前」,BV1Dr421u7fQ,1.335,1,25,16777215,2024-11-15 08:59:17,0,6cf1fd97,1715815591694757376,啊？
《崩坏：星穹铁道》演唱会动画CM：「演出开始前」,BV1Dr421u7fQ,0.255,1,25,16777215,2024-11-14 23:30:09,0,9f297930,1715529132173508352,啊？
《崩坏：星穹铁道》演唱会动画CM：「演出开始前」,BV1Dr421u7fQ,12.62,1,25,16777215,2024-11-14 21:18:30,0,be14b132,1715462873871998464,她真好看
《崩坏：星穹铁道》演唱会动画CM：「演出开始前」,BV1Dr421u7fQ,2.811,1,25,16777215,2024-11-14 21:10:57,0,39cb0401,1715459076558918144,啊？
《崩坏：星穹铁道》演唱会动画CM：「演出开始前」,BV1Dr421u7fQ,1.492,1,25,16777215,2024-11-14 19:37:04,0,482c3e34,1715411817632781056,啊？
《崩坏：星穹铁道》演唱会动画CM：「演出开始前」,BV1Dr421u7fQ,12.063,1,25,16777215,2024-11-14 19:36:55,0,482c3e34,1715411744459075328,她真好看
《崩坏：星穹铁道》演唱会动画CM：「演出开始前」,BV1Dr421u7fQ,15.801,1,25,16777215,2024-11-14 16:53:57,0,4ae1a5c9,1715329720893272576,她真好看
《崩坏：星穹铁道》演唱会动画CM：「演出开始前」,BV1Dr421u7fQ,5.651,1,25,16777215,2024-11-14 16:35:32,0,e815726c,1715320449845551104,啊？
《崩坏：星穹铁道》演唱会动画CM：「演出开始前」,BV1Dr421u7fQ,12.99,1,25,16777215,2024-11-14 16:04:35,0,8e8a6dde,1715304873895097344,她真好看
《崩坏：星穹铁道》演唱会动画CM：「演出开始前」,BV1Dr421u7fQ,6.006,1,25,16777215,2024-11-14 16:04:28,0,8e8a6dde,1715304815325824000,啊？
《崩坏：星穹铁道》演唱会动画CM：「演出开始前」,BV1Dr421u7fQ,14.35,1,25,16777215,2024-11-14 14:33:33,0,77bf0aaa,1715259053447539712,她真好看
《崩坏：星穹铁道》演唱会动画CM：「演出开始前」,BV1Dr421u7fQ,15.418,1,25,16777215,2024-11-14 13:11:16,0,824e65d6,1715217643537090816,她真好看
《崩坏：星穹铁道》演唱会动画CM：「演出开始前」,BV1Dr421u7fQ,13.041,1,25,16777215,2024-11-14 06:49:11,0,4780010a,1715025331217825536,她真好看
《崩坏：星穹铁道》演唱会动画CM：「演出开始前」,BV1Dr421u7fQ,17.309,1,25,16777215,2024-11-14 00:48:56,0,43a42ce3,1714844016673776640,她真好看
《崩坏：星穹铁道》演唱会动画CM：「演出开始前」,BV1Dr421u7fQ,12.598,1,25,16777215,2024-11-13 23:38:39,0,a0112203,1714808641712423424,她真好看
《崩坏：星穹铁道》演唱会动画CM：「演出开始前」,BV1Dr421u7fQ,3.423,1,25,16777215,2024-11-13 23:35:56,0,a0112203,1714807270309329408,啊？
《崩坏：星穹铁道》演唱会动画CM：「演出开始前」,BV1Dr421u7fQ,9.161,1,25,16777215,2024-11-13 23:28:23,0,81f9511,1714803467073638656,啊？
《崩坏：星穹铁道》演唱会动画CM：「演出开始前」,BV1Dr421u7fQ,9.563,1,25,16777215,2024-11-13 20:01:18,0,863ac23d,1714699244021520896,啊？
《崩坏：星穹铁道》演唱会动画CM：「演出开始前」,BV1Dr421u7fQ,3.658,1,25,16777215,2024-11-13 19:35:45,0,9219b02e,1714686380468719360,啊？
《崩坏：星穹铁道》演唱会动画CM：「演出开始前」,BV1Dr421u7fQ,16.685,1,25,16777215,2024-11-13 19:27:21,0,f678427c,1714682152844588032,她真好看
《崩坏：星穹铁道》演唱会动画CM：「演出开始前」,BV1Dr421u7fQ,5.768,1,25,16777215,2024-11-13 18:56:47,0,6933bf4c,1714666770394158080,啊？
《崩坏：星穹铁道》演唱会动画CM：「演出开始前」,BV1Dr421u7fQ,13.986,1,25,16777215,2024-11-13 18:31:18,0,ca10aa75,1714653941847443200,她真好看
《崩坏：星穹铁道》演唱会动画CM：「演出开始前」,BV1Dr421u7fQ,7.649,1,25,16777215,2024-11-13 14:36:36,0,58a515b3,1714535813553076736,啊？
《崩坏：星穹铁道》演唱会动画CM：「演出开始前」,BV1Dr421u7fQ,3.812,1,25,16777215,2024-11-13 07:59:30,0,1e6d9a46,1714335944842826240,啊？
《崩坏：星穹铁道》演唱会动画CM：「演出开始前」,BV1Dr421u7fQ,9.54,1,25,16777215,2024-11-13 00:36:04,0,cb72780f,1714112761321133568,啊？
《崩坏：星穹铁道》演唱会动画CM：「演出开始前」,BV1Dr421u7fQ,6.579,1,25,16777215,2024-11-12 23:41:38,0,2122689c,1714085365059053824,啊？
《崩坏：星穹铁道》演唱会动画CM：「演出开始前」,BV1Dr421u7fQ,2.971,1,25,16777215,2024-11-12 22:07:49,0,1055fdd7,1714038146842533120,啊？
《崩坏：星穹铁道》演唱会动画CM：「演出开始前」,BV1Dr421u7fQ,15.119,1,25,16777215,2024-11-12 20:41:31,0,9cfed7c3,1713994707963108864,她真好看
《崩坏：星穹铁道》演唱会动画CM：「演出开始前」,BV1Dr421u7fQ,6.209,1,25,16777215,2024-11-12 19:06:19,0,2e56ce2b,1713946791504432128,啊？
《崩坏：星穹铁道》演唱会动画CM：「演出开始前」,BV1Dr421u7fQ,11.985,1,25,16777215,2024-11-12 16:49:09,0,a5b1875a,1713877755609389568,她真好看
《崩坏：星穹铁道》演唱会动画CM：「演出开始前」,BV1Dr421u7fQ,3.602,1,25,16777215,2024-11-12 16:09:49,0,540ca8a5,1713857958695287808,啊？
《崩坏：星穹铁道》演唱会动画CM：「演出开始前」,BV1Dr421u7fQ,9.889,1,25,16777215,2024-11-11 23:37:02,0,8e3f7d8c,1713358276580172288,啊？
《崩坏：星穹铁道》演唱会动画CM：「演出开始前」,BV1Dr421u7fQ,2.807,1,25,16777215,2024-11-11 21:23:20,0,3599df3e,1713290980590964224,啊？
《崩坏：星穹铁道》演唱会动画CM：「演出开始前」,BV1Dr421u7fQ,18.484,1,25,16777215,2024-11-11 21:08:25,0,ca0ad33b,1713283472778549760,她真好看
《崩坏：星穹铁道》演唱会动画CM：「演出开始前」,BV1Dr421u7fQ,10.361,1,25,16777215,2024-11-11 13:41:15,0,119c937f,1713058406015281152,她真好看
《崩坏：星穹铁道》演唱会动画CM：「演出开始前」,BV1Dr421u7fQ,14.614,1,25,16777215,2024-11-11 13:38:10,0,34d67c9a,1713056857486062592,她真好看
《崩坏：星穹铁道》演唱会动画CM：「演出开始前」,BV1Dr421u7fQ,15.814,1,25,16777215,2024-11-10 23:52:41,0,dd158944,1712641375385964544,她真好看
《崩坏：星穹铁道》演唱会动画CM：「演出开始前」,BV1Dr421u7fQ,8.046,1,25,16777215,2024-11-10 23:42:44,0,e6ca5860,1712636363201511424,啊？
《崩坏：星穹铁道》演唱会动画CM：「演出开始前」,BV1Dr421u7fQ,12.0,1,25,16777215,2024-11-10 23:18:29,0,667955fd,1712624161316844544,她真好看
《崩坏：星穹铁道》演唱会动画CM：「演出开始前」,BV1Dr421u7fQ,2.019,1,25,16777215,2024-11-10 23:06:59,0,4f8d3869,1712618373789240576,啊？
《崩坏：星穹铁道》演唱会动画CM：「演出开始前」,BV1Dr421u7fQ,11.914,1,25,16777215,2024-11-10 22:49:28,0,649bbe66,1712609556934754304,她真好看
《崩坏：星穹铁道》演唱会动画CM：「演出开始前」,BV1Dr421u7fQ,3.446,1,25,16777215,2024-11-10 20:22:16,0,a988dcea,1712535468354724864,啊？
《崩坏：星穹铁道》演唱会动画CM：「演出开始前」,BV1Dr421u7fQ,15.281,1,25,16777215,2024-11-10 17:12:35,0,981f4d1,1712439999435229696,她真好看
《崩坏：星穹铁道》演唱会动画CM：「演出开始前」,BV1Dr421u7fQ,3.99,1,25,16777215,2024-11-10 17:12:18,0,981f4d1,1712439858087155968,啊？
《崩坏：星穹铁道》演唱会动画CM：「演出开始前」,BV1Dr421u7fQ,9.97,1,25,16777215,2024-11-10 14:59:03,0,3a431ef,1712372786594365184,啊？
《崩坏：星穹铁道》演唱会动画CM：「演出开始前」,BV1Dr421u7fQ,3.84,1,25,16777215,2024-11-10 14:28:16,0,9007cd04,1712357291015687680,啊？
《崩坏：星穹铁道》演唱会动画CM：「演出开始前」,BV1Dr421u7fQ,5.871,1,25,16777215,2024-11-10 12:23:33,0,1623b1fb,1712294520009503744,啊？
《崩坏：星穹铁道》演唱会动画CM：「演出开始前」,BV1Dr421u7fQ,33.555,4,25,41194,2024-11-10 12:19:33,0,a4adb298,1712292507825741568,从落魄到转魄
《崩坏：星穹铁道》演唱会动画CM：「演出开始前」,BV1Dr421u7fQ,15.722,1,25,16777215,2024-11-10 11:14:52,0,229e2513,1712259956444694784,她真好看
《崩坏：星穹铁道》演唱会动画CM：「演出开始前」,BV1Dr421u7fQ,2.198,1,25,16777215,2024-11-10 11:01:08,0,5b42e56c,1712253044232220416,啊？
《崩坏：星穹铁道》演唱会动画CM：「演出开始前」,BV1Dr421u7fQ,19.164,1,25,16777215,2024-11-10 10:38:55,0,f01f9bcd,1712241860288305408,她真好看
《崩坏：星穹铁道》演唱会动画CM：「演出开始前」,BV1Dr421u7fQ,3.111,1,25,16777215,2024-11-10 10:03:53,0,d95194ce,1712224227752539136,啊？
《崩坏：星穹铁道》演唱会动画CM：「演出开始前」,BV1Dr421u7fQ,16.139,1,25,16777215,2024-11-10 09:38:04,0,d95194ce,1712211228539025408,她真好看
《崩坏：星穹铁道》演唱会动画CM：「演出开始前」,BV1Dr421u7fQ,11.613,1,25,16777215,2024-11-10 09:37:59,0,d95194ce,1712211191419445760,她真好看
《崩坏：星穹铁道》演唱会动画CM：「演出开始前」,BV1Dr421u7fQ,6.521,1,25,16777215,2024-11-10 09:37:54,0,d95194ce,1712211147857619712,啊？
《崩坏：星穹铁道》演唱会动画CM：「演出开始前」,BV1Dr421u7fQ,1.994,1,25,16777215,2024-11-10 09:37:49,0,d95194ce,1712211110125597440,啊？
《崩坏：星穹铁道》演唱会动画CM：「演出开始前」,BV1Dr421u7fQ,18.568,1,25,16777215,2024-11-10 03:05:24,0,cd5e4516,1712013593337810688,她真好看
《崩坏：星穹铁道》演唱会动画CM：「演出开始前」,BV1Dr421u7fQ,6.455,1,25,16777215,2024-11-09 23:42:10,0,3fa434a5,1711911305545554944,啊？
《崩坏：星穹铁道》演唱会动画CM：「演出开始前」,BV1Dr421u7fQ,4.099,1,25,16777215,2024-11-09 22:59:22,0,804905e3,1711889760278313472,啊？
《崩坏：星穹铁道》演唱会动画CM：「演出开始前」,BV1Dr421u7fQ,13.621,1,25,16777215,2024-11-09 22:26:50,0,7fc9a3d7,1711873392627473152,她真好看
《崩坏：星穹铁道》演唱会动画CM：「演出开始前」,BV1Dr421u7fQ,9.677,1,25,16777215,2024-11-09 22:26:45,0,7fc9a3d7,1711873350877421568,啊？
《崩坏：星穹铁道》演唱会动画CM：「演出开始前」,BV1Dr421u7fQ,3.989,1,25,16777215,2024-11-09 20:34:22,0,22e17712,1711816782937035008,啊？
《崩坏：星穹铁道》演唱会动画CM：「演出开始前」,BV1Dr421u7fQ,0.719,1,25,16777215,2024-11-09 20:27:27,0,7e39666e,1711813299198928128,啊？
《崩坏：星穹铁道》演唱会动画CM：「演出开始前」,BV1Dr421u7fQ,6.166,1,25,16777215,2024-11-09 20:16:51,0,94251da4,1711807963414990848,啊？
《崩坏：星穹铁道》演唱会动画CM：「演出开始前」,BV1Dr421u7fQ,3.849,1,25,16777215,2024-11-09 17:45:47,0,d95dafaf,1711731930531253248,啊？
《崩坏：星穹铁道》演唱会动画CM：「演出开始前」,BV1Dr421u7fQ,2.584,1,25,16777215,2024-11-09 15:03:39,0,4f5f8e61,1711650326018917120,啊？
《崩坏：星穹铁道》演唱会动画CM：「演出开始前」,BV1Dr421u7fQ,19.845,1,25,16777215,2024-11-09 13:57:37,0,6ddb46cd,1711617088902391552,她真好看
《崩坏：星穹铁道》演唱会动画CM：「演出开始前」,BV1Dr421u7fQ,3.634,1,25,16777215,2024-11-09 13:08:22,0,3eac5fa3,1711592303284119552,啊？
《崩坏：星穹铁道》演唱会动画CM：「演出开始前」,BV1Dr421u7fQ,5.844,1,25,16777215,2024-11-09 12:58:26,0,9eac7c33,1711587305242330112,啊？
《崩坏：星穹铁道》演唱会动画CM：「演出开始前」,BV1Dr421u7fQ,12.948,1,25,16777215,2024-11-09 11:17:08,0,169d1281,1711536318678830336,她真好看
《崩坏：星穹铁道》演唱会动画CM：「演出开始前」,BV1Dr421u7fQ,14.156,1,25,16777215,2024-11-09 09:38:34,0,8e86252d,1711486708148819968,她真好看
《崩坏：星穹铁道》演唱会动画CM：「演出开始前」,BV1Dr421u7fQ,3.244,1,25,16777215,2024-11-09 09:38:24,0,8e86252d,1711486625252503040,啊？
《崩坏：星穹铁道》演唱会动画CM：「演出开始前」,BV1Dr421u7fQ,18.943,1,25,16777215,2024-11-09 01:52:26,0,55864304,1711252099151061760,她真好看
《崩坏：星穹铁道》演唱会动画CM：「演出开始前」,BV1Dr421u7fQ,4.635,1,25,16777215,2024-11-09 01:31:24,0,a86a7cf6,1711241510102020096,啊？
《崩坏：星穹铁道》演唱会动画CM：「演出开始前」,BV1Dr421u7fQ,16.176,1,25,16777215,2024-11-08 23:19:44,0,d95194ce,1711175241147105280,她真好看
《崩坏：星穹铁道》演唱会动画CM：「演出开始前」,BV1Dr421u7fQ,11.655,1,25,16777215,2024-11-08 23:19:40,0,d95194ce,1711175203515725312,她真好看
《崩坏：星穹铁道》演唱会动画CM：「演出开始前」,BV1Dr421u7fQ,7.162,1,25,16777215,2024-11-08 23:19:35,0,d95194ce,1711175165372798464,啊？
《崩坏：星穹铁道》演唱会动画CM：「演出开始前」,BV1Dr421u7fQ,3.17,1,25,16777215,2024-11-08 23:19:31,0,d95194ce,1711175131734484736,啊？
《崩坏：星穹铁道》演唱会动画CM：「演出开始前」,BV1Dr421u7fQ,6.151,1,25,16777215,2024-11-08 21:34:47,0,8b3a29ae,1711122415825808640,一眼就看到我家小鸟
《崩坏：星穹铁道》演唱会动画CM：「演出开始前」,BV1Dr421u7fQ,14.064,1,25,16777215,2024-11-08 21:16:47,0,71392489,1711113357572599552,她真好看
《崩坏：星穹铁道》演唱会动画CM：「演出开始前」,BV1Dr421u7fQ,20.006,1,25,16777215,2024-11-08 17:49:15,0,bab34573,1711008904261474816,她真好看
《崩坏：星穹铁道》演唱会动画CM：「演出开始前」,BV1Dr421u7fQ,13.12,1,25,16777215,2024-11-08 17:27:34,0,67cd01f0,1710997991269132544,她真好看
《崩坏：星穹铁道》演唱会动画CM：「演出开始前」,BV1Dr421u7fQ,3.686,1,25,16777215,2024-11-08 17:22:42,0,f0349158,1710995541712355584,啊？
《崩坏：星穹铁道》演唱会动画CM：「演出开始前」,BV1Dr421u7fQ,4.909,1,25,16777215,2024-11-08 15:12:45,0,5ed251bf,1710930134099360256,啊？
《崩坏：星穹铁道》演唱会动画CM：「演出开始前」,BV1Dr421u7fQ,13.469,1,25,16777215,2024-11-08 12:19:53,0,1fe27ea5,1710843126375247872,她真好看
《崩坏：星穹铁道》演唱会动画CM：「演出开始前」,BV1Dr421u7fQ,2.714,1,25,16777215,2024-11-08 08:06:54,0,1fb69a10,1710715794713436672,啊？
《崩坏：星穹铁道》演唱会动画CM：「演出开始前」,BV1Dr421u7fQ,2.632,1,25,16777215,2024-11-08 07:32:28,0,fe21e442,1710698464125605120,啊？
《崩坏：星穹铁道》演唱会动画CM：「演出开始前」,BV1Dr421u7fQ,10.004,1,25,16777215,2024-11-08 07:24:47,0,fe21e442,1710694596046269696,啊？
《崩坏：星穹铁道》演唱会动画CM：「演出开始前」,BV1Dr421u7fQ,12.0,1,25,16777215,2024-11-08 07:24:18,0,13457025,1710694355066948864,她真好看
《崩坏：星穹铁道》演唱会动画CM：「演出开始前」,BV1Dr421u7fQ,2.227,1,25,16777215,2024-11-07 18:56:20,0,a7942e1f,1710317888768503552,啊？
《崩坏：星穹铁道》演唱会动画CM：「演出开始前」,BV1Dr421u7fQ,20.002,1,25,16777215,2024-11-07 16:51:20,0,1f70c813,1710254975734787328,她真好看
《崩坏：星穹铁道》演唱会动画CM：「演出开始前」,BV1Dr421u7fQ,12.344,1,25,16777215,2024-11-07 13:10:27,0,19155cfa,1710143798971135488,她真好看
《崩坏：星穹铁道》演唱会动画CM：「演出开始前」,BV1Dr421u7fQ,56.165,1,25,16777215,2024-11-06 20:02:35,0,a4f92d37,1709626459129365760,好机会！
《崩坏：星穹铁道》演唱会动画CM：「演出开始前」,BV1Dr421u7fQ,12.872,1,25,16777215,2024-11-06 19:26:04,0,aa1d1f55,1709608080343598592,她真好看
《崩坏：星穹铁道》演唱会动画CM：「演出开始前」,BV1Dr421u7fQ,15.204,1,25,16777215,2024-11-06 17:54:30,0,6bb53a49,1709561989858732544,她真好看
《崩坏：星穹铁道》演唱会动画CM：「演出开始前」,BV1Dr421u7fQ,8.438,1,25,16777215,2024-11-06 17:54:23,0,6bb53a49,1709561931893368320,啊？
《崩坏：星穹铁道》演唱会动画CM：「演出开始前」,BV1Dr421u7fQ,12.344,1,25,16777215,2024-11-06 17:30:14,0,38bf354a,1709549774979540224,她真好看
《崩坏：星穹铁道》演唱会动画CM：「演出开始前」,BV1Dr421u7fQ,16.795,1,25,16777215,2024-11-06 16:59:03,0,950db1c1,1709534080112532992,她真好看
《崩坏：星穹铁道》演唱会动画CM：「演出开始前」,BV1Dr421u7fQ,3.569,1,25,16777215,2024-11-06 16:58:05,0,6bb53a49,1709533594831695616,啊？
《崩坏：星穹铁道》演唱会动画CM：「演出开始前」,BV1Dr421u7fQ,14.282,1,25,16777215,2024-11-06 15:44:20,0,eff56608,1709496479242265344,她真好看
《崩坏：星穹铁道》演唱会动画CM：「演出开始前」,BV1Dr421u7fQ,13.344,1,25,16777215,2024-11-06 13:01:49,0,62457ef7,1709414680700696576,她真好看
《崩坏：星穹铁道》演唱会动画CM：「演出开始前」,BV1Dr421u7fQ,7.133,1,25,16777215,2024-11-06 13:01:44,0,62457ef7,1709414639814825728,啊？
《崩坏：星穹铁道》演唱会动画CM：「演出开始前」,BV1Dr421u7fQ,12.856,1,25,16777215,2024-11-06 11:02:45,0,2e86c230,1709354748920031744,她真好看
《崩坏：星穹铁道》演唱会动画CM：「演出开始前」,BV1Dr421u7fQ,8.865,1,25,16777215,2024-11-06 11:00:23,0,2e86c230,1709353560128492032,啊？
《崩坏：星穹铁道》演唱会动画CM：「演出开始前」,BV1Dr421u7fQ,14.411,1,25,16777215,2024-11-06 00:28:35,0,a39bf600,1709035568651893504,她真好看
《崩坏：星穹铁道》演唱会动画CM：「演出开始前」,BV1Dr421u7fQ,13.98,1,25,16777215,2024-11-05 20:54:11,0,b1dbee82,1708927656332550912,她真好看
《崩坏：星穹铁道》演唱会动画CM：「演出开始前」,BV1Dr421u7fQ,5.709,1,25,16777215,2024-11-05 19:53:58,0,e2803cf0,1708897349608853248,啊？
《崩坏：星穹铁道》演唱会动画CM：「演出开始前」,BV1Dr421u7fQ,9.438,1,25,16777215,2024-11-05 19:05:17,0,8c169790,1708872841090617088,啊？
《崩坏：星穹铁道》演唱会动画CM：「演出开始前」,BV1Dr421u7fQ,8.642,1,25,16777215,2024-11-05 17:52:28,0,245f3ebd,1708836196941344256,啊？
《崩坏：星穹铁道》演唱会动画CM：「演出开始前」,BV1Dr421u7fQ,2.36,1,25,16777215,2024-11-05 14:32:07,0,9961f01c,1708735353248281600,啊？
《崩坏：星穹铁道》演唱会动画CM：「演出开始前」,BV1Dr421u7fQ,16.851,1,25,16777215,2024-11-05 14:04:05,0,b3062db5,1708721245137126656,她真好看
《崩坏：星穹铁道》演唱会动画CM：「演出开始前」,BV1Dr421u7fQ,3.728,1,25,16777215,2024-11-05 14:03:51,0,b3062db5,1708721123048887552,啊？
《崩坏：星穹铁道》演唱会动画CM：「演出开始前」,BV1Dr421u7fQ,18.128,1,25,16777215,2024-11-05 11:11:10,0,5059152,1708634209536558848,她真好看
《崩坏：星穹铁道》演唱会动画CM：「演出开始前」,BV1Dr421u7fQ,13.066,1,25,16777215,2024-11-05 09:17:23,0,4c6b500c,1708576943563160320,她真好看
《崩坏：星穹铁道》演唱会动画CM：「演出开始前」,BV1Dr421u7fQ,19.856,1,25,16777215,2024-11-05 09:11:09,0,ed38cf36,1708573806266410240,她真好看
《崩坏：星穹铁道》演唱会动画CM：「演出开始前」,BV1Dr421u7fQ,98.015,5,25,11890,2024-11-04 23:26:41,0,a9ecf641,1708279636381649408,人有六名，限定有五个，彦卿你不是其中之一
《崩坏：星穹铁道》演唱会动画CM：「演出开始前」,BV1Dr421u7fQ,4.257,1,25,16777215,2024-11-04 22:42:15,0,74cd277e,1708257271454708224,啊？
《崩坏：星穹铁道》演唱会动画CM：「演出开始前」,BV1Dr421u7fQ,13.046,1,25,16777215,2024-11-04 22:37:08,0,ae7a1574,1708254698659649280,她真好看
《崩坏：星穹铁道》演唱会动画CM：「演出开始前」,BV1Dr421u7fQ,14.394,1,25,16777215,2024-11-04 22:20:16,0,b1e33920,1708246205488224512,她真好看
《崩坏：星穹铁道》演唱会动画CM：「演出开始前」,BV1Dr421u7fQ,4.612,1,25,16777215,2024-11-04 21:29:05,0,4eea8871,1708220443401495296,啊？
《崩坏：星穹铁道》演唱会动画CM：「演出开始前」,BV1Dr421u7fQ,4.831,1,25,16777215,2024-11-04 21:03:01,0,927a78b7,1708207327050224640,啊？
《崩坏：星穹铁道》演唱会动画CM：「演出开始前」,BV1Dr421u7fQ,4.051,1,25,16777215,2024-11-04 19:46:39,0,9d73daf8,1708168885095919872,啊？
《崩坏：星穹铁道》演唱会动画CM：「演出开始前」,BV1Dr421u7fQ,16.031,1,25,16777215,2024-11-04 18:52:21,0,b6b1e05d,1708141554625163776,她真好看
《崩坏：星穹铁道》演唱会动画CM：「演出开始前」,BV1Dr421u7fQ,11.342,1,25,16777215,2024-11-04 14:26:37,0,c3bf977f,1708007807682348800,她真好看
《崩坏：星穹铁道》演唱会动画CM：「演出开始前」,BV1Dr421u7fQ,13.361,1,25,16777215,2024-11-04 13:42:19,0,5bf03b57,1707985513346114816,她真好看
《崩坏：星穹铁道》演唱会动画CM：「演出开始前」,BV1Dr421u7fQ,5.28,1,25,16777215,2024-11-04 13:30:19,0,9b4054c1,1707979471409894400,啊？
《崩坏：星穹铁道》演唱会动画CM：「演出开始前」,BV1Dr421u7fQ,6.119,1,25,16777215,2024-11-04 04:24:42,0,2b02bdd2,1707704856628268800,啊？
《崩坏：星穹铁道》演唱会动画CM：「演出开始前」,BV1Dr421u7fQ,17.172,1,25,16777215,2024-11-03 20:02:53,0,48befdeb,1707452283828296960,她真好看
《崩坏：星穹铁道》演唱会动画CM：「演出开始前」,BV1Dr421u7fQ,5.387,1,25,16777215,2024-11-03 20:02:42,0,48befdeb,1707452185798984960,啊？
《崩坏：星穹铁道》演唱会动画CM：「演出开始前」,BV1Dr421u7fQ,13.441,1,25,16777215,2024-11-03 19:02:52,0,75f35ada,1707422074631339008,+
《崩坏：星穹铁道》演唱会动画CM：「演出开始前」,BV1Dr421u7fQ,14.013,1,25,16777215,2024-11-03 18:44:33,0,9ab081d4,1707412853335585792,她真好看
《崩坏：星穹铁道》演唱会动画CM：「演出开始前」,BV1Dr421u7fQ,1.376,1,25,16777215,2024-11-03 17:07:24,0,12cfafab,1707363959126005760,啊？
《崩坏：星穹铁道》演唱会动画CM：「演出开始前」,BV1Dr421u7fQ,12.78,1,25,16777215,2024-11-03 17:05:12,0,1e93cf30,1707362854329532672,她真好看
《崩坏：星穹铁道》演唱会动画CM：「演出开始前」,BV1Dr421u7fQ,12.412,1,25,16777215,2024-11-03 15:43:03,0,3cf7bf9d,1707321500815650048,她真好看
《崩坏：星穹铁道》演唱会动画CM：「演出开始前」,BV1Dr421u7fQ,3.307,1,25,16777215,2024-11-03 15:42:53,0,3cf7bf9d,1707321424026333440,啊？
《崩坏：星穹铁道》演唱会动画CM：「演出开始前」,BV1Dr421u7fQ,17.159,1,25,16777215,2024-11-03 15:12:18,0,fa9eac5b,1707306029890518528,她真好看
《崩坏：星穹铁道》演唱会动画CM：「演出开始前」,BV1Dr421u7fQ,2.506,1,25,16777215,2024-11-03 14:38:16,0,64ade666,1707288893407140096,啊？
《崩坏：星穹铁道》演唱会动画CM：「演出开始前」,BV1Dr421u7fQ,14.35,1,25,16777215,2024-11-03 14:11:24,0,1f91a361,1707275378873268736,她真好看
《崩坏：星穹铁道》演唱会动画CM：「演出开始前」,BV1Dr421u7fQ,5.535,1,25,16777215,2024-11-03 13:44:51,0,6d17b468,1707262010804963328,啊？
《崩坏：星穹铁道》演唱会动画CM：「演出开始前」,BV1Dr421u7fQ,3.589,1,25,16777215,2024-11-03 13:33:48,0,f9920c85,1707256450130887168,啊？
《崩坏：星穹铁道》演唱会动画CM：「演出开始前」,BV1Dr421u7fQ,11.52,1,25,16777215,2024-11-03 12:38:10,0,7228aa20,1707228451364963328,她真好看
《崩坏：星穹铁道》演唱会动画CM：「演出开始前」,BV1Dr421u7fQ,13.634,1,25,16777215,2024-11-03 12:11:51,0,9a62ea0a,1707215203177384192,她真好看
《崩坏：星穹铁道》演唱会动画CM：「演出开始前」,BV1Dr421u7fQ,10.573,1,25,16777215,2024-11-03 11:38:49,0,460b212b,1707198573970452224,她真好看
《崩坏：星穹铁道》演唱会动画CM：「演出开始前」,BV1Dr421u7fQ,16.16,1,25,16777215,2024-11-03 04:04:05,0,ec32160c,1706969699197392640,她真好看
《崩坏：星穹铁道》演唱会动画CM：「演出开始前」,BV1Dr421u7fQ,3.373,1,25,16777215,2024-11-03 00:45:42,0,6be1d0cd,1706869850922138624,啊？
《崩坏：星穹铁道》演唱会动画CM：「演出开始前」,BV1Dr421u7fQ,19.059,1,25,16777215,2024-11-02 23:05:21,0,66dc99db,1706819347366574336,她真好看
《崩坏：星穹铁道》演唱会动画CM：「演出开始前」,BV1Dr421u7fQ,17.355,1,25,16777215,2024-11-02 21:43:30,0,cf294fd4,1706778145887106304,她真好看
《崩坏：星穹铁道》演唱会动画CM：「演出开始前」,BV1Dr421u7fQ,12.939,1,25,16777215,2024-11-02 21:42:50,0,fd4ee3f4,1706777811911742720,她真好看
《崩坏：星穹铁道》演唱会动画CM：「演出开始前」,BV1Dr421u7fQ,12.483,1,25,16777215,2024-11-02 21:34:10,0,4716e85b,1706773452813408512,她真好看
《崩坏：星穹铁道》演唱会动画CM：「演出开始前」,BV1Dr421u7fQ,3.359,1,25,16777215,2024-11-02 21:34:01,0,4716e85b,1706773377257120256,啊？
《崩坏：星穹铁道》演唱会动画CM：「演出开始前」,BV1Dr421u7fQ,12.762,1,25,16777215,2024-11-02 21:21:49,0,1c9b7089,1706767234245998848,她真好看
《崩坏：星穹铁道》演唱会动画CM：「演出开始前」,BV1Dr421u7fQ,12.023,1,25,16777215,2024-11-02 21:18:41,0,3841d8a1,1706765659872077312,她真好看
《崩坏：星穹铁道》演唱会动画CM：「演出开始前」,BV1Dr421u7fQ,4.391,1,25,16777215,2024-11-02 21:18:34,0,3841d8a1,1706765596277919232,啊？
《崩坏：星穹铁道》演唱会动画CM：「演出开始前」,BV1Dr421u7fQ,96.277,1,25,16777215,2024-11-02 20:11:02,0,df7702dc,1706731610638478080,…其实星核猎手是终末命途
《崩坏：星穹铁道》演唱会动画CM：「演出开始前」,BV1Dr421u7fQ,3.658,1,25,16777215,2024-11-02 18:53:24,0,2fb85832,1706692538557271296,啊？
《崩坏：星穹铁道》演唱会动画CM：「演出开始前」,BV1Dr421u7fQ,6.301,1,25,16777215,2024-11-02 18:41:16,0,e0f8626d,1706686428497062144,啊？
《崩坏：星穹铁道》演唱会动画CM：「演出开始前」,BV1Dr421u7fQ,3.328,1,25,16777215,2024-11-02 17:32:51,0,6d9977e1,1706651994980703744,啊？
《崩坏：星穹铁道》演唱会动画CM：「演出开始前」,BV1Dr421u7fQ,18.251,1,25,16777215,2024-11-02 15:16:09,0,d84c7eaf,1706583190200407040,她真好看
《崩坏：星穹铁道》演唱会动画CM：「演出开始前」,BV1Dr421u7fQ,18.251,1,25,16777215,2024-11-02 15:16:01,0,d84c7eaf,1706583121782647040,她真好看
《崩坏：星穹铁道》演唱会动画CM：「演出开始前」,BV1Dr421u7fQ,3.042,1,25,16777215,2024-11-02 13:54:43,0,c65c504c,1706542206019569920,啊？
《崩坏：星穹铁道》演唱会动画CM：「演出开始前」,BV1Dr421u7fQ,1.622,1,25,16777215,2024-11-02 13:32:51,0,69e7b871,1706531194084285952,啊？
《崩坏：星穹铁道》演唱会动画CM：「演出开始前」,BV1Dr421u7fQ,14.335,1,25,16777215,2024-11-02 12:26:54,0,445c01ac,1706498002183254784,她真好看
《崩坏：星穹铁道》演唱会动画CM：「演出开始前」,BV1Dr421u7fQ,4.193,1,25,16777215,2024-11-02 12:26:25,0,445c01ac,1706497761060918016,啊？
《崩坏：星穹铁道》演唱会动画CM：「演出开始前」,BV1Dr421u7fQ,2.611,1,25,16777215,2024-11-02 12:07:18,0,afedc26e,1706488141324043008,啊？
《崩坏：星穹铁道》演唱会动画CM：「演出开始前」,BV1Dr421u7fQ,4.722,1,25,16777215,2024-11-02 10:34:27,0,6698faf,1706441408288200704,啊？
《崩坏：星穹铁道》演唱会动画CM：「演出开始前」,BV1Dr421u7fQ,15.506,1,25,16777215,2024-11-02 00:32:49,0,c3e4d4af,1706138589429788672,她真好看
《崩坏：星穹铁道》演唱会动画CM：「演出开始前」,BV1Dr421u7fQ,2.388,1,25,16777215,2024-11-02 00:32:36,0,c3e4d4af,1706138482483201536,啊？
《崩坏：星穹铁道》演唱会动画CM：「演出开始前」,BV1Dr421u7fQ,24.212,1,25,16777215,2024-11-02 00:24:33,0,cb51878b,1706134435818727424,哈哈哈开拓者的抽象头像
《崩坏：星穹铁道》演唱会动画CM：「演出开始前」,BV1Dr421u7fQ,4.197,1,25,16777215,2024-11-01 23:25:53,0,fff1d1f7,1706104903765670656,啊？
《崩坏：星穹铁道》演唱会动画CM：「演出开始前」,BV1Dr421u7fQ,4.956,1,25,16777215,2024-11-01 23:12:08,0,1bc42998,1706097979632973568,啊？
《崩坏：星穹铁道》演唱会动画CM：「演出开始前」,BV1Dr421u7fQ,8.869,1,25,16777215,2024-11-01 21:39:21,0,8a71dee9,1706051282223151616,啊？
《崩坏：星穹铁道》演唱会动画CM：「演出开始前」,BV1Dr421u7fQ,16.748,1,25,16777215,2024-11-01 21:15:06,0,546ba732,1706039082629213184,她真好看
《崩坏：星穹铁道》演唱会动画CM：「演出开始前」,BV1Dr421u7fQ,3.279,1,25,16777215,2024-11-01 20:20:20,0,6079cf8f,1706011512630138112,啊？
《崩坏：星穹铁道》演唱会动画CM：「演出开始前」,BV1Dr421u7fQ,18.362,1,25,16777215,2024-11-01 20:18:52,0,69e7b871,1706010776126612992,她真好看
《崩坏：星穹铁道》演唱会动画CM：「演出开始前」,BV1Dr421u7fQ,2.393,1,25,16777215,2024-11-01 20:18:34,0,69e7b871,1706010628109552640,啊？
《崩坏：星穹铁道》演唱会动画CM：「演出开始前」,BV1Dr421u7fQ,19.704,1,25,16777215,2024-11-01 19:59:12,0,3bb7acad,1706000880044121600,她真好看
《崩坏：星穹铁道》演唱会动画CM：「演出开始前」,BV1Dr421u7fQ,3.1,1,25,16777215,2024-11-01 19:40:40,0,6ce3ec85,1705991551115590912,啊？
《崩坏：星穹铁道》演唱会动画CM：「演出开始前」,BV1Dr421u7fQ,19.036,1,25,16777215,2024-11-01 17:52:15,0,529e7c60,1705936981508814336,她真好看
《崩坏：星穹铁道》演唱会动画CM：「演出开始前」,BV1Dr421u7fQ,8.288,1,25,16777215,2024-11-01 17:52:04,0,529e7c60,1705936890207405312,啊？
《崩坏：星穹铁道》演唱会动画CM：「演出开始前」,BV1Dr421u7fQ,24.612,5,25,6830715,2024-11-01 13:21:05,0,286fd035,1705800496356359936,她真好看
《崩坏：星穹铁道》演唱会动画CM：「演出开始前」,BV1Dr421u7fQ,9.354,1,25,16777215,2024-11-01 00:53:23,0,80350cac,1705424165005803264,啊？
《崩坏：星穹铁道》演唱会动画CM：「演出开始前」,BV1Dr421u7fQ,7.163,1,25,16777215,2024-11-01 00:34:17,0,d5f27500,1705414554974720256,啊？
《崩坏：星穹铁道》演唱会动画CM：「演出开始前」,BV1Dr421u7fQ,15.908,1,25,16777215,2024-10-31 22:02:15,0,2b96c6f2,1705338034704713216,她真好看
《崩坏：星穹铁道》演唱会动画CM：「演出开始前」,BV1Dr421u7fQ,5.483,1,25,16777215,2024-10-31 22:02:05,0,2b96c6f2,1705337947924552448,啊？
《崩坏：星穹铁道》演唱会动画CM：「演出开始前」,BV1Dr421u7fQ,3.942,1,25,16777215,2024-10-31 21:42:08,0,2f769072,1705327913304058368,啊？
《崩坏：星穹铁道》演唱会动画CM：「演出开始前」,BV1Dr421u7fQ,3.731,1,25,16777215,2024-10-31 21:34:08,0,d4c86539,1705323884549214720,啊？
《崩坏：星穹铁道》演唱会动画CM：「演出开始前」,BV1Dr421u7fQ,16.227,1,25,16777215,2024-10-31 20:50:10,0,a1be73e8,1705301754209672448,她真好看
《崩坏：星穹铁道》演唱会动画CM：「演出开始前」,BV1Dr421u7fQ,15.031,1,25,16777215,2024-10-31 20:26:47,0,35409606,1705289987433728512,她真好看
《崩坏：星穹铁道》演唱会动画CM：「演出开始前」,BV1Dr421u7fQ,5.198,1,25,16777215,2024-10-31 20:18:42,0,c7a22f4a,1705285915896924928,啊？
《崩坏：星穹铁道》演唱会动画CM：「演出开始前」,BV1Dr421u7fQ,11.859,1,25,16777215,2024-10-31 18:26:02,0,70a3fb27,1705229211298166272,她真好看
《崩坏：星穹铁道》演唱会动画CM：「演出开始前」,BV1Dr421u7fQ,12.442,1,25,16777215,2024-10-31 18:07:11,0,d3ef4902,1705219719067524352,她真好看
《崩坏：星穹铁道》演唱会动画CM：「演出开始前」,BV1Dr421u7fQ,4.802,1,25,16777215,2024-10-31 16:30:28,0,49e5000c,1705171041812835072,啊？
《崩坏：星穹铁道》演唱会动画CM：「演出开始前」,BV1Dr421u7fQ,16.777,1,25,16777215,2024-10-31 14:13:07,0,923158b,1705101909842675200,她真好看
《崩坏：星穹铁道》演唱会动画CM：「演出开始前」,BV1Dr421u7fQ,12.901,1,25,16777215,2024-10-31 12:18:26,0,8448bf0b,1705044189265872640,她真好看
《崩坏：星穹铁道》演唱会动画CM：「演出开始前」,BV1Dr421u7fQ,5.081,1,25,16777215,2024-10-30 20:21:16,0,4b9b240d,1704562431810115072,啊？
《崩坏：星穹铁道》演唱会动画CM：「演出开始前」,BV1Dr421u7fQ,18.224,1,25,16777215,2024-10-30 18:28:59,0,bfff940,1704505918638790400,她真好看
《崩坏：星穹铁道》演唱会动画CM：「演出开始前」,BV1Dr421u7fQ,3.853,1,25,16777215,2024-10-30 18:28:53,0,bfff940,1704505864557215744,啊？
《崩坏：星穹铁道》演唱会动画CM：「演出开始前」,BV1Dr421u7fQ,6.291,1,25,16777215,2024-10-29 23:57:38,0,f7200c76,1703946554672433920,啊？
《崩坏：星穹铁道》演唱会动画CM：「演出开始前」,BV1Dr421u7fQ,12.286,1,25,16777215,2024-10-29 22:21:35,0,b10aa1d8,1703898211334474752,她真好看
《崩坏：星穹铁道》演唱会动画CM：「演出开始前」,BV1Dr421u7fQ,1.722,1,25,16777215,2024-10-29 22:21:24,0,b10aa1d8,1703898122213751296,啊？
《崩坏：星穹铁道》演唱会动画CM：「演出开始前」,BV1Dr421u7fQ,14.666,1,25,16777215,2024-10-29 22:18:07,0,dbbf05e1,1703896472065579264,她真好看
《崩坏：星穹铁道》演唱会动画CM：「演出开始前」,BV1Dr421u7fQ,18.009,1,25,16777215,2024-10-29 22:16:38,0,4ea66fa6,1703895722174291712,她真好看
《崩坏：星穹铁道》演唱会动画CM：「演出开始前」,BV1Dr421u7fQ,2.148,1,25,16777215,2024-10-29 22:08:01,0,f7200c76,1703891383611468544,啊？
《崩坏：星穹铁道》演唱会动画CM：「演出开始前」,BV1Dr421u7fQ,34.237,5,25,16777215,2024-10-29 20:50:43,0,2755201a,1703852475981392640,就让这一轮月华，照彻万川！
《崩坏：星穹铁道》演唱会动画CM：「演出开始前」,BV1Dr421u7fQ,28.647,5,25,16777215,2024-10-29 20:49:11,0,2755201a,1703851709975559936,好活当赏！
《崩坏：星穹铁道》演唱会动画CM：「演出开始前」,BV1Dr421u7fQ,21.714,5,25,16777215,2024-10-29 20:48:36,0,2755201a,1703851412574366208,妈妈！我爱你！
《崩坏：星穹铁道》演唱会动画CM：「演出开始前」,BV1Dr421u7fQ,13.835,1,25,16777215,2024-10-29 16:33:07,0,71b8b690,1703722827384928256,她真好看
《崩坏：星穹铁道》演唱会动画CM：「演出开始前」,BV1Dr421u7fQ,12.934,1,25,16777215,2024-10-29 13:49:14,0,83022732,1703640340566649856,她真好看
《崩坏：星穹铁道》演唱会动画CM：「演出开始前」,BV1Dr421u7fQ,2.776,1,25,16777215,2024-10-29 13:38:02,0,1c0ee849,1703634705645305600,啊？
《崩坏：星穹铁道》演唱会动画CM：「演出开始前」,BV1Dr421u7fQ,2.792,1,25,16777215,2024-10-29 09:51:41,0,42f1ff03,1703520778190068736,啊？
《崩坏：星穹铁道》演唱会动画CM：「演出开始前」,BV1Dr421u7fQ,12.19,1,25,16777215,2024-10-29 08:33:06,0,5308535b,1703481226716841472,她真好看
《崩坏：星穹铁道》演唱会动画CM：「演出开始前」,BV1Dr421u7fQ,1.482,1,25,16777215,2024-10-29 08:32:48,0,5308535b,1703481074212061696,啊？
《崩坏：星穹铁道》演唱会动画CM：「演出开始前」,BV1Dr421u7fQ,4.05,1,25,16777215,2024-10-28 23:14:11,0,39bc1579,1703199914932333824,啊？
《崩坏：星穹铁道》演唱会动画CM：「演出开始前」,BV1Dr421u7fQ,2.871,1,25,16777215,2024-10-28 20:52:57,0,7fe9ae42,1703128826596562432,啊？
《崩坏：星穹铁道》演唱会动画CM：「演出开始前」,BV1Dr421u7fQ,3.108,1,25,16777215,2024-10-28 19:57:12,0,a7b4a766,1703100763540242176,啊？
《崩坏：星穹铁道》演唱会动画CM：「演出开始前」,BV1Dr421u7fQ,31.297,4,25,8700107,2024-10-28 19:16:15,0,e59896f8,1703080154047467520,《转魄了，家人们》
《崩坏：星穹铁道》演唱会动画CM：「演出开始前」,BV1Dr421u7fQ,3.115,1,25,16777215,2024-10-28 14:19:45,0,b67f9ee1,1702930922405608704,啊？
《崩坏：星穹铁道》演唱会动画CM：「演出开始前」,BV1Dr421u7fQ,15.47,1,25,16777215,2024-10-27 17:44:25,0,9e215806,1702309157782273024,她真好看
《崩坏：星穹铁道》演唱会动画CM：「演出开始前」,BV1Dr421u7fQ,11.152,1,25,16777215,2024-10-27 17:28:55,0,52d39f66,1702301354783188992,她真好看
《崩坏：星穹铁道》演唱会动画CM：「演出开始前」,BV1Dr421u7fQ,2.658,1,25,16777215,2024-10-27 16:06:04,0,1ab8b0af,1702259659232154112,啊？
《崩坏：星穹铁道》演唱会动画CM：「演出开始前」,BV1Dr421u7fQ,13.581,1,25,16777215,2024-10-27 16:00:38,0,7cd5e5d8,1702256920494105600,她真好看
《崩坏：星穹铁道》演唱会动画CM：「演出开始前」,BV1Dr421u7fQ,1.803,1,25,16777215,2024-10-27 16:00:26,0,7cd5e5d8,1702256822229972480,啊？
《崩坏：星穹铁道》演唱会动画CM：「演出开始前」,BV1Dr421u7fQ,8.097,1,25,16777215,2024-10-27 13:29:21,0,3b30421a,1702180779523728128,啊？
《崩坏：星穹铁道》演唱会动画CM：「演出开始前」,BV1Dr421u7fQ,12.208,1,25,16777215,2024-10-27 10:30:38,0,c551451c,1702090831399517184,她真好看
《崩坏：星穹铁道》演唱会动画CM：「演出开始前」,BV1Dr421u7fQ,7.336,1,25,16777215,2024-10-27 10:30:33,0,c551451c,1702090790370630144,啊？
《崩坏：星穹铁道》演唱会动画CM：「演出开始前」,BV1Dr421u7fQ,5.76,1,25,16777215,2024-10-27 10:20:36,0,c54d5ce5,1702085783436946176,啊？
《崩坏：星穹铁道》演唱会动画CM：「演出开始前」,BV1Dr421u7fQ,8.125,1,25,16777215,2024-10-27 08:19:30,0,f823371,1702024825771630080,啊？
《崩坏：星穹铁道》演唱会动画CM：「演出开始前」,BV1Dr421u7fQ,4.366,1,25,16777215,2024-10-27 02:46:01,0,92d9a646,1701856983893965568,啊？
《崩坏：星穹铁道》演唱会动画CM：「演出开始前」,BV1Dr421u7fQ,14.551,1,25,16777215,2024-10-26 22:08:47,0,e7a175c2,1701717446957837056,她真好看
《崩坏：星穹铁道》演唱会动画CM：「演出开始前」,BV1Dr421u7fQ,12.835,1,25,16777215,2024-10-26 21:43:00,0,66b1c588,1701704463221467648,她真好看
《崩坏：星穹铁道》演唱会动画CM：「演出开始前」,BV1Dr421u7fQ,6.957,1,25,16777215,2024-10-26 21:42:54,0,66b1c588,1701704414106059008,啊？
《崩坏：星穹铁道》演唱会动画CM：「演出开始前」,BV1Dr421u7fQ,3.665,1,25,16777215,2024-10-26 21:41:22,0,62fa4c29,1701703645281873664,啊？
《崩坏：星穹铁道》演唱会动画CM：「演出开始前」,BV1Dr421u7fQ,3.788,1,25,16777215,2024-10-26 19:37:17,0,b8cfab1f,1701641195526316288,啊？
《崩坏：星穹铁道》演唱会动画CM：「演出开始前」,BV1Dr421u7fQ,12.277,1,25,16777215,2024-10-26 16:27:18,0,499059da,1701545571225195520,她真好看
《崩坏：星穹铁道》演唱会动画CM：「演出开始前」,BV1Dr421u7fQ,2.121,1,25,16777215,2024-10-26 16:27:08,0,499059da,1701545485912823040,啊？
《崩坏：星穹铁道》演唱会动画CM：「演出开始前」,BV1Dr421u7fQ,7.344,1,25,16777215,2024-10-26 15:17:07,0,ce9a31a5,1701510241344228096,啊？
《崩坏：星穹铁道》演唱会动画CM：「演出开始前」,BV1Dr421u7fQ,13.922,1,25,16777215,2024-10-26 14:35:32,0,715c4a41,1701489312689962240,她真好看
《崩坏：星穹铁道》演唱会动画CM：「演出开始前」,BV1Dr421u7fQ,7.101,1,25,16777215,2024-10-26 14:19:23,0,af1556a8,1701481185202631936,啊？
《崩坏：星穹铁道》演唱会动画CM：「演出开始前」,BV1Dr421u7fQ,12.992,1,25,16777215,2024-10-26 13:52:00,0,e5ec3223,1701467403147379456,她真好看
《崩坏：星穹铁道》演唱会动画CM：「演出开始前」,BV1Dr421u7fQ,16.445,1,25,16777215,2024-10-26 13:31:19,0,1c3e021e,1701456991592973568,她真好看
《崩坏：星穹铁道》演唱会动画CM：「演出开始前」,BV1Dr421u7fQ,1.641,1,25,16777215,2024-10-26 13:31:04,0,1c3e021e,1701456867710148352,啊？
《崩坏：星穹铁道》演唱会动画CM：「演出开始前」,BV1Dr421u7fQ,12.004,1,25,16777215,2024-10-26 12:51:19,0,8c4558d8,1701436864436692736,她真好看
《崩坏：星穹铁道》演唱会动画CM：「演出开始前」,BV1Dr421u7fQ,6.05,1,25,16777215,2024-10-26 12:49:17,0,8c4558d8,1701435834617844736,啊？
《崩坏：星穹铁道》演唱会动画CM：「演出开始前」,BV1Dr421u7fQ,3.811,1,25,16777215,2024-10-26 12:43:28,0,4ae7b611,1701432910063648768,啊？
《崩坏：星穹铁道》演唱会动画CM：「演出开始前」,BV1Dr421u7fQ,13.035,1,25,16777215,2024-10-26 12:26:05,0,9479fb2d,1701424159252475904,她真好看
《崩坏：星穹铁道》演唱会动画CM：「演出开始前」,BV1Dr421u7fQ,3.869,1,25,16777215,2024-10-26 12:25:56,0,9479fb2d,1701424082362534912,啊？
《崩坏：星穹铁道》演唱会动画CM：「演出开始前」,BV1Dr421u7fQ,3.356,1,25,16777215,2024-10-26 09:53:20,0,aacbd2d6,1701347280436744704,啊？
《崩坏：星穹铁道》演唱会动画CM：「演出开始前」,BV1Dr421u7fQ,1.081,1,25,16777215,2024-10-26 01:56:20,0,5c0049ac,1701107200833121024,啊？
《崩坏：星穹铁道》演唱会动画CM：「演出开始前」,BV1Dr421u7fQ,12.968,1,25,16777215,2024-10-26 01:54:43,0,5c0049ac,1701106384126474752,她真好看
《崩坏：星穹铁道》演唱会动画CM：「演出开始前」,BV1Dr421u7fQ,4.043,1,25,16777215,2024-10-25 23:35:26,0,dfc3d310,1701036278046392320,啊？
《崩坏：星穹铁道》演唱会动画CM：「演出开始前」,BV1Dr421u7fQ,24.489,1,25,16777215,2024-10-25 22:27:46,0,6c46ea3,1701002225096188416,怎么感觉都是帕姆？
《崩坏：星穹铁道》演唱会动画CM：「演出开始前」,BV1Dr421u7fQ,16.403,1,25,16777215,2024-10-25 22:00:40,0,790d34bf,1700988586142416896,她真好看
《崩坏：星穹铁道》演唱会动画CM：「演出开始前」,BV1Dr421u7fQ,6.828,1,25,16777215,2024-10-25 22:00:31,0,790d34bf,1700988506257706752,啊？
《崩坏：星穹铁道》演唱会动画CM：「演出开始前」,BV1Dr421u7fQ,13.245,1,25,16777215,2024-10-25 20:44:49,0,50e3c744,1700950409453056768,她真好看
《崩坏：星穹铁道》演唱会动画CM：「演出开始前」,BV1Dr421u7fQ,3.429,1,25,16777215,2024-10-25 15:15:40,0,4b5c6682,1700784743571882240,啊？
《崩坏：星穹铁道》演唱会动画CM：「演出开始前」,BV1Dr421u7fQ,9.746,1,25,16777215,2024-10-25 14:34:14,0,137e519f,1700763884803296000,啊？
《崩坏：星穹铁道》演唱会动画CM：「演出开始前」,BV1Dr421u7fQ,5.77,1,25,16777215,2024-10-25 13:57:26,0,7c516965,1700745364811975680,啊？
《崩坏：星穹铁道》演唱会动画CM：「演出开始前」,BV1Dr421u7fQ,4.181,1,25,16777215,2024-10-25 11:40:37,0,42f1ff03,1700676501286088192,啊？
《崩坏：星穹铁道》演唱会动画CM：「演出开始前」,BV1Dr421u7fQ,2.489,1,25,16777215,2024-10-25 08:00:07,0,97b5334f,1700565517946967040,啊？
《崩坏：星穹铁道》演唱会动画CM：「演出开始前」,BV1Dr421u7fQ,34.045,1,25,16777215,2024-10-25 06:20:03,0,4570e7c0,1700515158944524032,打发叫花子呢
《崩坏：星穹铁道》演唱会动画CM：「演出开始前」,BV1Dr421u7fQ,7.682,1,25,16777215,2024-10-25 01:55:10,0,8d2e6172,1700381839040000512,啊？
《崩坏：星穹铁道》演唱会动画CM：「演出开始前」,BV1Dr421u7fQ,4.29,1,25,16777215,2024-10-25 01:32:11,0,1713e086,1700370266250568704,啊？
《崩坏：星穹铁道》演唱会动画CM：「演出开始前」,BV1Dr421u7fQ,13.022,1,25,16777215,2024-10-24 17:32:46,0,905881e6,1700128967991930368,她真好看
《崩坏：星穹铁道》演唱会动画CM：「演出开始前」,BV1Dr421u7fQ,12.838,1,25,16777215,2024-10-24 14:26:38,0,8b614d98,1700035280544902912,她真好看
《崩坏：星穹铁道》演唱会动画CM：「演出开始前」,BV1Dr421u7fQ,2.78,1,25,16777215,2024-10-24 08:17:03,0,35f3f2b,1699849264529743872,啊？
《崩坏：星穹铁道》演唱会动画CM：「演出开始前」,BV1Dr421u7fQ,13.029,1,25,16777215,2024-10-24 01:23:46,0,def1202,1699641252099826688,她真好看
《崩坏：星穹铁道》演唱会动画CM：「演出开始前」,BV1Dr421u7fQ,11.269,1,25,16777215,2024-10-23 19:18:07,0,2f2624b1,1699457213925698816,她真好看
《崩坏：星穹铁道》演唱会动画CM：「演出开始前」,BV1Dr421u7fQ,15.825,1,25,16777215,2024-10-23 19:05:04,0,ea6f1a6e,1699450649294660096,她真好看
《崩坏：星穹铁道》演唱会动画CM：「演出开始前」,BV1Dr421u7fQ,7.261,1,25,16777215,2024-10-23 17:47:05,0,5d57455d,1699411399350021632,啊？
《崩坏：星穹铁道》演唱会动画CM：「演出开始前」,BV1Dr421u7fQ,11.772,1,25,16777215,2024-10-23 14:21:59,0,debeaa30,1699308164853330176,她真好看
《崩坏：星穹铁道》演唱会动画CM：「演出开始前」,BV1Dr421u7fQ,4.319,1,25,16777215,2024-10-23 11:12:28,0,1192ba7,1699212783117229312,啊？
《崩坏：星穹铁道》演唱会动画CM：「演出开始前」,BV1Dr421u7fQ,4.123,1,25,16777215,2024-10-23 10:02:55,0,ee92174,1699177774411115264,啊？
《崩坏：星穹铁道》演唱会动画CM：「演出开始前」,BV1Dr421u7fQ,12.691,1,25,16777215,2024-10-23 08:37:12,0,4ee2fb15,1699134633721073920,她真好看
《崩坏：星穹铁道》演唱会动画CM：「演出开始前」,BV1Dr421u7fQ,4.98,1,25,16777215,2024-10-23 08:37:04,0,4ee2fb15,1699134569229593856,啊？
《崩坏：星穹铁道》演唱会动画CM：「演出开始前」,BV1Dr421u7fQ,7.271,1,25,16777215,2024-10-23 05:56:20,0,4a881124,1699053669938548224,啊？
《崩坏：星穹铁道》演唱会动画CM：「演出开始前」,BV1Dr421u7fQ,11.596,1,25,16777215,2024-10-23 03:29:07,0,c8c45da2,1698979567290840064,她真好看
《崩坏：星穹铁道》演唱会动画CM：「演出开始前」,BV1Dr421u7fQ,1.471,1,25,16777215,2024-10-23 03:28:57,0,c8c45da2,1698979482406321920,啊？
《崩坏：星穹铁道》演唱会动画CM：「演出开始前」,BV1Dr421u7fQ,18.998,1,25,16777215,2024-10-22 23:25:59,0,542260dc,1698857194067528192,她真好看
《崩坏：星穹铁道》演唱会动画CM：「演出开始前」,BV1Dr421u7fQ,18.56,1,25,16777215,2024-10-22 22:17:40,0,4a97136a,1698822808332806400,她真好看
《崩坏：星穹铁道》演唱会动画CM：「演出开始前」,BV1Dr421u7fQ,15.639,1,25,16777215,2024-10-22 20:03:17,0,c851b711,1698755177538045696,她真好看
《崩坏：星穹铁道》演唱会动画CM：「演出开始前」,BV1Dr421u7fQ,13.247,1,25,16777215,2024-10-22 19:26:34,0,137e519f,1698736691067613184,她真好看
《崩坏：星穹铁道》演唱会动画CM：「演出开始前」,BV1Dr421u7fQ,3.365,1,25,16777215,2024-10-22 19:26:24,0,137e519f,1698736608062462720,啊？
《崩坏：星穹铁道》演唱会动画CM：「演出开始前」,BV1Dr421u7fQ,6.364,1,25,16777215,2024-10-22 17:40:20,0,d95dafaf,1698683226954098944,啊？
《崩坏：星穹铁道》演唱会动画CM：「演出开始前」,BV1Dr421u7fQ,19.017,1,25,16777215,2024-10-22 08:52:46,0,e0c1211c,1698417691431425536,她真好看
《崩坏：星穹铁道》演唱会动画CM：「演出开始前」,BV1Dr421u7fQ,4.128,1,25,16777215,2024-10-22 00:47:04,0,8f1a7fb5,1698173228477851136,啊？
《崩坏：星穹铁道》演唱会动画CM：「演出开始前」,BV1Dr421u7fQ,5.358,1,25,16777215,2024-10-21 23:27:10,0,5154e73e,1698133017585048064,啊？
《崩坏：星穹铁道》演唱会动画CM：「演出开始前」,BV1Dr421u7fQ,1.58,1,25,16777215,2024-10-21 22:38:46,0,6af19562,1698108653200030976,啊？
《崩坏：星穹铁道》演唱会动画CM：「演出开始前」,BV1Dr421u7fQ,13.666,1,25,16777215,2024-10-21 21:51:10,0,2fffd489,1698084698271657216,她真好看
《崩坏：星穹铁道》演唱会动画CM：「演出开始前」,BV1Dr421u7fQ,14.437,1,25,16777215,2024-10-21 21:39:19,0,7b51d9da,1698078733577162240,她真好看
《崩坏：星穹铁道》演唱会动画CM：「演出开始前」,BV1Dr421u7fQ,2.541,1,25,16777215,2024-10-21 20:24:11,0,50e3c744,1698040921767194368,啊？
《崩坏：星穹铁道》演唱会动画CM：「演出开始前」,BV1Dr421u7fQ,16.633,1,25,16777215,2024-10-21 20:18:52,0,c25bd2fa,1698038245239106816,她真好看
《崩坏：星穹铁道》演唱会动画CM：「演出开始前」,BV1Dr421u7fQ,3.971,1,25,16777215,2024-10-21 19:59:17,0,dbc4e0d1,1698028382887033856,啊？
《崩坏：星穹铁道》演唱会动画CM：「演出开始前」,BV1Dr421u7fQ,5.093,1,25,16777215,2024-10-21 12:26:22,0,1c99ecbc,1697800425820011008,啊？
《崩坏：星穹铁道》演唱会动画CM：「演出开始前」,BV1Dr421u7fQ,3.187,1,25,16777215,2024-10-21 10:36:40,0,526902a9,1697745212530690816,我要看鸟鸟！
《崩坏：星穹铁道》演唱会动画CM：「演出开始前」,BV1Dr421u7fQ,2.009,1,25,16777215,2024-10-21 09:38:51,0,909ec98,1697716115008146432,啊？
《崩坏：星穹铁道》演唱会动画CM：「演出开始前」,BV1Dr421u7fQ,17.071,1,25,16777215,2024-10-21 08:46:33,0,248c6eb3,1697689788611890432,麻麻好漂酿
《崩坏：星穹铁道》演唱会动画CM：「演出开始前」,BV1Dr421u7fQ,4.027,1,25,16777215,2024-10-21 00:36:44,0,a3e67b94,1697443254670426368,啊？
《崩坏：星穹铁道》演唱会动画CM：「演出开始前」,BV1Dr421u7fQ,5.245,1,25,16777215,2024-10-20 23:33:15,0,1a6e1380,1697411301707616000,啊？
《崩坏：星穹铁道》演唱会动画CM：「演出开始前」,BV1Dr421u7fQ,4.045,1,25,16777215,2024-10-20 23:26:27,0,51df0012,1697407879977634048,啊？
《崩坏：星穹铁道》演唱会动画CM：「演出开始前」,BV1Dr421u7fQ,13.203,1,25,16777215,2024-10-20 23:26:19,0,51df0012,1697407810956116224,她真好看
《崩坏：星穹铁道》演唱会动画CM：「演出开始前」,BV1Dr421u7fQ,4.246,1,25,16777215,2024-10-20 21:49:06,0,ffb8acaf,1697358883988867072,啊？
《崩坏：星穹铁道》演唱会动画CM：「演出开始前」,BV1Dr421u7fQ,14.809,1,25,16777215,2024-10-20 21:33:50,0,7b62bdbb,1697351201810746624,她真好看
《崩坏：星穹铁道》演唱会动画CM：「演出开始前」,BV1Dr421u7fQ,13.112,1,25,16777215,2024-10-20 21:25:57,0,b3e77891,1697347227833496320,她真好看
《崩坏：星穹铁道》演唱会动画CM：「演出开始前」,BV1Dr421u7fQ,11.955,1,25,16777215,2024-10-20 20:36:47,0,c7a22f4a,1697322480944901376,她真好看
《崩坏：星穹铁道》演唱会动画CM：「演出开始前」,BV1Dr421u7fQ,5.14,1,25,16777215,2024-10-20 20:36:40,0,c7a22f4a,1697322423869015808,啊？
《崩坏：星穹铁道》演唱会动画CM：「演出开始前」,BV1Dr421u7fQ,13.375,1,25,16777215,2024-10-20 19:11:57,0,5f8b3ada,1697279786184873728,她真好看
《崩坏：星穹铁道》演唱会动画CM：「演出开始前」,BV1Dr421u7fQ,25.838,1,25,16777215,2024-10-20 18:44:18,0,a3aa9e8e,1697265870046499840,著名盲人艺术家：瞎子阿流
《崩坏：星穹铁道》演唱会动画CM：「演出开始前」,BV1Dr421u7fQ,12.951,1,25,16777215,2024-10-20 18:14:37,0,b2266fe9,1697250927100099072,她真好看
《崩坏：星穹铁道》演唱会动画CM：「演出开始前」,BV1Dr421u7fQ,2.631,1,25,16777215,2024-10-20 18:12:16,0,a8abcdbe,1697249745757869568,啊？
《崩坏：星穹铁道》演唱会动画CM：「演出开始前」,BV1Dr421u7fQ,7.878,1,25,16777215,2024-10-20 17:15:55,0,d669e6aa,1697221382330661632,啊？
《崩坏：星穹铁道》演唱会动画CM：「演出开始前」,BV1Dr421u7fQ,2.489,1,25,16777215,2024-10-20 17:15:49,0,d669e6aa,1697221337141110016,啊？
《崩坏：星穹铁道》演唱会动画CM：「演出开始前」,BV1Dr421u7fQ,12.942,1,25,16777215,2024-10-20 17:03:50,0,dc55d372,1697215303810919936,她真好看
《崩坏：星穹铁道》演唱会动画CM：「演出开始前」,BV1Dr421u7fQ,4.219,1,25,16777215,2024-10-20 17:03:41,0,dc55d372,1697215230100318720,啊？
《崩坏：星穹铁道》演唱会动画CM：「演出开始前」,BV1Dr421u7fQ,13.063,1,25,16777215,2024-10-20 15:11:38,0,7c3a0adc,1697158827868237312,她真好看
《崩坏：星穹铁道》演唱会动画CM：「演出开始前」,BV1Dr421u7fQ,17.147,1,25,16777215,2024-10-20 14:29:39,0,13dcb232,1697137703818143232,她真好看
《崩坏：星穹铁道》演唱会动画CM：「演出开始前」,BV1Dr421u7fQ,3.026,1,25,16777215,2024-10-20 13:09:59,0,9349e0a9,1697097601515543808,啊？
《崩坏：星穹铁道》演唱会动画CM：「演出开始前」,BV1Dr421u7fQ,1.938,1,25,16777215,2024-10-20 12:51:56,0,96ccb4c4,1697088520025370880,啊？
《崩坏：星穹铁道》演唱会动画CM：「演出开始前」,BV1Dr421u7fQ,9.816,1,25,16777215,2024-10-20 12:33:48,0,a9de71d4,1697079394662841856,啊？
《崩坏：星穹铁道》演唱会动画CM：「演出开始前」,BV1Dr421u7fQ,13.506,1,25,16777215,2024-10-20 11:52:08,0,5bdbc1fe,1697058423386062336,她真好看
《崩坏：星穹铁道》演唱会动画CM：「演出开始前」,BV1Dr421u7fQ,7.642,1,25,16777215,2024-10-20 11:37:36,0,20a0d8d,1697051103427855616,啊？
《崩坏：星穹铁道》演唱会动画CM：「演出开始前」,BV1Dr421u7fQ,12.323,1,25,16777215,2024-10-20 11:21:56,0,a83734b3,1697043220124518912,她真好看
《崩坏：星穹铁道》演唱会动画CM：「演出开始前」,BV1Dr421u7fQ,11.635,1,25,16777215,2024-10-20 08:55:56,0,cef7309b,1696969731959097856,她真好看
《崩坏：星穹铁道》演唱会动画CM：「演出开始前」,BV1Dr421u7fQ,4.158,1,25,16777215,2024-10-20 08:44:47,0,e3d3a072,1696964123830843136,啊？
《崩坏：星穹铁道》演唱会动画CM：「演出开始前」,BV1Dr421u7fQ,5.08,1,25,16777215,2024-10-20 02:13:29,0,534afc87,1696767176838800384,啊？
《崩坏：星穹铁道》演唱会动画CM：「演出开始前」,BV1Dr421u7fQ,15.776,1,25,16777215,2024-10-20 01:48:37,0,14980e8e,1696754656807701248,她真好看
《崩坏：星穹铁道》演唱会动画CM：「演出开始前」,BV1Dr421u7fQ,3.238,1,25,16777215,2024-10-20 01:48:28,0,14980e8e,1696754581067003904,啊？
《崩坏：星穹铁道》演唱会动画CM：「演出开始前」,BV1Dr421u7fQ,13.541,1,25,16777215,2024-10-20 01:08:15,0,8599d540,1696734343743032832,她真好看
《崩坏：星穹铁道》演唱会动画CM：「演出开始前」,BV1Dr421u7fQ,3.524,1,25,16777215,2024-10-20 01:06:16,0,8599d540,1696733345121231616,啊？
《崩坏：星穹铁道》演唱会动画CM：「演出开始前」,BV1Dr421u7fQ,17.721,1,25,16777215,2024-10-19 23:58:53,0,ba2449b1,1696699427848439552,她真好看
《崩坏：星穹铁道》演唱会动画CM：「演出开始前」,BV1Dr421u7fQ,85.589,1,25,16777215,2024-10-19 22:29:12,0,303b30ea,1696654285729247488,天籁之声，字由而歌，余音袅袅，知门永存！
《崩坏：星穹铁道》演唱会动画CM：「演出开始前」,BV1Dr421u7fQ,6.06,1,25,16777215,2024-10-19 21:00:36,0,905fab9e,1696609698398106624,啊？
《崩坏：星穹铁道》演唱会动画CM：「演出开始前」,BV1Dr421u7fQ,13.065,1,25,16777215,2024-10-19 20:56:34,0,1e04fd28,1696607661870736640,她真好看
《崩坏：星穹铁道》演唱会动画CM：「演出开始前」,BV1Dr421u7fQ,13.532,1,25,16777215,2024-10-19 20:08:19,0,7cd5e5d8,1696583384215628288,她真好看
《崩坏：星穹铁道》演唱会动画CM：「演出开始前」,BV1Dr421u7fQ,2.129,1,25,16777215,2024-10-19 20:08:08,0,7cd5e5d8,1696583288577328896,啊？
《崩坏：星穹铁道》演唱会动画CM：「演出开始前」,BV1Dr421u7fQ,16.529,1,25,16777215,2024-10-19 18:32:34,0,181445f2,1696535189238549248,她真好看
《崩坏：星穹铁道》演唱会动画CM：「演出开始前」,BV1Dr421u7fQ,5.866,1,25,16777215,2024-10-19 16:45:49,0,15cc2f4f,1696481462569784576,啊？
《崩坏：星穹铁道》演唱会动画CM：「演出开始前」,BV1Dr421u7fQ,3.214,1,25,16777215,2024-10-19 16:14:13,0,ff86afd7,1696465555395004416,啊？
《崩坏：星穹铁道》演唱会动画CM：「演出开始前」,BV1Dr421u7fQ,6.31,1,25,16777215,2024-10-19 16:00:27,0,f124dcb6,1696458623284292864,啊？
《崩坏：星穹铁道》演唱会动画CM：「演出开始前」,BV1Dr421u7fQ,17.656,1,25,16777215,2024-10-19 15:48:43,0,c7d451fc,1696452720606605056,她真好看
《崩坏：星穹铁道》演唱会动画CM：「演出开始前」,BV1Dr421u7fQ,2.579,1,25,16777215,2024-10-19 15:48:28,0,c7d451fc,1696452593167126528,啊？
《崩坏：星穹铁道》演唱会动画CM：「演出开始前」,BV1Dr421u7fQ,18.501,1,25,16777215,2024-10-19 14:55:03,0,6e2e580e,1696425712862473728,她真好看
《崩坏：星穹铁道》演唱会动画CM：「演出开始前」,BV1Dr421u7fQ,6.028,1,25,16777215,2024-10-19 14:52:07,0,3d760d20,1696424235704273152,啊？
《崩坏：星穹铁道》演唱会动画CM：「演出开始前」,BV1Dr421u7fQ,16.571,1,25,16777215,2024-10-19 14:42:46,0,f55f4d37,1696419530206742016,她真好看
《崩坏：星穹铁道》演唱会动画CM：「演出开始前」,BV1Dr421u7fQ,2.006,1,25,16777215,2024-10-19 14:36:36,0,1698a5dc,1696416422319900928,啊？
《崩坏：星穹铁道》演唱会动画CM：「演出开始前」,BV1Dr421u7fQ,10.488,1,25,16777215,2024-10-19 13:16:23,0,57063df,1696376046305233152,她真好看
《崩坏：星穹铁道》演唱会动画CM：「演出开始前」,BV1Dr421u7fQ,9.941,1,25,16777215,2024-10-19 12:59:23,0,655c34f6,1696367492416684800,啊？
《崩坏：星穹铁道》演唱会动画CM：「演出开始前」,BV1Dr421u7fQ,18.196,1,25,16777215,2024-10-19 12:38:30,0,706d9944,1696356980265993472,她真好看
《崩坏：星穹铁道》演唱会动画CM：「演出开始前」,BV1Dr421u7fQ,3.223,1,25,16777215,2024-10-19 12:30:24,0,f0c68383,1696352904081886208,啊？
《崩坏：星穹铁道》演唱会动画CM：「演出开始前」,BV1Dr421u7fQ,4.524,1,25,16777215,2024-10-19 12:27:04,0,fd3acb6b,1696351226997964288,啊？
《崩坏：星穹铁道》演唱会动画CM：「演出开始前」,BV1Dr421u7fQ,3.46,1,25,16777215,2024-10-19 12:18:52,0,51875ae7,1696347096656971008,啊？
《崩坏：星穹铁道》演唱会动画CM：「演出开始前」,BV1Dr421u7fQ,4.76,1,25,16777215,2024-10-19 11:59:05,0,25e9e787,1696337144496410112,啊？
《崩坏：星穹铁道》演唱会动画CM：「演出开始前」,BV1Dr421u7fQ,7.919,1,25,16777215,2024-10-19 11:16:42,0,9479fb2d,1696315812517920768,啊？
《崩坏：星穹铁道》演唱会动画CM：「演出开始前」,BV1Dr421u7fQ,9.614,1,25,16777215,2024-10-19 11:04:58,0,991ecc06,1696309900747188224,啊？
《崩坏：星穹铁道》演唱会动画CM：「演出开始前」,BV1Dr421u7fQ,16.551,1,25,16777215,2024-10-19 10:04:45,0,915c255a,1696279595038479616,她真好看
《崩坏：星穹铁道》演唱会动画CM：「演出开始前」,BV1Dr421u7fQ,6.777,1,25,16777215,2024-10-19 10:03:34,0,915c255a,1696279003675049984,啊？
《崩坏：星穹铁道》演唱会动画CM：「演出开始前」,BV1Dr421u7fQ,13.38,1,25,16777215,2024-10-18 23:52:15,0,9e95803a,1695971313023281664,她真好看
《崩坏：星穹铁道》演唱会动画CM：「演出开始前」,BV1Dr421u7fQ,5.699,1,25,16777215,2024-10-18 22:50:21,0,aa28186,1695940156852521728,啊？
《崩坏：星穹铁道》演唱会动画CM：「演出开始前」,BV1Dr421u7fQ,14.133,1,25,16777215,2024-10-18 22:49:42,0,aa28186,1695939831198197504,她真好看
《崩坏：星穹铁道》演唱会动画CM：「演出开始前」,BV1Dr421u7fQ,14.445,1,25,16777215,2024-10-18 22:29:11,0,88c1f21e,1695929508143795200,她真好看
《崩坏：星穹铁道》演唱会动画CM：「演出开始前」,BV1Dr421u7fQ,2.04,1,25,16777215,2024-10-18 22:28:47,0,88c1f21e,1695929305877532672,啊？
《崩坏：星穹铁道》演唱会动画CM：「演出开始前」,BV1Dr421u7fQ,7.629,1,25,16777215,2024-10-18 21:30:28,0,f0def6da,1695899956243877888,啊？
《崩坏：星穹铁道》演唱会动画CM：「演出开始前」,BV1Dr421u7fQ,3.018,1,25,16777215,2024-10-18 21:30:24,0,f0def6da,1695899918092257280,啊？
《崩坏：星穹铁道》演唱会动画CM：「演出开始前」,BV1Dr421u7fQ,6.619,1,25,16777215,2024-10-18 21:10:39,0,197f4e6b,1695889974689359104,啊？
《崩坏：星穹铁道》演唱会动画CM：「演出开始前」,BV1Dr421u7fQ,1.429,1,25,16777215,2024-10-18 20:53:15,0,8f91dd68,1695881221034229760,啊？
《崩坏：星穹铁道》演唱会动画CM：「演出开始前」,BV1Dr421u7fQ,16.584,1,25,16777215,2024-10-18 20:32:26,0,560c53aa,1695870741339329792,她真好看
《崩坏：星穹铁道》演唱会动画CM：「演出开始前」,BV1Dr421u7fQ,6.277,1,25,16777215,2024-10-18 20:32:15,0,560c53aa,1695870655305884416,啊？
《崩坏：星穹铁道》演唱会动画CM：「演出开始前」,BV1Dr421u7fQ,6.885,1,25,16777215,2024-10-18 19:58:07,0,c663a037,1695853473515498752,啊？
《崩坏：星穹铁道》演唱会动画CM：「演出开始前」,BV1Dr421u7fQ,9.887,1,25,16777215,2024-10-18 19:56:28,0,e2c98d55,1695852639729920256,啊？
《崩坏：星穹铁道》演唱会动画CM：「演出开始前」,BV1Dr421u7fQ,3.265,1,25,16777215,2024-10-18 18:47:40,0,c5a506be,1695818008695690496,啊？
《崩坏：星穹铁道》演唱会动画CM：「演出开始前」,BV1Dr421u7fQ,4.285,1,25,16777215,2024-10-18 18:21:00,0,2a8b1e8d,1695804591435974400,啊？
《崩坏：星穹铁道》演唱会动画CM：「演出开始前」,BV1Dr421u7fQ,13.144,1,25,16777215,2024-10-18 18:14:59,0,8a5d58f1,1695801560078219264,她真好看
《崩坏：星穹铁道》演唱会动画CM：「演出开始前」,BV1Dr421u7fQ,2.694,1,25,16777215,2024-10-18 18:14:48,0,8a5d58f1,1695801472610240512,啊？
《崩坏：星穹铁道》演唱会动画CM：「演出开始前」,BV1Dr421u7fQ,12.621,1,25,16777215,2024-10-18 17:09:51,0,4722fb0b,1695768779302356224,她真好看
《崩坏：星穹铁道》演唱会动画CM：「演出开始前」,BV1Dr421u7fQ,15.508,1,25,16777215,2024-10-18 17:00:11,0,3a69864f,1695763915453104128,她真好看
《崩坏：星穹铁道》演唱会动画CM：「演出开始前」,BV1Dr421u7fQ,6.19,1,25,16777215,2024-10-18 16:16:04,0,28f5e68a,1695741711076112128,啊？
《崩坏：星穹铁道》演唱会动画CM：「演出开始前」,BV1Dr421u7fQ,42.185,1,25,15138834,2024-10-18 15:21:23,0,47285266,1695714185100643072,我去我去我去枝枝太帅了
《崩坏：星穹铁道》演唱会动画CM：「演出开始前」,BV1Dr421u7fQ,7.024,1,25,16777215,2024-10-18 15:04:11,0,a7fb0023,1695705530364023808,啊？
《崩坏：星穹铁道》演唱会动画CM：「演出开始前」,BV1Dr421u7fQ,2.173,1,25,16777215,2024-10-18 15:01:54,0,a69947e3,1695704381233784832,啊？
《崩坏：星穹铁道》演唱会动画CM：「演出开始前」,BV1Dr421u7fQ,15.355,1,25,16777215,2024-10-18 14:49:07,0,26634294,1695697948312196352,她真好看
《崩坏：星穹铁道》演唱会动画CM：「演出开始前」,BV1Dr421u7fQ,6.158,1,25,16777215,2024-10-18 13:49:46,0,7253e09e,1695668076227540992,啊？
《崩坏：星穹铁道》演唱会动画CM：「演出开始前」,BV1Dr421u7fQ,6.17,1,25,16777215,2024-10-18 13:14:34,0,3fbf228,1695650358262529792,啊？
《崩坏：星穹铁道》演唱会动画CM：「演出开始前」,BV1Dr421u7fQ,17.221,1,25,16777215,2024-10-18 09:13:56,0,99752699,1695529247432676864,她真好看
《崩坏：星穹铁道》演唱会动画CM：「演出开始前」,BV1Dr421u7fQ,3.845,1,25,16777215,2024-10-18 09:13:30,0,99752699,1695529025528816128,啊？
《崩坏：星穹铁道》演唱会动画CM：「演出开始前」,BV1Dr421u7fQ,2.378,1,25,16777215,2024-10-18 01:04:45,0,83fb7b88,1695283026621171712,啊？
《崩坏：星穹铁道》演唱会动画CM：「演出开始前」,BV1Dr421u7fQ,16.023,1,25,16777215,2024-10-18 00:29:21,0,33def8a8,1695265210501261312,她真好看
《崩坏：星穹铁道》演唱会动画CM：「演出开始前」,BV1Dr421u7fQ,2.133,1,25,16777215,2024-10-18 00:29:07,0,33def8a8,1695265097188025856,啊？
《崩坏：星穹铁道》演唱会动画CM：「演出开始前」,BV1Dr421u7fQ,19.798,1,25,16777215,2024-10-17 23:43:35,0,973c761e,1695242178730939648,她真好看
《崩坏：星穹铁道》演唱会动画CM：「演出开始前」,BV1Dr421u7fQ,16.353,1,25,16777215,2024-10-17 23:32:30,0,f24458b9,1695236594920950784,她真好看
《崩坏：星穹铁道》演唱会动画CM：「演出开始前」,BV1Dr421u7fQ,3.945,1,25,16777215,2024-10-17 23:27:08,0,e374a512,1695233900642795776,啊？
《崩坏：星穹铁道》演唱会动画CM：「演出开始前」,BV1Dr421u7fQ,12.588,1,25,16777215,2024-10-17 23:01:10,0,9f6cb72,1695220826829331200,她真好看
《崩坏：星穹铁道》演唱会动画CM：「演出开始前」,BV1Dr421u7fQ,3.6,1,25,16777215,2024-10-17 23:01:01,0,9f6cb72,1695220750979499776,啊？
《崩坏：星穹铁道》演唱会动画CM：「演出开始前」,BV1Dr421u7fQ,3.348,1,25,16777215,2024-10-17 22:54:28,0,54332716,1695217456018336768,啊？
《崩坏：星穹铁道》演唱会动画CM：「演出开始前」,BV1Dr421u7fQ,1.709,1,25,16777215,2024-10-17 22:51:09,0,88f54285,1695215784126900480,啊？
《崩坏：星穹铁道》演唱会动画CM：「演出开始前」,BV1Dr421u7fQ,12.467,1,25,16777215,2024-10-17 22:11:28,0,a3966b2c,1695195809013901312,她真好看
《崩坏：星穹铁道》演唱会动画CM：「演出开始前」,BV1Dr421u7fQ,3.678,1,25,16777215,2024-10-17 22:11:23,0,a3966b2c,1695195772943144960,啊？
《崩坏：星穹铁道》演唱会动画CM：「演出开始前」,BV1Dr421u7fQ,9.517,1,25,16777215,2024-10-17 21:55:42,0,62d23fb3,1695187881284412672,啊？
《崩坏：星穹铁道》演唱会动画CM：「演出开始前」,BV1Dr421u7fQ,16.804,1,25,16777215,2024-10-17 21:29:00,0,35a0c1cd,1695174442457807616,她真好看
《崩坏：星穹铁道》演唱会动画CM：「演出开始前」,BV1Dr421u7fQ,19.46,1,25,16777215,2024-10-17 20:59:53,0,3a69864f,1695159783667328000,她真好看
《崩坏：星穹铁道》演唱会动画CM：「演出开始前」,BV1Dr421u7fQ,5.724,1,25,16777215,2024-10-17 18:24:35,0,fb13b9a0,1695081618013836800,啊？
《崩坏：星穹铁道》演唱会动画CM：「演出开始前」,BV1Dr421u7fQ,2.761,1,25,16777215,2024-10-17 16:21:19,0,d5991306,1695019580809904384,啊？
《崩坏：星穹铁道》演唱会动画CM：「演出开始前」,BV1Dr421u7fQ,2.56,1,25,16777215,2024-10-17 15:35:07,0,58aeb19c,1694996321120889600,啊？
《崩坏：星穹铁道》演唱会动画CM：「演出开始前」,BV1Dr421u7fQ,2.996,1,25,16777215,2024-10-17 15:07:16,0,eae8e230,1694982309545092096,啊？
《崩坏：星穹铁道》演唱会动画CM：「演出开始前」,BV1Dr421u7fQ,4.102,1,25,16777215,2024-10-17 14:41:43,0,788b8a7b,1694969450119489792,啊？
《崩坏：星穹铁道》演唱会动画CM：「演出开始前」,BV1Dr421u7fQ,3.91,1,25,16777215,2024-10-17 12:42:12,0,e15d1eb1,1694909295671581184,啊？
《崩坏：星穹铁道》演唱会动画CM：「演出开始前」,BV1Dr421u7fQ,7.268,1,25,16777215,2024-10-17 12:27:57,0,28a6c674,1694902122405166848,啊？
《崩坏：星穹铁道》演唱会动画CM：「演出开始前」,BV1Dr421u7fQ,6.059,1,25,16777215,2024-10-17 08:18:40,0,eacdd59d,1694776655001975296,啊？
《崩坏：星穹铁道》演唱会动画CM：「演出开始前」,BV1Dr421u7fQ,18.331,1,25,16777215,2024-10-17 05:58:45,0,580d771b,1694706225247258624,她真好看
《崩坏：星穹铁道》演唱会动画CM：「演出开始前」,BV1Dr421u7fQ,1.769,1,25,16777215,2024-10-17 05:58:28,0,580d771b,1694706086860329984,啊？
《崩坏：星穹铁道》演唱会动画CM：「演出开始前」,BV1Dr421u7fQ,13.327,1,25,16777215,2024-10-17 01:55:36,0,38e9ad82,1694583845380221696,她真好看
《崩坏：星穹铁道》演唱会动画CM：「演出开始前」,BV1Dr421u7fQ,9.222,1,25,16777215,2024-10-17 01:55:32,0,38e9ad82,1694583810592816384,啊？
《崩坏：星穹铁道》演唱会动画CM：「演出开始前」,BV1Dr421u7fQ,6.738,1,25,16777215,2024-10-16 22:47:51,0,bd5840e1,1694489345999858432,啊？
《崩坏：星穹铁道》演唱会动画CM：「演出开始前」,BV1Dr421u7fQ,5.246,1,25,16777215,2024-10-16 22:37:28,0,23f210da,1694484120761336320,啊？
《崩坏：星穹铁道》演唱会动画CM：「演出开始前」,BV1Dr421u7fQ,12.072,1,25,16777215,2024-10-16 21:30:02,0,118dbf54,1694450184051869184,她真好看
《崩坏：星穹铁道》演唱会动画CM：「演出开始前」,BV1Dr421u7fQ,2.256,1,25,16777215,2024-10-16 21:29:52,0,118dbf54,1694450101759677440,啊？
《崩坏：星穹铁道》演唱会动画CM：「演出开始前」,BV1Dr421u7fQ,9.328,1,25,16777215,2024-10-16 20:50:50,0,81cd5d1c,1694430454557453312,啊？
《崩坏：星穹铁道》演唱会动画CM：「演出开始前」,BV1Dr421u7fQ,16.873,1,25,16777215,2024-10-16 20:39:48,0,8da8f8a9,1694424900166536960,她真好看
《崩坏：星穹铁道》演唱会动画CM：「演出开始前」,BV1Dr421u7fQ,12.742,1,25,16777215,2024-10-16 13:23:25,0,13bda9a4,1694205257099545344,她真好看
《崩坏：星穹铁道》演唱会动画CM：「演出开始前」,BV1Dr421u7fQ,4.797,1,25,16777215,2024-10-16 13:05:12,0,1127a0a9,1694196090154566144,啊？
