{
  "video_info": {
    "title": "《崩坏：星穹铁道》走近星穹——「不可知域」特别节目",
    "bvid": "BV1EBynYCEhs",
    "aid": 113348733570135,
    "author": "崩坏星穹铁道",
    "pub_date": "2024-10-22 18:00:00"
  },
  "comments_data": [
    {
      "user": "云凌Sapphire",
      "content": "不速之客？嘉宾宕机？雪鸮主持人为何依然发出狂妄的大笑？\n极速通关？噼里啪啦？是什么让雪鸮主持人的心情持续昂扬？\n敬请收看本期《走近星穹》特别节目——「不可知域」，又名：《艰辛的主持之路 & 愉快的测评体验》 宇宙测评，尽在《走近星穹》特别篇！\n中文CV： \n叽米——刘北辰\n黑塔——侯小菲\n黄泉——菊花花\n螺丝咕姆——赵洋",
      "likes": 801,
      "reply_time": "2024-10-22 18:01:43",
      "rpid": "245215853968",
      "mid": "1099876025"
    },
    {
      "user": "-蓝楹-",
      "content": "建议下次加入，无视风险，继续安装",
      "likes": 11075,
      "reply_time": "2024-10-22 18:23:00",
      "rpid": "245217357552",
      "mid": "398053630"
    },
    {
      "user": "大泽芸梦",
      "content": "芽衣小姐桃走了[大哭][大哭][大哭]",
      "likes": 1530,
      "reply_time": "2024-10-22 18:03:40",
      "rpid": "244982166913",
      "mid": "316694380"
    },
    {
      "user": "鸣神是真的",
      "content": "为什么叽米见到黄泉要拿出桃子呢，因为这样黄泉就会桃离了",
      "likes": 1519,
      "reply_time": "2024-10-22 18:12:08",
      "rpid": "245216657712",
      "mid": "598818109"
    },
    {
      "user": "HackerRabbit",
      "content": "开拓者:好险，差点步入冥火大公后尘了",
      "likes": 865,
      "reply_time": "2024-10-22 18:08:41",
      "rpid": "244982516817",
      "mid": "473218769"
    },
    {
      "user": "无敌最最最大",
      "content": "开服老登，寰宇不会打，黄金不会打，现在这个，甚至听都听不懂[辣眼睛]",
      "likes": 9,
      "reply_time": "2024-10-22 19:15:06",
      "rpid": "245221619312",
      "mid": "28378642"
    },
    {
      "user": "雪辰沙",
      "content": "不可知域也可以看成一种虚无不可知，人家虚无令使溜达过来，似乎也蛮正常的，叽咪这怕不是在公报私仇？[doge]",
      "likes": 7,
      "reply_time": "2024-10-22 18:14:46",
      "rpid": "244982987457",
      "mid": "352751792"
    },
    {
      "user": "绘画好难oTATo",
      "content": "最理解开头黄泉的一集，你们怎么知道我吃到了一个特别好吃的脆桃[星星眼]",
      "likes": 47,
      "reply_time": "2024-10-22 18:42:59",
      "rpid": "245219070272",
      "mid": "483328735"
    },
    {
      "user": "SnowLong_zx",
      "content": "洗洗眼睛",
      "likes": 24,
      "reply_time": "2024-10-22 23:47:22",
      "rpid": "245243072992",
      "mid": "339083424"
    },
    {
      "user": "海蛞蝓丶",
      "content": "洗洗眼睛",
      "likes": 23,
      "reply_time": "2024-10-23 00:06:28",
      "rpid": "245244355440",
      "mid": "482628444"
    },
    {
      "user": "可爱律者吸血猫",
      "content": "米哈游的游戏让我最舒服的地方就是他有着明确的历史线",
      "likes": 3422,
      "reply_time": "2024-10-23 05:37:34",
      "rpid": "245253442096",
      "mid": "404435824"
    },
    {
      "user": "夏夜偏晚",
      "content": "6",
      "likes": 22,
      "reply_time": "2024-10-23 00:59:48",
      "rpid": "245012096961",
      "mid": "286262863"
    },
    {
      "user": "Triste丿小米",
      "content": "这都能接上？",
      "likes": 3,
      "reply_time": "2024-10-22 19:03:04",
      "rpid": "245220802832",
      "mid": "22821439"
    },
    {
      "user": "御灵系-_-",
      "content": "唉，特别喜欢这个up主做的崩铁视频，可惜停更了[大哭]时代的眼泪[委屈]",
      "likes": 377,
      "reply_time": "2024-11-17 20:14:50",
      "rpid": "247374989296",
      "mid": "599503735"
    },
    {
      "user": "顾赐江月",
      "content": "这权杖系统真离谱，单位是行星天体大小，无数个行星单位的权杖连接在一起，这是直接连接各个星系用的吧，怪不得能波及寰宇，NB",
      "likes": 3867,
      "reply_time": "2024-10-22 18:13:08",
      "rpid": "244982794881",
      "mid": "504989350"
    },
    {
      "user": "莓团子",
      "content": "现在应该没人了吧，但我还是想要这个[星星眼]",
      "likes": 23,
      "reply_time": "2024-10-22 20:00:18",
      "rpid": "245225110864",
      "mid": "1576238504"
    },
    {
      "user": "PxxUn",
      "content": "大家幸幸苦苦举报掉的鬼图成了某些魔怔日除岁月史书甩黑锅到萤厨头上的武器了",
      "likes": 44,
      "reply_time": "2024-10-23 01:58:22",
      "rpid": "245249839376",
      "mid": "3359838"
    },
    {
      "user": "Yuubi-JHHJ",
      "content": "首尾黄泉姐都说“请问”，是俺又进循环了，还是黄泉姐迷路➕鱼的记忆力来问路了",
      "likes": 2897,
      "reply_time": "2024-10-22 18:31:35",
      "rpid": "244984260449",
      "mid": "34651960"
    },
    {
      "user": "黑粉头子10086号",
      "content": "[崩坏：星穹铁道-匹诺康尼_阮梅]",
      "likes": 14,
      "reply_time": "2024-10-22 20:13:51",
      "rpid": "245226185968",
      "mid": "663894327"
    },
    {
      "user": "滿級小燈",
      "content": "不管管？[捂脸]",
      "likes": 3,
      "reply_time": "2024-10-22 19:10:09",
      "rpid": "244987130849",
      "mid": "1766815693"
    },
    {
      "user": "南归的旅人",
      "content": "祝串子早日祭天[星星眼]",
      "likes": 36,
      "reply_time": "2024-10-22 22:48:39",
      "rpid": "245003534225",
      "mid": "475155870"
    },
    {
      "user": "谁在集结舰队",
      "content": "那这次会有2.6亿血几条命的boss吗？[藏狐]（棒球侠传说的眠眠是2.6亿）",
      "likes": 1663,
      "reply_time": "2024-10-22 19:25:33",
      "rpid": "245222492432",
      "mid": "1425483029"
    },
    {
      "user": "无名无姓无三无",
      "content": "大家注意，我们将迎来一位不存在于蝗灾与黄金的，被差分宇宙删去的boss（感受命运重压）",
      "likes": 2521,
      "reply_time": "2024-10-22 18:44:50",
      "rpid": "245219281600",
      "mid": "1580159609"
    },
    {
      "user": "冰雨交加GaMing",
      "content": "盲猜，这次的模拟宇宙和黑塔有直接关系。模拟宇宙一开始，黑塔人偶就待机了。我感觉有伏笔。[doge]",
      "likes": 5252,
      "reply_time": "2024-10-22 18:36:57",
      "rpid": "245218594336",
      "mid": "6687136"
    },
    {
      "user": "二十日下僅有十字成篇",
      "content": "这几个都是我举报+拉黑的，你猜管用吗？",
      "likes": 14,
      "reply_time": "2024-10-22 19:23:45",
      "rpid": "244987990145",
      "mid": "60246752"
    },
    {
      "user": "2随便",
      "content": "听说刷怪了？发个图点燃一下",
      "likes": 20,
      "reply_time": "2024-10-23 10:04:40",
      "rpid": "245261805728",
      "mid": "378478548"
    },
    {
      "user": "谷底雾霾",
      "content": "穹宝，脑袋瓜是不是凉凉的（）探头可爱捏",
      "likes": 21,
      "reply_time": "2024-10-22 18:43:29",
      "rpid": "244985095953",
      "mid": "14122253"
    },
    {
      "user": "南归的旅人",
      "content": "前阵子混黑白两道，现在还想串成厨子[吃瓜]",
      "likes": 27,
      "reply_time": "2024-10-22 22:50:59",
      "rpid": "245003616769",
      "mid": "475155870"
    },
    {
      "user": "海蛞蝓丶",
      "content": "给各位洗洗眼睛",
      "likes": 18,
      "reply_time": "2024-10-23 00:08:05",
      "rpid": "245244511120",
      "mid": "482628444"
    },
    {
      "user": "也没多高兴",
      "content": "你知道这个视频下面的推荐都是些什么吗",
      "likes": 5,
      "reply_time": "2024-10-22 19:18:32",
      "rpid": "245221867696",
      "mid": "67903640"
    },
    {
      "user": "希ル・芙乐艾",
      "content": "350w伤害只掉了个血皮？？",
      "likes": 3,
      "reply_time": "2024-10-22 20:27:56",
      "rpid": "244992890529",
      "mid": "4415491"
    },
    {
      "user": "第五人格冷门信仰策划",
      "content": "来了[doge]",
      "likes": 5,
      "reply_time": "2024-10-22 18:00:48",
      "rpid": "244981941505",
      "mid": "1054583674"
    },
    {
      "user": "烂橘子O_o",
      "content": "自此以后，又长久没有看见崩铁。到了月末，我打开哔站说，“崩铁还欠一个视频呢！”到第二月的月初，又说“崩铁还欠一个视频呢！”到立冬可是没有说，再到月中也没有看见他。\n我到现在终于没有见——大约崩铁的确死了。",
      "likes": 29,
      "reply_time": "2024-11-17 15:55:38",
      "rpid": "247354125760",
      "mid": "454115606"
    },
    {
      "user": "Jelly_F-sh",
      "content": "我以为一台权杖是指这玩意和一个初版计算机差不多，结果…\n这个大小好像应该叫一“颗”权杖[Mygo表情包_那我呢？]",
      "likes": 1005,
      "reply_time": "2024-10-22 18:09:12",
      "rpid": "244982380657",
      "mid": "8169885"
    },
    {
      "user": "永远喜欢小羊阿黛尔",
      "content": "洗洗眼",
      "likes": 15,
      "reply_time": "2024-10-23 00:59:24",
      "rpid": "245012090657",
      "mid": "392599195"
    },
    {
      "user": "大地怒吼",
      "content": "你知道的，模拟宇宙是我最早“来测”的肉鸽，黑塔女士更是我入坑第一天就结缘的旅伴，我们曾一起走过许多星球，她最新开发的“模拟宇宙：不可知域”好玩的不可思议，我认为只有玩“模拟宇宙：不可知域”才能真正快乐。有时候做出决定很简单，我决定把体力和时间留给“模拟宇宙：不可知域”。\n至于螺丝咕姆和真理医生，我祝他们研发的“差分宇宙”一切顺利。\n还有乔瓦尼兄弟，我永远期待他的下一个娱乐产品。",
      "likes": 2677,
      "reply_time": "2024-10-22 19:18:11",
      "rpid": "245221828272",
      "mid": "24031929"
    },
    {
      "user": "SnowLong_zx",
      "content": "谁再说AC是米站我笑谁",
      "likes": 17,
      "reply_time": "2024-10-22 23:59:01",
      "rpid": "245243827280",
      "mid": "339083424"
    },
    {
      "user": "杜王町甜甜圈",
      "content": "阿哈最有面子的一集",
      "likes": 9,
      "reply_time": "2024-10-24 21:09:32",
      "rpid": "245138354385",
      "mid": "1281470988"
    },
    {
      "user": "荼诃遗旧",
      "content": "让我们来欣赏一下，隔壁的停更记录保持者[妙啊][妙啊][妙啊]",
      "likes": 15,
      "reply_time": "2024-11-17 21:27:54",
      "rpid": "247051210865",
      "mid": "662059458"
    },
    {
      "user": "漩涡美食家",
      "content": "你果然憋了个大的，我哭死",
      "likes": 6,
      "reply_time": "2024-11-22 20:21:03",
      "rpid": "247792553584",
      "mid": "1908071102"
    },
    {
      "user": "SnowLong_zx",
      "content": "刚找的，给各位洗洗眼",
      "likes": 13,
      "reply_time": "2024-10-23 00:08:30",
      "rpid": "245244395664",
      "mid": "339083424"
    },
    {
      "user": "音孓",
      "content": "[蛆音娘_吃瓜群众]",
      "likes": 9,
      "reply_time": "2024-11-14 09:03:30",
      "rpid": "246744512817",
      "mid": "37830661"
    },
    {
      "user": "冬暮秋风",
      "content": "轮到我啦[doge]",
      "likes": 36,
      "reply_time": "2024-10-22 18:38:51",
      "rpid": "245218732464",
      "mid": "291155148"
    },
    {
      "user": "meetsoulmate",
      "content": "谁能来祝我生日快乐",
      "likes": 21,
      "reply_time": "2024-10-22 23:12:39",
      "rpid": "245240412096",
      "mid": "480027623"
    },
    {
      "user": "炉边咸鱼",
      "content": "搞突然袭击是吧[崩坏：星穹铁道_吃瓜ing]",
      "likes": 4,
      "reply_time": "2024-10-22 18:01:22",
      "rpid": "245215844528",
      "mid": "1918930"
    },
    {
      "user": "muerert",
      "content": "乱破小时候其实很胆小，有一次她蛀牙了去牙科诊所，拔牙的时候非常痛，于是她哭着对医生姐姐说：牙医姐，我不想死",
      "likes": 4250,
      "reply_time": "2024-10-22 18:56:14",
      "rpid": "245219992336",
      "mid": "214462711"
    },
    {
      "user": "晓之水门",
      "content": "这次就不提了，下一个DLC一定要出新命途啊，无论是蝗灾和黄金都是直接扩充了一个命途的祝福，很大程度上丰富了玩法",
      "likes": 2057,
      "reply_time": "2024-10-22 18:09:32",
      "rpid": "245216432288",
      "mid": "393454301"
    },
    {
      "user": "流水井盖",
      "content": "黄泉被桃子带着离开了，是不是也算一种逃离(桃离)？",
      "likes": 1335,
      "reply_time": "2024-10-22 18:30:00",
      "rpid": "244984069313",
      "mid": "3493074728651365"
    },
    {
      "user": "绘制缭乱忍符",
      "content": "球球日子哥的一些厨子补药给日子哥招黑了 我们普通厨子没惹谢谢 不要再去别的角色底下刷屏了 也不要骂其他角色了 真的很招黑 不想以后日子哥相关的底下全是大战 谢谢[保佑][保佑][保佑][保佑][保佑][保佑][保佑][保佑]",
      "likes": 5,
      "reply_time": "2024-10-22 21:49:55",
      "rpid": "244998853089",
      "mid": "701881995"
    },
    {
      "user": "爱听讨厌紅楼梦",
      "content": "大家有没有印象，很像匹诺康尼的一个活动，特别是最后几秒，全是那种额外的伤害，当时说很好玩很爽，反正关底的那个boss是眠眠。然后要求常驻更新玩法，感觉很像这个新宇宙的灵感来源",
      "likes": 4341,
      "reply_time": "2024-10-22 18:28:20",
      "rpid": "245217943232",
      "mid": "209404712"
    },
    {
      "user": "依旧飒然",
      "content": "刷鬼图的直接举报哈[OK]",
      "likes": 5,
      "reply_time": "2024-10-22 21:08:32",
      "rpid": "245230319920",
      "mid": "259142723"
    },
    {
      "user": "是古月嘞",
      "content": "我是预言家，这个账号在今天7点半之后会连发很多条视频[绝区零_趴]",
      "likes": 15,
      "reply_time": "2024-11-22 10:58:28",
      "rpid": "247749167360",
      "mid": "317069319"
    },
    {
      "user": "茶猞与梦",
      "content": "被超大桃子钓走的黄泉，她真可爱",
      "likes": 10,
      "reply_time": "2024-10-23 12:57:05",
      "rpid": "245272855008",
      "mid": "324301330"
    },
    {
      "user": "夏目の小布丁",
      "content": "亲爱的星铁，你已经快20天没更新视频了！您这个年纪正是打拼的时候，你怎么能睡着呢！！！",
      "likes": 21,
      "reply_time": "2024-11-10 18:13:22",
      "rpid": "246470565585",
      "mid": "107764398"
    },
    {
      "user": "冬月1947",
      "content": "两边串子互相打架也是搞笑[吃瓜]一点开连星铁相关都没关注，正常路人直接举报别理[脱单doge]",
      "likes": 26,
      "reply_time": "2024-10-22 22:20:03",
      "rpid": "245235992240",
      "mid": "12646519"
    },
    {
      "user": "尘世闲游-陵薮市朝",
      "content": "00:15 人手一只！人人有份！[doge][doge]",
      "likes": 562,
      "reply_time": "2024-10-22 18:01:29",
      "rpid": "245215748928",
      "mid": "1408235928"
    },
    {
      "user": "星期日麻麻",
      "content": "球球日子哥的一些厨子补药给日子哥招黑了 我们普通厨子没惹谢谢 不要再去别的角色底下刷屏了 也不要骂其他角色了 真的很招黑 不想以后日子哥相关的底下全是大战 谢谢[保佑][保佑][保佑][保佑][保佑][保佑][保佑][保佑]",
      "likes": 22,
      "reply_time": "2024-10-22 20:03:15",
      "rpid": "244990940033",
      "mid": "13146269"
    },
    {
      "user": "晓岚风欲起丷",
      "content": "攒了一个版本的星穹，出了彦青那一刻天都塌了[大哭][大哭][大哭]@崩坏星穹铁道",
      "likes": 15,
      "reply_time": "2024-10-22 22:24:43",
      "rpid": "245236445536",
      "mid": "114390300"
    },
    {
      "user": "诗乃逢魔兔神zio",
      "content": "总是迷路的黄泉小姐[崩坏：星穹铁道-匹诺康尼_黄泉][崩坏：星穹铁道-匹诺康尼_黄泉]",
      "likes": 11,
      "reply_time": "2024-10-23 00:11:47",
      "rpid": "245009533857",
      "mid": "40048190"
    },
    {
      "user": "木旦勿",
      "content": "智械的权杖，简称械权",
      "likes": 957,
      "reply_time": "2024-10-22 18:18:10",
      "rpid": "244983149937",
      "mid": "59100866"
    },
    {
      "user": "头像我主人呀",
      "content": "发完这个就睡了，静候3.0大黑塔[给心心]",
      "likes": 16,
      "reply_time": "2024-10-23 03:22:56",
      "rpid": "245251824736",
      "mid": "660090249"
    },
    {
      "user": "星真好看啊",
      "content": "她真好看",
      "likes": 638,
      "reply_time": "2024-10-22 18:02:19",
      "rpid": "245215869312",
      "mid": "415202016"
    },
    {
      "user": "快上车233",
      "content": "某些人啊",
      "likes": 10,
      "reply_time": "2024-10-23 11:28:45",
      "rpid": "245266616640",
      "mid": "356348620"
    },
    {
      "user": "卖狗粮的西片太太",
      "content": "求求你快出黑塔本体的立绘吧，我什么都会做的[Mygo表情包_大哭]",
      "likes": 1203,
      "reply_time": "2024-10-22 18:19:32",
      "rpid": "245217107968",
      "mid": "336766604"
    },
    {
      "user": "柠Poi",
      "content": "今天到我啦[hanser_冲鸭]",
      "likes": 10,
      "reply_time": "2024-10-22 22:19:18",
      "rpid": "245001217601",
      "mid": "114218456"
    },
    {
      "user": "磁爆步兵54",
      "content": "我觉得黄泉需要一位绳匠给她引路\n黑塔就挺合适的[脱单doge]",
      "likes": 288,
      "reply_time": "2024-10-22 18:06:04",
      "rpid": "245216187088",
      "mid": "3443416"
    },
    {
      "user": "一碗米fan",
      "content": "隔壁艾尔海森的强度节奏还历历在目呢，能指望这帮人有什么游戏理解吗？[星星眼]内鬼厨从来不会吸取教训，只会给它的内鬼叠尽孝[调皮]",
      "likes": 23,
      "reply_time": "2024-10-23 00:15:55",
      "rpid": "245009763201",
      "mid": "409145195"
    },
    {
      "user": "小奇ck",
      "content": "坐等大黑塔實裝[给心心][给心心]",
      "likes": 12,
      "reply_time": "2024-10-23 01:04:18",
      "rpid": "245012327585",
      "mid": "31965554"
    },
    {
      "user": "卡布叻_学分GYL",
      "content": "看看这个[害羞]",
      "likes": 5,
      "reply_time": "2024-10-27 14:40:07",
      "rpid": "245597894288",
      "mid": "3546566486919312"
    },
    {
      "user": "璎珞丶雪华",
      "content": "今天刚到的流萤手柄赠品，流萤可爱捏",
      "likes": 13,
      "reply_time": "2024-10-23 00:16:39",
      "rpid": "245009782737",
      "mid": "36266584"
    },
    {
      "user": "风金翎",
      "content": "我的评价，只要逆天，管你是厨子，还是串子，还是Ai，全都滚一起呆着，不欢迎。",
      "likes": 24,
      "reply_time": "2024-10-23 08:06:33",
      "rpid": "245020595793",
      "mid": "646501490"
    },
    {
      "user": "月海的鱼",
      "content": "复活吧！星穹铁道！\n魂兮归来...\n𓀃𓀅𓀇𓀋𓀌\n魂兮归来.....驱长鞭而架六辔兮....\n𓀌𓀎𓀠𓀤𓀫\n魂兮归来...翻山而歌兮...归来....魂兮归来...\n𓀋𓀌𓀎𓀙𓀠\n魂兮归来...振高歌而凯旋兮...期同袍而尽泽...\n𓀋𓀠𓀤𓀥\n魂兮归来...魂兮归来....\n𓀋𓀌𓀎𓀙𓀤𓀥𓀫𓀅𓀇𓀋𓀌𓀁𓀃𓀅𓀇𓀋",
      "likes": 24,
      "reply_time": "2024-11-19 12:04:00",
      "rpid": "247169402273",
      "mid": "356539088"
    },
    {
      "user": "我太正经了怎么办",
      "content": "你知道吗？不可知域其实是一个巨大的图书馆，因为它的名字是 book 之域[doge]",
      "likes": 3239,
      "reply_time": "2024-10-22 18:05:27",
      "rpid": "245216171056",
      "mid": "2122911627"
    },
    {
      "user": "掺水酒厂",
      "content": "[微笑]",
      "likes": 9,
      "reply_time": "2024-10-23 00:46:33",
      "rpid": "245011549761",
      "mid": "1900461883"
    },
    {
      "user": "SnowLong_zx",
      "content": "刚找的，各位洗洗眼",
      "likes": 11,
      "reply_time": "2024-10-23 00:07:48",
      "rpid": "245244382848",
      "mid": "339083424"
    },
    {
      "user": "你好-戾中兽",
      "content": "到底哪来的出生",
      "likes": 3,
      "reply_time": "2024-10-22 21:48:11",
      "rpid": "245233419344",
      "mid": "397840033"
    },
    {
      "user": "淡蓝的云a",
      "content": "一分五十六那里是不是少了几帧",
      "likes": 3,
      "reply_time": "2024-10-22 18:05:00",
      "rpid": "245216098640",
      "mid": "399405546"
    },
    {
      "user": "猛猛哒伦伦",
      "content": "这模式感觉很考验显卡[doge_金箍]",
      "likes": 3,
      "reply_time": "2024-10-22 18:32:59",
      "rpid": "244984294305",
      "mid": "285976393"
    },
    {
      "user": "海灯长明",
      "content": "说实在的，这种星体计算机一但被复数机油佬遇上，确实很难不引起学术交流",
      "likes": 1419,
      "reply_time": "2024-10-22 18:15:16",
      "rpid": "244982854433",
      "mid": "514695"
    },
    {
      "user": "一个路过的主角控",
      "content": "穹宝可爱捏！",
      "likes": 7,
      "reply_time": "2024-10-22 18:30:25",
      "rpid": "245218098224",
      "mid": "1582413820"
    },
    {
      "user": "姬玥灬",
      "content": "15",
      "likes": 8,
      "reply_time": "2024-10-23 00:06:16",
      "rpid": "245244351808",
      "mid": "381914611"
    },
    {
      "user": "出生海星",
      "content": "这已经不是普通的停更了，必须要出重拳",
      "likes": 21,
      "reply_time": "2024-11-21 18:28:29",
      "rpid": "247697924592",
      "mid": "3546590390258235"
    },
    {
      "user": "南归的旅人",
      "content": "8u又来秀哩[星星眼]",
      "likes": 8,
      "reply_time": "2024-10-22 22:18:49",
      "rpid": "245001206129",
      "mid": "475155870"
    },
    {
      "user": "顺风啊顺风",
      "content": "确实有一些人喜欢发鬼图，大家看到举报下就完事了，没事了，一些淋➗他们自己会自己绝后的[滑稽]",
      "likes": 23,
      "reply_time": "2024-10-22 22:28:29",
      "rpid": "245001872113",
      "mid": "18410096"
    },
    {
      "user": "你好-星空-",
      "content": "逆天有的人看个内鬼，还觉得自己高尚上了，拿个内鬼来骂官方绝了，虽然说也不是第一次了",
      "likes": 19,
      "reply_time": "2024-10-23 13:39:35",
      "rpid": "245275619984",
      "mid": "626895401"
    },
    {
      "user": "情深未消",
      "content": "别冷战了行吗，赶紧给我发视频[生气]",
      "likes": 14,
      "reply_time": "2024-11-15 12:22:28",
      "rpid": "247158992304",
      "mid": "2855329"
    },
    {
      "user": "江亦澈",
      "content": "喵",
      "likes": 9,
      "reply_time": "2024-10-23 00:40:50",
      "rpid": "245011224145",
      "mid": "283346858"
    },
    {
      "user": "缈沫沫",
      "content": "我一点点翻过去看了一下，中途的鬼图也顺手举报了，之前的我没看见可能是因为确实是用户封的比较快，现在那些鬼图全都是在三个小时之前同一个账号发的，就跟人机似的，尽可能希望大家不要因为这一个东西对星期日的印象变差，但是我当然也知道谁看见这些东西心情都不会好，只是我也实在想不明白这样一个东西怎么会就代表星期日厨了（我同意了吗！我同意你个人机东西提我们星期日的名字了吗！你凭什么啊啊啊啊啊啊啊），总之跟这些东西粘久了是会像逛贴吧微博一样影响心情但是又一点好处都没有的！买个角色都那么鲜明那么值得喜爱，希望大家能睡个好觉，晚安[给心心]",
      "likes": 22,
      "reply_time": "2024-10-23 00:33:41",
      "rpid": "245010774385",
      "mid": "383959691"
    },
    {
      "user": "黍不是平板",
      "content": "牢景：孩子们，我回来了\n吧U，串子，米默：切割老角色😡😡👊🏻👊🏻\n牢景：？？\n另外不要试图和这群人讲道理或者对线，下图就是它们画像",
      "likes": 10,
      "reply_time": "2024-10-22 22:26:05",
      "rpid": "245001641073",
      "mid": "241614387"
    },
    {
      "user": "是不是雪",
      "content": "前来扫墓，诶大环境不好啊，没想到现在连千万粉级别的up主都撑不住破产跑路了😭",
      "likes": 12,
      "reply_time": "2024-11-18 13:38:12",
      "rpid": "247428998768",
      "mid": "109848112"
    },
    {
      "user": "洛諭",
      "content": "停更快一个月了，本来挺喜欢这up主的[委屈]",
      "likes": 18,
      "reply_time": "2024-11-17 19:16:33",
      "rpid": "247040659009",
      "mid": "631769774"
    },
    {
      "user": "风金翎",
      "content": "去污除垢",
      "likes": 8,
      "reply_time": "2024-10-23 09:48:11",
      "rpid": "245024691121",
      "mid": "646501490"
    },
    {
      "user": "易居君",
      "content": "一个月都不发视频，这个仇，我记下了！",
      "likes": 18,
      "reply_time": "2024-11-21 16:50:04",
      "rpid": "247347870769",
      "mid": "497569885"
    },
    {
      "user": "念熙阿",
      "content": "[崩坏：星穹铁道_打招呼]新家",
      "likes": 80,
      "reply_time": "2024-10-22 18:27:38",
      "rpid": "244983925633",
      "mid": "75480955"
    },
    {
      "user": "沪鱼",
      "content": "建议老米还是找个靠谱的社管吧，外包给鹅厂猪场，md跑到官方底下带节奏发鬼图，不是说是米站，薛定谔的米站是吧？",
      "likes": 3,
      "reply_time": "2024-10-22 20:57:01",
      "rpid": "244994935553",
      "mid": "123831279"
    },
    {
      "user": "若叶木星人",
      "content": "正正好好一个月了吧[doge]明天前瞻整点好活[点赞]",
      "likes": 19,
      "reply_time": "2024-11-21 19:10:26",
      "rpid": "247358275937",
      "mid": "1823160469"
    },
    {
      "user": "唉我跟你讲这瓜超甜的",
      "content": "up主都快一个月没更新了，是不是跑路了[大哭]",
      "likes": 14,
      "reply_time": "2024-11-17 17:42:39",
      "rpid": "247033070945",
      "mid": "523368350"
    },
    {
      "user": "铃木小鹿",
      "content": "朋友们，我第一次打完一直接打二，打完二直接打三，但打三boss关虫王的时候突然打不动直接挂了这正常吗，技能该拉的都拉了，我认识的人都是一把过说他也不会打，狠狠被嘲讽了[笑哭][笑哭]",
      "likes": 5,
      "reply_time": "2024-10-25 15:53:50",
      "rpid": "245187367729",
      "mid": "190022364"
    },
    {
      "user": "不抽奖可以中吗",
      "content": "和曜青的忘了",
      "likes": 8,
      "reply_time": "2024-10-23 00:19:12",
      "rpid": "245245283584",
      "mid": "347504548"
    },
    {
      "user": "8485672587",
      "content": "最胡的一把",
      "likes": 6,
      "reply_time": "2024-10-22 21:41:33",
      "rpid": "245232985664",
      "mid": "1472654521"
    },
    {
      "user": "御坂美琴吖",
      "content": "我本以为这个游戏就是做主线活动，支线活动，看剧情，然后刷仪器。打模拟宇宙，然后玩儿末日幻影，看各种二创剧情等等，看来是我太单纯了。某些群体真的是太太无敌了。就跟邪教组织一样。[灵魂出窍]",
      "likes": 19,
      "reply_time": "2024-10-22 21:52:34",
      "rpid": "244999140097",
      "mid": "662092586"
    },
    {
      "user": "暖言开拓者",
      "content": "其实米哈游因为花了2000亿宣发最终不堪重负所以只能把崩铁项目砍了，所以崩铁已经永久停更了，大家不要在等了，散伙散伙散伙\n                                                        ——by虚构史学家",
      "likes": 11,
      "reply_time": "2024-11-19 22:29:26",
      "rpid": "247214290433",
      "mid": "644017876"
    },
    {
      "user": "xmblff",
      "content": "我就知道会有节奏，一群人看个内鬼爆料就开始鬼叫。\n“就是因为骂了才加强的”\n“v1已经可以定型了”\n“幽默建模幽默特效”\n你们一个个脑子怎么长的，当初流萤黄泉也被骂嘶了，结果还不是成为了太后。真以为策划能从一个内鬼视频下面找补啊。但凡上线了后再骂我都不会说什么，现在连2.6都没到一群人看个内鬼就开始骂，甚至出视频骂。\n如果上线后还是那样我也骂，要是上线后强度不说爆表，就说召唤物专拐，以后出一个三体人召唤物角色。我就想回来看看有多少🤡，还要出视频骂的会有多🤡",
      "likes": 18,
      "reply_time": "2024-10-22 23:34:49",
      "rpid": "245242056816",
      "mid": "3493086822926737"
    },
    {
      "user": "黑沢桜",
      "content": "正常日厨不会发鬼图的，不管什么事情都怪不到流萤身上，大家别管串子点点举报……",
      "likes": 20,
      "reply_time": "2024-10-23 01:26:03",
      "rpid": "245013214001",
      "mid": "502745691"
    },
    {
      "user": "黄泉是谁",
      "content": "泉宝可爱呆呆的捏[给心心]",
      "likes": 6,
      "reply_time": "2024-10-22 18:18:55",
      "rpid": "245217203888",
      "mid": "1906714125"
    },
    {
      "user": "沪鱼",
      "content": "3",
      "likes": 9,
      "reply_time": "2024-10-23 00:23:27",
      "rpid": "245010118433",
      "mid": "123831279"
    },
    {
      "user": "Hyexpet",
      "content": "你已经二十四天没有更视频了[微笑]",
      "likes": 12,
      "reply_time": "2024-11-15 17:18:51",
      "rpid": "247179661616",
      "mid": "505311844"
    },
    {
      "user": "伊安珊-",
      "content": "现在这工业化节奏真的是让所有米游玩家都脱敏了，来来回回那几句，跟花火，砂金，流萤上线前的话术一模一样，你哪管改一改啊[笑哭]",
      "likes": 17,
      "reply_time": "2024-10-23 01:18:23",
      "rpid": "245012981649",
      "mid": "480903577"
    },
    {
      "user": "依旧飒然",
      "content": "巡海游侠们有活干了",
      "likes": 22,
      "reply_time": "2024-10-22 21:26:41",
      "rpid": "245231801728",
      "mid": "259142723"
    },
    {
      "user": "醉枫若染墨",
      "content": "回来吧～星穹铁道～我最骄傲的官方～历历在目的pv～眼泪莫名在流淌～依稀记得星期日～还有sp大停云～把星穹都掏空～就算氪金也不悔[大哭][大哭][大哭]",
      "likes": 11,
      "reply_time": "2024-11-18 13:54:09",
      "rpid": "247098285201",
      "mid": "631829073"
    },
    {
      "user": "寰宇遍布赤旗",
      "content": "某些人别发了，拿内测爆料的东西刷屏本来就不体面。退一步讲，真担心星期日强度低，也可以发动同好一起在官方渠道下提一下技能设计的建议。在这无关视频下刷屏，只会拉低玩家对星期日粉丝的整体印象，从而把本来支持星期日的路人玩家推到你的对立面，更得不偿失。[辣眼睛]",
      "likes": 17,
      "reply_time": "2024-10-22 21:11:42",
      "rpid": "244996038081",
      "mid": "361718474"
    },
    {
      "user": "灰羽无色",
      "content": "真的，你们换换话术吧，每次内鬼节奏都有必看的一句话：现在不哭弱，上线有的哭\n所以说，内鬼有成一次嘛？",
      "likes": 14,
      "reply_time": "2024-10-23 01:25:32",
      "rpid": "245248696096",
      "mid": "160938911"
    },
    {
      "user": "bili_11162829702",
      "content": "给米哈游恶意氪金，你能获得好看甚至比肩官方的二创以及别家官方没有的优质官粮 \n而给b站青天大老爷充大会员呢，你可以收获到躲无可躲的黑流量，变成帝皇战争的亲历者，和寰宇虫灾的被害者\n所以你的选择是什么？",
      "likes": 16,
      "reply_time": "2024-10-22 23:46:48",
      "rpid": "245242949936",
      "mid": "3546597476535022"
    },
    {
      "user": "高考520分哇达西",
      "content": "4.0版本爆料华元帅与异格银狼实机[微笑]",
      "likes": 4,
      "reply_time": "2024-10-31 14:38:57",
      "rpid": "245658309889",
      "mid": "1468887464"
    },
    {
      "user": "xmblff",
      "content": "这就是我们ac站啊👍发鬼图的都举报不了[给心心]",
      "likes": 14,
      "reply_time": "2024-10-22 23:41:57",
      "rpid": "245242608512",
      "mid": "3493086822926737"
    },
    {
      "user": "花樱-",
      "content": "也不像串子。。。",
      "likes": 8,
      "reply_time": "2024-10-23 01:49:03",
      "rpid": "245013897025",
      "mid": "476814466"
    },
    {
      "user": "民国豌豆",
      "content": "我有一个想法，黑塔不是有个爱好收藏东西吗？那她会不会把一些关键历史节点上的人物也给收藏了，并用忆庭的技术还原历史场景？[doge][doge]",
      "likes": 542,
      "reply_time": "2024-10-22 18:01:56",
      "rpid": "245215859328",
      "mid": "484465441"
    },
    {
      "user": "依旧飒然",
      "content": "说一下欧洛伦事件，那个视频四万的评论，他们觉得男性角色待遇太差了，为此，疯狂的辱骂女性角色，以及想要乙游的思路来解构这个游戏",
      "likes": 17,
      "reply_time": "2024-10-22 21:36:51",
      "rpid": "245232551664",
      "mid": "259142723"
    },
    {
      "user": "凛夜长渡",
      "content": "你哭弱我不管，刷鬼图举报拉黑一条龙服务，觉得弱不能成为你正当化恶心其他玩家的理由",
      "likes": 16,
      "reply_time": "2024-10-22 21:54:16",
      "rpid": "245234015456",
      "mid": "1342103422"
    },
    {
      "user": "槐生江南",
      "content": "小红书底下全是加强星期日，给我看乐了😅",
      "likes": 18,
      "reply_time": "2024-10-22 18:52:31",
      "rpid": "245219808848",
      "mid": "3494356765902908"
    },
    {
      "user": "传奇列车剑首三月七",
      "content": "纯路人 这个up怎么停更这么长时间啊？[绝区零_疑惑][绝区零_趴]",
      "likes": 11,
      "reply_time": "2024-11-22 08:35:15",
      "rpid": "247740547968",
      "mid": "3461580012391303"
    },
    {
      "user": "有想何来无执",
      "content": "喂喂喂，你这个up是停更了吗？快一个月了[生气_金箍]",
      "likes": 17,
      "reply_time": "2024-11-17 16:09:00",
      "rpid": "247026136129",
      "mid": "652302691"
    },
    {
      "user": "Mei_Y零",
      "content": "发鬼图的举报就好了，兄弟们别给那些nt玩意儿贡献评论，发出一些逆天言论引诱你去骂实际上反而正中它下怀，这种举报很难消除。[doge]",
      "likes": 17,
      "reply_time": "2024-10-22 22:04:25",
      "rpid": "245234827872",
      "mid": "356586740"
    },
    {
      "user": "The_Sober",
      "content": "这么长时间不更新，外面都传你变成睡焦小猴了",
      "likes": 10,
      "reply_time": "2024-11-10 08:59:50",
      "rpid": "246734148976",
      "mid": "493121638"
    },
    {
      "user": "月琉YLM",
      "content": "一群蟑螂，恶心至极什么时候互联网有消毒水，全灭了都舒服了。\n内鬼跟内鬼厨铁链锁死。\n没有什么厨子会伤害自己推跟别人推的，伤害了那就不是厨子，而是见人。\nAC站，去s！！！！！！！",
      "likes": 14,
      "reply_time": "2024-10-22 22:25:08",
      "rpid": "245236456976",
      "mid": "1691181038"
    },
    {
      "user": "海蛞蝓丶",
      "content": "我们AC站发鬼图都举报不了，真是太伟大了[笑哭]",
      "likes": 15,
      "reply_time": "2024-10-22 23:43:20",
      "rpid": "245242806592",
      "mid": "482628444"
    },
    {
      "user": "后天见到我",
      "content": "到我了[打call][打call]",
      "likes": 6,
      "reply_time": "2024-10-22 22:21:08",
      "rpid": "245236056016",
      "mid": "1499093523"
    },
    {
      "user": "保底的豚鼠",
      "content": "这图啥意思啊？",
      "likes": 2,
      "reply_time": "2024-10-22 18:07:50",
      "rpid": "244982424689",
      "mid": "3493114981386360"
    },
    {
      "user": "bili_11162829702",
      "content": "em ……,不是，一群不是人东西破防给那发鬼图侮辱角色，ac 站管都不管？，唉算了自从原的4.8事件过后，我也不对ac站有期望了，只能说股票还是太高导致的",
      "likes": 13,
      "reply_time": "2024-10-22 23:41:00",
      "rpid": "245242583424",
      "mid": "3546597476535022"
    },
    {
      "user": "俺没摸妹纸",
      "content": "到我了",
      "likes": 2,
      "reply_time": "2024-10-22 19:35:43",
      "rpid": "245223181888",
      "mid": "234788938"
    },
    {
      "user": "极狐冷门信仰玩家",
      "content": "终于到我了吗[崩坏3·光辉矢愿_回眸][崩坏3·光辉矢愿_遨游]",
      "likes": 2,
      "reply_time": "2024-10-22 18:35:09",
      "rpid": "245218386528",
      "mid": "544465235"
    },
    {
      "user": "欢乐子星",
      "content": "发鬼图的嘉力人都要被爆改成归途的样子哦😋",
      "likes": 13,
      "reply_time": "2024-10-23 12:19:48",
      "rpid": "245033603873",
      "mid": "333700877"
    },
    {
      "user": "猴烧派蒙",
      "content": "不可知域可以全程单通吗[doge_金箍]",
      "likes": 2,
      "reply_time": "2024-10-22 20:47:22",
      "rpid": "244994155953",
      "mid": "455054592"
    },
    {
      "user": "只是个路过的吃瘪龙",
      "content": "千万粉up主断更将近一个月，很难不怀疑是被内部抓了[doge]",
      "likes": 14,
      "reply_time": "2024-11-17 12:18:43",
      "rpid": "247337060608",
      "mid": "599400812"
    },
    {
      "user": "姬玥灬",
      "content": "17",
      "likes": 6,
      "reply_time": "2024-10-23 00:06:50",
      "rpid": "245244480704",
      "mid": "381914611"
    },
    {
      "user": "鸹厘",
      "content": "不要把逆天厨子当成厨子\n如果不论哪个不明生物都可以随便自称自己是 xx 厨子，然后疯狂攻击引战，引起其他人对 xx 的反感和厌恶，这种作恶成本未免有些过低了\n无论作为什么厨子，首先得是个正常的人，如果 ta 做了逆天的事，抨击的应该是这个人本身，贸然上升到 ta 所冒充的群体是不明智的，会误伤到无辜的人",
      "likes": 14,
      "reply_time": "2024-10-22 22:13:01",
      "rpid": "245000744145",
      "mid": "696919654"
    },
    {
      "user": "_夜雨声煩_",
      "content": "不可知域……在一片任何探测器都探测不到底地方，就是开拓者的所在地……",
      "likes": 1766,
      "reply_time": "2024-10-22 18:09:47",
      "rpid": "244982470225",
      "mid": "77207087"
    },
    {
      "user": "希望停止争斗",
      "content": "😋😋😋😋",
      "likes": 6,
      "reply_time": "2024-10-23 01:20:08",
      "rpid": "245248478064",
      "mid": "3493082014156832"
    },
    {
      "user": "姬玥灬",
      "content": "6",
      "likes": 5,
      "reply_time": "2024-10-23 00:03:49",
      "rpid": "245244201648",
      "mid": "381914611"
    },
    {
      "user": "黑暗的追逐者",
      "content": "明明ac站有锁定ip锁定设备关键词查杀露头就封禁的能力（4月12日那晚就这样的，无论号的等级碰到关键词直接无理由封号），却对这些低级号鬼图接连刷屏污染的举报处理不及时（现在还没处理）未反馈，呵呵，看来股价跌得还是不够狠啊。",
      "likes": 15,
      "reply_time": "2024-10-22 23:44:09",
      "rpid": "245007671297",
      "mid": "214656773"
    },
    {
      "user": "纵使无度迎来七休",
      "content": "复活吧！星穹铁道！\n魂兮归来...\n𓀃𓀅𓀇𓀋𓀌\n魂兮归来.....驱长鞭而架六辔兮....\n𓀌𓀎𓀠𓀤𓀫\n魂兮归来...翻山而歌兮...归来....魂兮归来...\n𓀋𓀌𓀎𓀙𓀠\n魂兮归来...振高歌而凯旋兮...期同袍而尽泽...\n𓀋𓀠𓀤𓀥\n魂兮归来...魂兮归来....\n𓀋𓀌𓀎𓀙𓀤𓀥𓀫𓀅𓀇𓀋𓀌𓀁𓀃𓀅𓀇𓀋",
      "likes": 13,
      "reply_time": "2024-11-18 20:52:01",
      "rpid": "247460622784",
      "mid": "693768323"
    },
    {
      "user": "头像我主人呀",
      "content": "美美的萌萌的，紫色小蛋糕，宝宝你快来",
      "likes": 7,
      "reply_time": "2024-10-23 03:21:38",
      "rpid": "245251813328",
      "mid": "660090249"
    },
    {
      "user": "依旧飒然",
      "content": "举报键都按冒烟了，某些群体能不能别刷屏了[笑哭]",
      "likes": 13,
      "reply_time": "2024-10-22 21:23:57",
      "rpid": "245231680992",
      "mid": "259142723"
    },
    {
      "user": "他很麻烦的",
      "content": "不懂就问这个UP主为什么最近不更新了，光在动态恰饭那个叫崩坏什么英雄回到的，也不见他更视频的。[笑哭]",
      "likes": 15,
      "reply_time": "2024-11-17 14:11:02",
      "rpid": "247346653952",
      "mid": "478091631"
    },
    {
      "user": "-曦霞-",
      "content": "b站真是幽默，机器人过来刷鬼图刷屏都不判定为违规😅",
      "likes": 27,
      "reply_time": "2024-10-22 23:21:45",
      "rpid": "245241005584",
      "mid": "382368241"
    },
    {
      "user": "琴星星星星",
      "content": "世界名画《我和天才们》[打call]",
      "likes": 6,
      "reply_time": "2024-10-23 11:25:25",
      "rpid": "245266424480",
      "mid": "259778124"
    },
    {
      "user": "镊子dd-_-",
      "content": "停更一个月打卡[打call]",
      "likes": 10,
      "reply_time": "2024-11-22 14:42:30",
      "rpid": "247420141681",
      "mid": "429633498"
    },
    {
      "user": "卢锐塔跌",
      "content": "星期日立绘下面全是那几个一样的评论，我还以为有什么新奇的东西呢，没趣[藏狐]",
      "likes": 13,
      "reply_time": "2024-10-23 00:45:19",
      "rpid": "245246845568",
      "mid": "3546719769856638"
    },
    {
      "user": "2gguvfujvfy558",
      "content": "【恕我直言，艾尔海森的节奏就是个笑话！-哔哩哔哩】 https://b23.tv/HFCINfX\n可以对比一下，这些节奏几乎就没什么变化，欧格伦星期日艾尔海森这三人的节奏真的是像到不能再像了[笑哭]",
      "likes": 14,
      "reply_time": "2024-10-23 00:51:47",
      "rpid": "245011721457",
      "mid": "3546587496188358"
    },
    {
      "user": "__CHOO",
      "content": "已养服莫辜负",
      "likes": 4,
      "reply_time": "2024-11-03 14:03:08",
      "rpid": "245903459425",
      "mid": "438752371"
    },
    {
      "user": "南笙墨染MINAMISUMI",
      "content": "这个新宇宙带布洛妮娅应该可以无脑选择智识祝福，因为这是布可智域[doge]",
      "likes": 1118,
      "reply_time": "2024-10-22 18:11:40",
      "rpid": "245216644832",
      "mid": "36158617"
    },
    {
      "user": "山里灵活的流萤",
      "content": "模拟宇宙不可知域之所以叫不可知域，是因为开拓者“乘”着“加”入末“法”世记的机会与乱破“交换”了“群”聊，简称“加法交换群”，“乘法交换群”[doge][doge][doge][doge]",
      "likes": 2091,
      "reply_time": "2024-10-22 18:00:55",
      "rpid": "245215672960",
      "mid": "397781511"
    },
    {
      "user": "沐泽rug",
      "content": "崩铁啊崩铁，你怎么能如此堕落，你这个月的的kpi都完成了嘛[思考]",
      "likes": 17,
      "reply_time": "2024-11-17 22:14:47",
      "rpid": "247385026608",
      "mid": "2073737043"
    },
    {
      "user": "快上车233",
      "content": "哥，更新一下视频吧都半个月了",
      "likes": 10,
      "reply_time": "2024-11-15 11:57:38",
      "rpid": "247156842400",
      "mid": "356348620"
    },
    {
      "user": "海遥01",
      "content": "复活吧！星穹铁道！\nShambulia! Beba silaha\n𓀃𓀅𓀇𓀋𓀌\nPigana mpaka mwishowe\n𓀌𓀎𓀠𓀤𓀫\nKwa nchi yetu tutaunguza damu yoyote\n𓀋𓀌𓀎𓀙𓀠\nRudi kwa pambaja ya dunia\n𓀋𓀠𓀤𓀥\nRudini ndugu...Rudini mashujaa....\n𓀋𓀌𓀎𓀙𓀤𓀥𓀫𓀅𓀇𓀋𓀌𓀁𓀃𓀅𓀇𓀋",
      "likes": 47,
      "reply_time": "2024-11-18 17:19:44",
      "rpid": "247110801537",
      "mid": "458220287"
    },
    {
      "user": "空辰_PotatoCat",
      "content": "你游成分确实复杂",
      "likes": 5,
      "reply_time": "2024-10-23 22:27:33",
      "rpid": "245310394800",
      "mid": "1457283021"
    },
    {
      "user": "柱子哒",
      "content": "招笑阿ac，机器水军开小号疯狂发归途是举办不掉的，找人工客服是不管用的，骂它是要吞评论的，股价还是太高了",
      "likes": 12,
      "reply_time": "2024-10-22 23:41:22",
      "rpid": "245007430449",
      "mid": "434258450"
    },
    {
      "user": "钟离不想睡大街",
      "content": "震惊！崩铁第一大内鬼近一月未更新！疑似即将销号跑路！[doge]",
      "likes": 11,
      "reply_time": "2024-11-17 18:16:29",
      "rpid": "247035782945",
      "mid": "3493129242020298"
    },
    {
      "user": "2gguvfujvfy558",
      "content": "【关于游戏区恶性引战、人身攻击行为的专项治理公告-哔哩哔哩】 https://b23.tv/GUEjxRG\n越看越好笑[笑哭]",
      "likes": 16,
      "reply_time": "2024-10-22 23:28:16",
      "rpid": "245006490769",
      "mid": "3546587496188358"
    },
    {
      "user": "夜之光Hi",
      "content": "要不是在匹诺康尼，我还以为是堕入魔阴身了[支持]",
      "likes": 3,
      "reply_time": "2024-10-27 01:21:32",
      "rpid": "245560483488",
      "mid": "1738904135"
    },
    {
      "user": "姬玥灬",
      "content": "2",
      "likes": 5,
      "reply_time": "2024-10-23 00:02:52",
      "rpid": "245244119808",
      "mid": "381914611"
    },
    {
      "user": "N_島",
      "content": "这就老是在角色上线前发布PV\n估计是被内鬼抓住了 唉",
      "likes": 16,
      "reply_time": "2024-11-17 17:04:29",
      "rpid": "247359180736",
      "mid": "13175151"
    },
    {
      "user": "゚゙゙゚゚゙゙゙゚゙",
      "content": "a1c3站你无敌了，星期日，停云v1测试主页到处都是，还有人吐槽，以及柳城月的和莱卡的，mhy你能不能管一管啊，都突脸了",
      "likes": 12,
      "reply_time": "2024-10-23 09:49:09",
      "rpid": "245024899425",
      "mid": "1287001387"
    },
    {
      "user": "-灰色de世界",
      "content": "大家别等了，这up停服跑路了[OK]",
      "likes": 13,
      "reply_time": "2024-11-17 19:17:58",
      "rpid": "247040724353",
      "mid": "517276799"
    },
    {
      "user": "牧原乳业゜",
      "content": "@陈不荡龙一  @零度星空是  @棠坊  @貌美如花过得刚嘻  @可是小各她真的不困诶 @水墨狮zi_ @苏申申啊 @GkottaVolta @immtral @时钟兔哇 @想嘬银枝的耳坠 @秦空明 @八重瓜子 @能不能娶祀啊 @清心寡欲纯爱战神 @苟霸猫 @迟迟长夜m @zaloy @阴暗的加入骨顶鸡 @欢愉流萤在线巡猎 @献给伊德莉拉-跑路版 @无敌流伟大玉 每日一遛🤣👉🤡",
      "likes": 12,
      "reply_time": "2024-10-23 09:58:18",
      "rpid": "245025363697",
      "mid": "3494375002737252"
    },
    {
      "user": "姬玥灬",
      "content": "14",
      "likes": 5,
      "reply_time": "2024-10-23 00:05:54",
      "rpid": "245244344704",
      "mid": "381914611"
    },
    {
      "user": "冰川时代峰峻",
      "content": "抛开事实不谈，没拿奖你就不能发星琼了吗？[藏狐]",
      "likes": 8,
      "reply_time": "2024-11-22 11:10:06",
      "rpid": "247749888272",
      "mid": "1547161538"
    },
    {
      "user": "来生想入幻想乡",
      "content": "新宇宙真好玩，我现在宣布差分是史",
      "likes": 7,
      "reply_time": "2024-10-27 18:33:41",
      "rpid": "245614898096",
      "mid": "372704726"
    },
    {
      "user": "运气最差的埃维金人",
      "content": "节奏好敷衍啊，就一个机器人刷，连串都没有，甚至只会发那两张鬼图，评价为不及0.01%散",
      "likes": 12,
      "reply_time": "2024-10-22 23:41:23",
      "rpid": "245007448145",
      "mid": "1933173285"
    },
    {
      "user": "宏图待看新秀",
      "content": "感觉有点像之前的一个活动，玩起来挺爽的",
      "likes": 7,
      "reply_time": "2024-10-23 00:59:20",
      "rpid": "245247555728",
      "mid": "19991703"
    },
    {
      "user": "眼看喜委鬼",
      "content": "据我观察，很多人的烦恼都是自找的。生活中已经有不少难处，就别自添烦忧了。\n                                            ——by艾尔海森",
      "likes": 12,
      "reply_time": "2024-10-23 10:16:16",
      "rpid": "245262486816",
      "mid": "1202790024"
    },
    {
      "user": "一条咸鱼1145",
      "content": "“第二次帝皇战争之后”本来没啥的，这些家伙硬是跟这个版本格外的契合（笑死[喜极而泣]",
      "likes": 12,
      "reply_time": "2024-10-22 21:53:44",
      "rpid": "244999168465",
      "mid": "402480155"
    },
    {
      "user": "喷饭翘翘",
      "content": "扑满挑战斯蒂芬）[doge_金箍]",
      "likes": 5,
      "reply_time": "2024-11-11 23:22:39",
      "rpid": "246879893344",
      "mid": "1836976509"
    },
    {
      "user": "幻万象",
      "content": "@崩坏星穹铁道 可不可以加一个文案回放（应该是这么说），今天体验完新版本剧情，知更鸟那段关于梦想的文案太棒了[星星眼]",
      "likes": 3,
      "reply_time": "2024-10-26 13:03:42",
      "rpid": "245254949041",
      "mid": "3493117739141288"
    },
    {
      "user": "_Anachronism_",
      "content": "这不就是那个什么银河棒球侠活动pro plus吗，也是拿装备升级什么的",
      "likes": 327,
      "reply_time": "2024-10-22 18:01:46",
      "rpid": "245215790480",
      "mid": "74359435"
    },
    {
      "user": "清茶煮酒化成雨",
      "content": "黄泉大人ᐠ( ᑒ )ᐟ 黄泉大人ᐠ( ᑒ )ᐟ",
      "likes": 33,
      "reply_time": "2024-10-22 20:56:06",
      "rpid": "245229347136",
      "mid": "1369030622"
    },
    {
      "user": "王蛰农药",
      "content": "别似啊，我给你游戏充的钱怎么办，快退给我再似[难过]",
      "likes": 11,
      "reply_time": "2024-11-18 13:21:11",
      "rpid": "247427816160",
      "mid": "110939228"
    },
    {
      "user": "黑暗丰穰之歌",
      "content": "周天这个角色，我只能说哭弱的人最好别抽，3.0版本老辅助辅助不了随从的时候哭去吧。反正我是必抽",
      "likes": 13,
      "reply_time": "2024-10-23 08:16:25",
      "rpid": "245020789121",
      "mid": "278964295"
    },
    {
      "user": "ETERNALHEATE",
      "content": "@崩坏星穹铁道 请问啥时候能再给一个五星角色啊[吃瓜]还有能不能出一个像素风格的模拟宇宙（照片是我自己用乐高拼的logo，看着它还有模拟宇宙的一个事件想到的），比如做成街机形式[打call]",
      "likes": 5,
      "reply_time": "2024-10-22 21:24:23",
      "rpid": "244997041873",
      "mid": "3546746032491166"
    },
    {
      "user": "_-薇尔莉特-_゛",
      "content": "看来nga老哥说的是真的，米哈游要卷钱跑路啦，铁一个月没视频，原神立绘也不发[脱单doge][脱单doge]",
      "likes": 8,
      "reply_time": "2024-11-22 17:44:23",
      "rpid": "247778735664",
      "mid": "350277000"
    },
    {
      "user": "日常金星神",
      "content": "周解真是周天哥的福报啊[喜极而泣]，宁愿信它们内鬼叠也不信周天能当太子",
      "likes": 11,
      "reply_time": "2024-10-23 10:28:21",
      "rpid": "245263155200",
      "mid": "297575827"
    },
    {
      "user": "伊安珊-",
      "content": "( ｀・ω・´)\n ⊃💠1600⊂\n\n( ｀・ω・´)\n⊃🟨🟨🟪🟪🟦🟦🟦🟦🟦🟦\n\n祝各位旅行者都能十连双金",
      "likes": 14,
      "reply_time": "2024-10-23 04:01:46",
      "rpid": "245016611185",
      "mid": "480903577"
    },
    {
      "user": "虽芸乐",
      "content": "这个模式明显是抬鸭鸭的，因为“不可知域”即“布，可知域”，说明布洛妮娅可以轻松掌握这个模式",
      "likes": 128,
      "reply_time": "2024-10-22 18:08:29",
      "rpid": "244982438849",
      "mid": "2005201553"
    },
    {
      "user": "321qd",
      "content": "怎么巡海游侠一出，就有猴子过来跳啊",
      "likes": 12,
      "reply_time": "2024-10-22 22:15:25",
      "rpid": "245000840817",
      "mid": "479437179"
    },
    {
      "user": "姬玥灬",
      "content": "18",
      "likes": 5,
      "reply_time": "2024-10-23 00:07:30",
      "rpid": "245244454880",
      "mid": "381914611"
    },
    {
      "user": "试逝死死",
      "content": "复活吧！😭😭😭\n魂兮归来...\n𓀃𓀅𓀇𓀋𓀌\n魂兮归来.....驱长鞭而架六辔兮....\n𓀌𓀎𓀠𓀤𓀫\n魂兮归来...翻山而歌兮...归来....魂兮归来...\n𓀋𓀌𓀎𓀙𓀠\n魂兮归来...振高歌而凯旋兮...期同袍而尽泽...\n𓀋𓀠𓀤𓀥\n魂兮归来...魂兮归来....\n𓀋𓀌𓀎𓀙𓀤𓀥𓀫𓀅𓀇𓀋𓀌𓀁𓀃𓀅𓀇𓀋",
      "likes": 17,
      "reply_time": "2024-11-17 16:53:27",
      "rpid": "247358353728",
      "mid": "3546663153043714"
    },
    {
      "user": "爷就是花晓羽",
      "content": "击破队的含金量还在上升[绝区零_冲鸭]",
      "likes": 4,
      "reply_time": "2024-10-24 19:22:45",
      "rpid": "245131011537",
      "mid": "3493283988769193"
    },
    {
      "user": "超神无敌的人",
      "content": "你已经快一个月没更新了[大哭][大哭][大哭]",
      "likes": 11,
      "reply_time": "2024-11-17 10:08:33",
      "rpid": "247327118336",
      "mid": "294996536"
    },
    {
      "user": "卡夢難得不糊塗",
      "content": "官方被封號了是吧[doge_金箍][笑哭]",
      "likes": 9,
      "reply_time": "2024-11-18 13:10:29",
      "rpid": "247095341745",
      "mid": "3546720698894473"
    },
    {
      "user": "悄悄探头的梦幻",
      "content": "举报进cd了，各位继续加油...[藏狐]",
      "likes": 18,
      "reply_time": "2024-10-22 21:24:49",
      "rpid": "244997126817",
      "mid": "137492"
    },
    {
      "user": "Haz_Studio单推人3号",
      "content": "up主都快一个月没更新了，是不是跑路了",
      "likes": 11,
      "reply_time": "2024-11-17 17:20:17",
      "rpid": "247360464384",
      "mid": "3461563486833594"
    },
    {
      "user": "撕墨丶",
      "content": "我梦见一片蕉土🍌\n一株破土而生的芭蕉🐒\n它迎着小猴绽放🐒\n向我蕉语蕉喃🍌\n为蕉而生🍌\n为蕉而战🍌\n飞猴扑火🐒\n香蕉而生🍌",
      "likes": 5,
      "reply_time": "2024-10-22 18:54:48",
      "rpid": "245219953712",
      "mid": "17701604"
    },
    {
      "user": "HIGHWAY-X",
      "content": "又是你，小黑塔[星星眼]",
      "likes": 8,
      "reply_time": "2024-10-23 02:20:51",
      "rpid": "245250444096",
      "mid": "599965047"
    },
    {
      "user": "HIGHWAY-X",
      "content": "真是酣畅淋漓的发图啊",
      "likes": 6,
      "reply_time": "2024-10-23 02:16:35",
      "rpid": "245250487936",
      "mid": "599965047"
    },
    {
      "user": "AA大润发撒手",
      "content": "各位，善用举报、点踩➕拉黑，对面是不是个人还很难说，就不要浪费口舌汴京了，以免影响到自己心情",
      "likes": 10,
      "reply_time": "2024-10-22 22:13:13",
      "rpid": "245235475968",
      "mid": "350964426"
    },
    {
      "user": "莫贻牛马嘲",
      "content": "《不可知域》（是一个任何探测器也找不到的区域，大家快退呀[妙啊]",
      "likes": 1747,
      "reply_time": "2024-10-22 18:02:32",
      "rpid": "245215810144",
      "mid": "551861620"
    },
    {
      "user": "民国豌豆",
      "content": "鲁伯特三世登场剧情我猜会不会是这样\n复活繁育后，所有事情远远超乎出了仙舟联盟的预测，几乎所有星神参与到这场的混战中，甚至连鲁伯特都作为黑暗机械之神的次级星神觉醒，最终，宇宙中形成了贪餮，毁灭，丰饶，迷思，四神鼎立的场面[妙啊][妙啊]",
      "likes": 1347,
      "reply_time": "2024-10-22 18:07:09",
      "rpid": "245216214240",
      "mid": "484465441"
    },
    {
      "user": "万载皆可云",
      "content": "9999真能出啊",
      "likes": 4,
      "reply_time": "2024-10-24 10:03:54",
      "rpid": "245338948144",
      "mid": "638349341"
    },
    {
      "user": "绘制缭乱忍符",
      "content": "球球日子哥的一些厨子补药给日子哥招黑了 我们普通厨子没惹谢谢 不要再去别的角色底下刷屏了 也不要骂其他角色了 真的很招黑 不想以后日子哥相关的底下全是大战 谢谢[保佑][保佑][保佑][保佑][保佑][保佑]",
      "likes": 10,
      "reply_time": "2024-10-22 21:50:40",
      "rpid": "244998985601",
      "mid": "701881995"
    },
    {
      "user": "桉楀",
      "content": "这出模拟宇宙的速度比我出金还要快()",
      "likes": 395,
      "reply_time": "2024-10-22 18:20:19",
      "rpid": "244983313521",
      "mid": "475200165"
    }
  ],
  "total_comments": 200
}