{
  "video_info": {
    "title": "《崩坏：星穹铁道》知更鸟角色PV——「孤独摇摆」",
    "bvid": "BV1Am411y7iK",
    "aid": 1904093475,
    "author": "崩坏星穹铁道",
    "pub_date": "2024-05-07 12:00:00"
  },
  "comments_data": [
    {
      "user": "大家的音乐机",
      "content": "【崩坏：星穹铁道-知更鸟全民制作人】活动上线了！！快来为知更鸟创作音乐成为她的制作人吧[打call]~活动传送门👉：https://www.bilibili.com/blackboard/era/w6oKCRZeuJ19Tfu2.html",
      "likes": 5309,
      "reply_time": "2024-05-08 15:03:50",
      "rpid": "220449182560",
      "mid": "32708543"
    },
    {
      "user": "咩絮",
      "content": "导演：星期日\n摄影：星期日\n周日哥你[doge]",
      "likes": 933,
      "reply_time": "2024-05-07 13:57:39",
      "rpid": "220296850656",
      "mid": "353274538"
    },
    {
      "user": "某不知名的替身使者-_",
      "content": "“我要做知更鸟小姐的狗”",
      "likes": 1116,
      "reply_time": "2024-05-07 13:18:16",
      "rpid": "220292410064",
      "mid": "431696028"
    },
    {
      "user": "平凡上校",
      "content": "00:19化成灰我都认得这三个图标[笑哭]",
      "likes": 622,
      "reply_time": "2024-05-07 12:19:49",
      "rpid": "220283653584",
      "mid": "114359776"
    },
    {
      "user": "Gsin果森",
      "content": "有车票诶，是开拓者吗",
      "likes": 548,
      "reply_time": "2024-05-07 12:22:56",
      "rpid": "220284134960",
      "mid": "1049405438"
    },
    {
      "user": "Yu酱超努力",
      "content": "能碰这个环的也就只有星期日了[喜极而泣]",
      "likes": 465,
      "reply_time": "2024-05-07 14:40:03",
      "rpid": "220301183488",
      "mid": "2763274"
    },
    {
      "user": "天翼3G真是太快喇",
      "content": "角色PV（✘）\n《空气蛹》专辑先行MV（✔）",
      "likes": 2081,
      "reply_time": "2024-05-07 12:03:45",
      "rpid": "220281320720",
      "mid": "383187115"
    },
    {
      "user": "-向阳四叶草-",
      "content": "看到叽米我们就知道即将更新（前瞻直播）或者版本已更新（走进星穹），这何尝又不是一种知更鸟？[doge]",
      "likes": 755,
      "reply_time": "2024-05-07 12:00:19",
      "rpid": "220280798800",
      "mid": "1336993561"
    },
    {
      "user": "WYX2023xm",
      "content": "今晚八点半，知更鸟的个人慢直播即将在@帕姆的收藏夹 开启，欢迎收看[妙啊]",
      "likes": 726,
      "reply_time": "2024-05-07 12:00:29",
      "rpid": "220280966176",
      "mid": "294099923"
    },
    {
      "user": "山吹日暮",
      "content": "小彩蛋：周日哥是导演摄像[笑哭]",
      "likes": 200,
      "reply_time": "2024-05-07 12:45:45",
      "rpid": "220287774832",
      "mid": "251604561"
    },
    {
      "user": "客服大V",
      "content": "在银河中孤独摇摆，能否使一颗心免于哀伤？\r\n若我不曾见过太阳，又怎会知道希望有羽毛和翅膀？",
      "likes": 519,
      "reply_time": "2024-05-07 12:01:19",
      "rpid": "220280952704",
      "mid": "515154670"
    },
    {
      "user": "Ander-K",
      "content": "好好好， 这么玩是吧",
      "likes": 114,
      "reply_time": "2024-05-07 12:20:33",
      "rpid": "220283743440",
      "mid": "385600596"
    },
    {
      "user": "麋失鹿",
      "content": "I CAN BE MISS ROBIN'S LAPDOG!!!!!![喜欢][喜欢][喜欢][喜欢][喜欢]",
      "likes": 66,
      "reply_time": "2024-05-07 12:07:28",
      "rpid": "220281839920",
      "mid": "66708240"
    },
    {
      "user": "FREETII",
      "content": "我发布了一篇笔记，快来看看吧~",
      "likes": 99,
      "reply_time": "2024-05-07 12:41:04",
      "rpid": "220286991584",
      "mid": "401118201"
    },
    {
      "user": "不屈飞鱼明武宗朱厚照",
      "content": "这图，还是看一次笑一次[滑稽]",
      "likes": 113,
      "reply_time": "2024-05-07 12:25:35",
      "rpid": "220284514032",
      "mid": "13843103"
    },
    {
      "user": "chenhjei",
      "content": "这是什么pv啊，分明是MV啊[哦呼]",
      "likes": 3306,
      "reply_time": "2024-05-07 12:01:53",
      "rpid": "220281142928",
      "mid": "266569564"
    },
    {
      "user": "_Anachronism_",
      "content": "Ths is true music\n  🎧😑🎧\n 🤟 👚 🤟\n       🩳️\n      👞👞\n嗯~~太↗好↘听↗了↘吧↗！\n我刚才听到你唱歌了，简直就是天籁！\n我们以后一起唱好不好，一起唱，一起做匹诺康尼偶像😍😍",
      "likes": 1436,
      "reply_time": "2024-05-07 12:00:15",
      "rpid": "220280795680",
      "mid": "74359435"
    },
    {
      "user": "老拔美食",
      "content": "神仙颜值知更鸟❤️人间理想知更鸟❤️\n温柔体贴知更鸟💖治愈微笑知更鸟💖\n不可替代知更鸟💝深得我心知更鸟💝\n星辰皓月知更鸟💗星光闪闪知更鸟💗\n一见钟情知更鸟💘宝藏女孩知更鸟💘\n今生挚爱知更鸟💜余生只爱知更鸟💜",
      "likes": 935,
      "reply_time": "2024-05-07 12:00:20",
      "rpid": "220280799440",
      "mid": "35908067"
    },
    {
      "user": "雷筒_Prime",
      "content": "还有舰长和旅行者友情出演[脱单doge]",
      "likes": 169,
      "reply_time": "2024-05-07 12:07:50",
      "rpid": "220282016624",
      "mid": "38394825"
    },
    {
      "user": "瀮楓",
      "content": "#知更鸟美神降临\n#知更鸟秒了\n#知更鸟怦然心动\n#知更鸟视觉中心\n#知更鸟温文尔雅\n#知更鸟珍珠音色\n#知更鸟一笑倾城\n#知更鸟粉面含春\n#知更鸟万众瞩目",
      "likes": 63,
      "reply_time": "2024-05-07 12:00:19",
      "rpid": "220280901824",
      "mid": "150217501"
    },
    {
      "user": "坡亚",
      "content": "我们崩铁自己的芙芙[脱单doge]",
      "likes": 127,
      "reply_time": "2024-05-07 12:08:35",
      "rpid": "220281978304",
      "mid": "1114863532"
    },
    {
      "user": "圣帝琪亚娜二世",
      "content": "在银河中孤独摇摆，能否使一颗心免于哀伤？\r\n若我不曾见过太阳，又怎会知道希望有羽毛和翅膀？\r\n\r\n中文CV：\r\n知更鸟——钱琛 / 歌：Chevy\r\n\r\n日文CV：\r\n知更鸟——名冢佳织 / 歌：Chevy\r\n\r\n英文CV：\r\n知更鸟——Alice Himora / Song vocals: Chevy\r\n\r\n韩文CV：\r\n知更鸟——신온유/ 노래: Chevy",
      "likes": 34,
      "reply_time": "2024-05-07 12:01:26",
      "rpid": "220281011920",
      "mid": "3546650563840357"
    },
    {
      "user": "青山渚的自由红薯协会",
      "content": "你染上不眠之夜了！？[哦呼][哦呼][哦呼]",
      "likes": 139,
      "reply_time": "2024-05-07 16:17:49",
      "rpid": "220311116416",
      "mid": "34892786"
    },
    {
      "user": "琪宝的jo香香的甜甜的",
      "content": "Welcome to my world～",
      "likes": 83,
      "reply_time": "2024-06-14 19:15:10",
      "rpid": "226304451872",
      "mid": "283297588"
    },
    {
      "user": "mina_owoyama",
      "content": "就在今天！\n哥们记录了两个月的播放增长[打call][打call][打call]",
      "likes": 27,
      "reply_time": "2024-07-20 23:05:40",
      "rpid": "232638713072",
      "mid": "3546652193327829"
    },
    {
      "user": "浅唱魔音",
      "content": "PV？MV！\n就是可怜钱琛老师居然一整个pv一句话没有[笑哭][笑哭][笑哭]",
      "likes": 233,
      "reply_time": "2024-05-07 12:02:56",
      "rpid": "220281288704",
      "mid": "301435696"
    },
    {
      "user": "静影叮咚",
      "content": "周日哥你不要太爱你妹妹",
      "likes": 61,
      "reply_time": "2024-05-07 12:47:24",
      "rpid": "220287936768",
      "mid": "66580049"
    },
    {
      "user": "mina_owoyama",
      "content": "千万合影！\n不枉我这俩月天天记录[给心心][给心心][给心心]",
      "likes": 26,
      "reply_time": "2024-07-20 23:18:35",
      "rpid": "232641279504",
      "mid": "3546652193327829"
    },
    {
      "user": "RHSHBS",
      "content": "这下三厨狂喜了[脱单doge]",
      "likes": 35,
      "reply_time": "2024-05-07 12:47:18",
      "rpid": "220287933008",
      "mid": "34850364"
    },
    {
      "user": "你想获得我的力量吗",
      "content": "此时此刻我不得不来一张这个。（笑）",
      "likes": 44,
      "reply_time": "2024-05-07 18:49:46",
      "rpid": "220331163680",
      "mid": "21468"
    },
    {
      "user": "孤独以冬",
      "content": "好美的小鸟，这是不是致敬玛丽莲梦露(*'▽'*)♪",
      "likes": 62,
      "reply_time": "2024-05-07 12:03:07",
      "rpid": "220281295824",
      "mid": "142644095"
    },
    {
      "user": "吕殿",
      "content": "请问 你是否承认知更鸟小姐的美貌盖世无双",
      "likes": 28,
      "reply_time": "2024-06-11 20:42:23",
      "rpid": "225832172720",
      "mid": "3792465"
    },
    {
      "user": "Layatove",
      "content": "告诉银枝，我找到纯美女神伊德莉拉了[给心心]",
      "likes": 64,
      "reply_time": "2024-05-07 12:20:30",
      "rpid": "220283741008",
      "mid": "383295948"
    },
    {
      "user": "因为毛绒是最棒的",
      "content": "导演，摄影都是星期日，哇",
      "likes": 48,
      "reply_time": "2024-05-07 13:40:58",
      "rpid": "220295135264",
      "mid": "662841780"
    },
    {
      "user": "笑谈千秋",
      "content": "好像是我，不确定，再看看[doge]",
      "likes": 48,
      "reply_time": "2024-05-07 12:47:21",
      "rpid": "220287912112",
      "mid": "227613352"
    },
    {
      "user": "想要可爱的男孩子",
      "content": "给擦环的是哥哥",
      "likes": 41,
      "reply_time": "2024-05-07 13:10:43",
      "rpid": "220291323952",
      "mid": "13114794"
    },
    {
      "user": "ckxyyz",
      "content": "与其说是PV倒不如说是MV",
      "likes": 98,
      "reply_time": "2024-05-07 12:02:03",
      "rpid": "220281151168",
      "mid": "544121934"
    },
    {
      "user": "dixway97",
      "content": "本来说好不再给星穹铁道充钱…\n但是前几天一个不小心撞到衣柜，旋转了半圈以后手机从衣服口袋里飞出来直接飞到桌子上，我也没站稳直接手撑在桌子上了…\n碰到桌子的那个瞬间指尖刚好碰到手机屏幕一不小心就点开了星穹铁道，然后又一不小心点到了商店，然后又一不小心点了指纹支付，后来人站稳了结果已经充完钱了，真是奇幻的一个瞬间啊",
      "likes": 27,
      "reply_time": "2024-05-07 12:00:39",
      "rpid": "220280918784",
      "mid": "611340"
    },
    {
      "user": "你-去祭典了吧",
      "content": "在银河中孤独摇摆，能否使一颗心免于哀伤？\r\n若我不曾见过太阳，又怎会知道希望有羽毛和翅膀？\r\n\r\n中文CV：\r\n知更鸟——钱琛 / 歌：Chevy\r\n\r\n日文CV：\r\n知更鸟——名冢佳织 / 歌：Chevy\r\n\r\n英文CV：\r\n知更鸟——Alice Himora / Song vocals: Chevy\r\n\r\n韩文CV：\r\n知更鸟——신온유/ 노래: Chevy",
      "likes": 21,
      "reply_time": "2024-05-07 12:00:19",
      "rpid": "220280862672",
      "mid": "279259208"
    },
    {
      "user": "云璃单推那菈や",
      "content": "我是匹诺康尼人，我一直都是知更鸟小姐的粉丝，这次希望和这什么崩铁联动不要出什么岔子，我还在等两天后的协乐大典呢。也希望崩铁可以接住这滔天的富贵[tv_微笑][tv_微笑]",
      "likes": 31,
      "reply_time": "2024-05-07 15:16:53",
      "rpid": "220304791328",
      "mid": "288155842"
    },
    {
      "user": "liiiiinkaq",
      "content": "💫#知更鸟 匹诺康尼神颜#✨\n💫#知更鸟 美神降临#✨\n💫#知更鸟 怦然心动#✨\n🔥#知更鸟 视觉中心#✨\n🔥#知更鸟 秀外慧中#✨\n🔥#知更鸟 温柔淡雅#✨\n☀️#知更鸟 一见钟情#✨\n☀️#知更鸟 人间理想#✨\n🌙#知更鸟 不可代替#✨\n#💙知更鸟 美神降临💙#\n#💅知更鸟 家族神颜💅#\n#💘知更鸟 怦然心动💘#\n#✨️知更鸟 视觉中心✨️#\n#🌈知更鸟 舞台匠人🌈#\n#🎼知更鸟 珍珠音色🎼#\n#✍️知更鸟 唱作俱佳✍️#\n#🍷知更鸟 温文尔雅🍷#\n#💫知更鸟 月眉星眼💫#\n#💋知更鸟 秀外慧中💋#\n#🌸知更鸟 粉面含春🌸#\n#🎐知更鸟 淡雅脱俗🎐#\n#🌠知更鸟 芊芊细步🌠#\n#🌷知更鸟 霓裳羽衣🌷#\n#💘知更鸟 粉蓝浪漫💘#\n#🎊人美歌甜 知更鸟🎊#\n#🎖至纯至善 知更鸟🎖#\n#🌠银河巨星 知更鸟🎇#\n#🎼绝美嗓音 知更鸟🎼#\n#💞天使之翼 知更鸟💞#\n#🎆知更鸟与春天的约定🎆#\n#🎺知更鸟是一只百灵鸟🎺#\n#🎀知更鸟 视觉维纳斯🎀#\n#🏆知更鸟一顾倾城再顾倾国🏆#\n#💌给知更鸟的130次告白💌#",
      "likes": 80,
      "reply_time": "2024-05-07 12:10:32",
      "rpid": "220282323104",
      "mid": "2005837559"
    },
    {
      "user": "一般路过唐草镇",
      "content": "快看！那个小黑鸟是开拓鸟",
      "likes": 25,
      "reply_time": "2024-05-07 12:37:22",
      "rpid": "220286445264",
      "mid": "237303820"
    },
    {
      "user": "妁旳纛醴",
      "content": "打卡",
      "likes": 29,
      "reply_time": "2024-07-23 20:54:22",
      "rpid": "233203813456",
      "mid": "3537113970641811"
    },
    {
      "user": "小证证",
      "content": "前几天去漫展把自己画的知更鸟送给了钱琛老师，人生已经没有遗憾了[原神·枫丹_好困难...][原神·枫丹_好困难...][原神·枫丹_好困难...]",
      "likes": 79,
      "reply_time": "2024-05-07 12:10:06",
      "rpid": "220282219776",
      "mid": "94624105"
    },
    {
      "user": "コマドリ重度の依存症",
      "content": "我家小鸟待遇太差了[大哭]大月卡头像都没有[大哭]剧情也少的可怜[大哭]",
      "likes": 28,
      "reply_time": "2024-07-26 18:54:41",
      "rpid": "233794048464",
      "mid": "1233138580"
    },
    {
      "user": "雪辰沙",
      "content": "我还以为是孤独摇滚呢，gogogo[doge][doge][doge]",
      "likes": 90,
      "reply_time": "2024-05-07 12:00:44",
      "rpid": "220280978496",
      "mid": "352751792"
    },
    {
      "user": "木子きご",
      "content": "01:58 为什么这个画面会让我联想到《百变小樱魔术卡》里的封印解除啊，内心喊出来了[tv_笑哭]",
      "likes": 20,
      "reply_time": "2024-05-07 12:06:02",
      "rpid": "220281695952",
      "mid": "2140551"
    },
    {
      "user": "永生宝梦",
      "content": "上一个中日英韩四国角色pv都是同一种语言的还是隔壁的神女劈观",
      "likes": 45,
      "reply_time": "2024-05-07 12:10:23",
      "rpid": "220282156384",
      "mid": "288618086"
    },
    {
      "user": "不爱乃琳小姐十年了",
      "content": "天选鸟厨，很难想象看到这一幕前就已经给鸟抽了65…前几天才发现没看过鸟的pv，这几天已经溜了无数遍了，一眼万年，真的忘不了[保卫萝卜_哭哭][保卫萝卜_哭哭][保卫萝卜_哭哭]",
      "likes": 18,
      "reply_time": "2024-06-10 04:11:14",
      "rpid": "225560826848",
      "mid": "28559229"
    },
    {
      "user": "红魔游戏手机",
      "content": "I can be Miss Robin's lapdog[脱单doge][脱单doge][脱单doge][脱单doge]",
      "likes": 33,
      "reply_time": "2024-05-08 09:46:56",
      "rpid": "220412483152",
      "mid": "427487966"
    },
    {
      "user": "bili_81971227653",
      "content": "话说这四国pv，区别在哪？[笑哭][笑哭][笑哭]",
      "likes": 46,
      "reply_time": "2024-05-07 12:20:41",
      "rpid": "220283750992",
      "mid": "1062463541"
    },
    {
      "user": "尘霜Akita",
      "content": "知更鸟小姐，虽然我没有那么多经济实力给你抽6+1，对你的喜爱也只能通过画画和mmd视频来表达，这对我而言已经尽力了。希望你一直坚持自己的道路，不惧他人目光，勇敢、自信地前行!!",
      "likes": 29,
      "reply_time": "2024-06-10 06:15:16",
      "rpid": "225564221376",
      "mid": "10999331"
    },
    {
      "user": "浮木oO",
      "content": "老师我们家宝宝真的只有这点剧情吗",
      "likes": 21,
      "reply_time": "2024-06-20 15:50:48",
      "rpid": "227251174592",
      "mid": "696701918"
    },
    {
      "user": "霁月沫烟",
      "content": "放一只鸟在这里，你们可以摸她[保卫萝卜_笔芯]",
      "likes": 17,
      "reply_time": "2024-05-07 12:06:51",
      "rpid": "220281730512",
      "mid": "479121541"
    },
    {
      "user": "超级飞侠米克",
      "content": "热度肯定过了，点赞过500就翻唱这首[doge][doge]",
      "likes": 26,
      "reply_time": "2024-07-09 16:53:33",
      "rpid": "230497567664",
      "mid": "391652317"
    },
    {
      "user": "檸檬佷憇藌ddd",
      "content": "谐乐大典没有动画的原因：知更鸟的卡池卖过了[热]",
      "likes": 22,
      "reply_time": "2024-06-21 19:09:58",
      "rpid": "227443200080",
      "mid": "283688957"
    },
    {
      "user": "猫咖收天狗吗",
      "content": "我很想说，谐乐大典就这样？？[笑哭]",
      "likes": 21,
      "reply_time": "2024-06-21 00:54:19",
      "rpid": "227333956576",
      "mid": "1434974643"
    },
    {
      "user": "赤饭豆",
      "content": "四国语言的意义是?[崩坏：星穹铁道_你说什么]",
      "likes": 22,
      "reply_time": "2024-05-07 18:35:35",
      "rpid": "220328940912",
      "mid": "650023611"
    },
    {
      "user": "你所热爱的crnmsmshs",
      "content": "四国配音好像没啥区别，最同谐的一集[热词系列_贴贴]",
      "likes": 22,
      "reply_time": "2024-05-07 17:20:42",
      "rpid": "220318610560",
      "mid": "17595882"
    },
    {
      "user": "Kevinpotato",
      "content": "孤独摇摆……这pv除了知更鸟，其余出场的npc都是动作僵硬面无表情，怕不是剧情过完再回来看已经是恐怖片了",
      "likes": 23,
      "reply_time": "2024-05-07 16:23:10",
      "rpid": "220311871936",
      "mid": "6773987"
    },
    {
      "user": "恭喜直直",
      "content": "@崩坏星穹铁道 大妹子这是谁的专辑啊",
      "likes": 33,
      "reply_time": "2024-06-23 16:21:06",
      "rpid": "227764009696",
      "mid": "497000219"
    },
    {
      "user": "゚逃离三次元",
      "content": "假若有一双翅膀，我们便会飞向天空 ——即使，注定有坠落的那一刻。 不必贪恋永恒，不必畏惧刹那。\n凯文:所以鸟为什么会飞?[墨镜]",
      "likes": 84,
      "reply_time": "2024-05-07 12:00:22",
      "rpid": "220280904784",
      "mid": "397740396"
    },
    {
      "user": "流萤--firefly",
      "content": "好耶",
      "likes": 17,
      "reply_time": "2024-06-24 14:34:37",
      "rpid": "227914894496",
      "mid": "43290097"
    },
    {
      "user": "煜子煜子可可爱爱",
      "content": "化成灰我都认得出来（）[蔚蓝档案表情包_得意]",
      "likes": 17,
      "reply_time": "2024-05-07 13:30:16",
      "rpid": "220293795824",
      "mid": "616787920"
    },
    {
      "user": "七言y丶",
      "content": "这才是我想象中的谐乐大典[tv_流泪]",
      "likes": 25,
      "reply_time": "2024-07-01 13:06:25",
      "rpid": "229080851984",
      "mid": "600206042"
    },
    {
      "user": "十级美攻拥护者",
      "content": "不是……玩玩cv梗可以，但弹幕干嘛说知更鸟这个独立角色是在致敬芙宁娜啊[笑哭]！！都一家公司的还整上致敬了，知更鸟是为自己存在的，不是谁的影子[笑哭]",
      "likes": 29,
      "reply_time": "2024-07-04 23:03:28",
      "rpid": "229671129808",
      "mid": "495657792"
    },
    {
      "user": "诺白呐",
      "content": "翻译组最开心的一集",
      "likes": 46,
      "reply_time": "2024-05-07 12:02:11",
      "rpid": "220281157552",
      "mid": "518427787"
    },
    {
      "user": "谁曾经陪你接近童话",
      "content": "小鸟能不能多整点剧情[藏狐]协乐大典等了三个版本结果就一句干杯，起一个造型上的作用[辣眼睛]",
      "likes": 31,
      "reply_time": "2024-06-23 07:50:19",
      "rpid": "227693724528",
      "mid": "1489167989"
    },
    {
      "user": "撕烤的肥鸟",
      "content": "告诉银枝，我找到伊德莉拉了[脱单doge]",
      "likes": 21,
      "reply_time": "2024-05-07 15:09:10",
      "rpid": "220303992592",
      "mid": "433225372"
    },
    {
      "user": "兜兜里的糖葫芦",
      "content": "我亲爱的鸟，从五月到现在，以及未来，我们都将携手共进，永远爱你[爱心]",
      "likes": 17,
      "reply_time": "2024-07-20 23:44:43",
      "rpid": "232646159072",
      "mid": "171604712"
    },
    {
      "user": "AI视频小助理",
      "content": "本视频讲述了一首歌曲的歌词，描述了一种热情洋溢的氛围和对未来的憧憬。人们跟着节奏舞动，希望能够跳出自己的舒适区，迎接更广阔的未来。同时，也呼吁大家不要放弃自己的梦想，而是要勇敢地去追求，相信自己能够达到更高的境界。--以上内容由AI视频小助理生成，关注解锁AI助理，由@小派蒙绝非善类 召唤发送",
      "likes": 120,
      "reply_time": "2024-05-07 12:00:30",
      "rpid": "220280910816",
      "mid": "1141159409"
    },
    {
      "user": "猫咖收天狗吗",
      "content": "周天哥是导演和摄影诶",
      "likes": 15,
      "reply_time": "2024-05-07 13:06:29",
      "rpid": "220290712208",
      "mid": "1434974643"
    },
    {
      "user": "夐康2333",
      "content": "在银河中孤独摇摆，能否使一颗心免于哀伤？\r\n若我不曾见过太阳，又怎会知道希望有羽毛和翅膀？\r\n\r\n中文CV：\r\n知更鸟——钱琛 / 歌：Chevy\r\n\r\n日文CV：\r\n知更鸟——名冢佳织 / 歌：Chevy\r\n\r\n英文CV：\r\n知更鸟——Alice Himora / Song vocals: Chevy\r\n\r\n韩文CV：\r\n知更鸟——신온유/ 노래: Chevy",
      "likes": 28,
      "reply_time": "2024-05-07 12:00:18",
      "rpid": "220280901296",
      "mid": "443353071"
    },
    {
      "user": "妁旳纛醴",
      "content": "打卡唐古拉",
      "likes": 15,
      "reply_time": "2024-07-24 14:18:37",
      "rpid": "233335063728",
      "mid": "3537113970641811"
    },
    {
      "user": "曹总是这样想",
      "content": "鸟千万了，恭喜恭喜[给心心][给心心][给心心]",
      "likes": 15,
      "reply_time": "2024-07-22 11:29:32",
      "rpid": "232903588160",
      "mid": "1841081182"
    },
    {
      "user": "扶云幽",
      "content": "今天的小鸟也很美丽[保卫萝卜_哇][保卫萝卜_哇]",
      "likes": 14,
      "reply_time": "2024-07-25 22:14:39",
      "rpid": "233628017440",
      "mid": "537632624"
    },
    {
      "user": "李赴桂",
      "content": "祝贺千万 [打call][打call][打call]囚笼无法束缚住自由的灵魂，歌声能触及比梦更广阔的天地[给心心]",
      "likes": 14,
      "reply_time": "2024-07-20 23:21:31",
      "rpid": "232641948928",
      "mid": "1436978105"
    },
    {
      "user": "J斐斐斐",
      "content": "导演和摄影都是周日哥[星星眼]",
      "likes": 14,
      "reply_time": "2024-05-07 13:22:59",
      "rpid": "220292869680",
      "mid": "504886507"
    },
    {
      "user": "_AQUILAR_",
      "content": "米家三主角彩蛋[崩坏3·终焉归始_优雅]",
      "likes": 14,
      "reply_time": "2024-05-07 12:36:31",
      "rpid": "220286406288",
      "mid": "172891056"
    },
    {
      "user": "妁旳纛醴",
      "content": "漂亮滴很呐（赞赏）",
      "likes": 14,
      "reply_time": "2024-09-06 23:05:30",
      "rpid": "241559866416",
      "mid": "3537113970641811"
    },
    {
      "user": "妁旳纛醴",
      "content": "漂亮滴很呐（赞赏）",
      "likes": 14,
      "reply_time": "2024-09-06 23:05:30",
      "rpid": "241559866416",
      "mid": "3537113970641811"
    },
    {
      "user": "巨石成思",
      "content": "崩三崩铁原神是吧[妙啊]",
      "likes": 398,
      "reply_time": "2024-05-07 12:10:47",
      "rpid": "220282480640",
      "mid": "335940141"
    },
    {
      "user": "2599律师函-",
      "content": "我和知更鸟一桌",
      "likes": 13,
      "reply_time": "2024-06-23 13:30:33",
      "rpid": "227739215680",
      "mid": "333655227"
    },
    {
      "user": "一欧解千愁",
      "content": "888.8万了[脱单doge]",
      "likes": 13,
      "reply_time": "2024-06-19 17:51:40",
      "rpid": "227104333280",
      "mid": "38279862"
    },
    {
      "user": "Quanka",
      "content": "崩坏3，崩坏星穹铁道，原神\n三巨头史诗级共面[doge]",
      "likes": 13,
      "reply_time": "2024-05-07 13:24:51",
      "rpid": "220293114816",
      "mid": "171228922"
    },
    {
      "user": "漆泣四十九天",
      "content": "自记歌词中英版\n在银河中孤独摇摆，能否使一颗心免于哀伤？\n演唱：Chevy\n\n\n00:13 \nMend your pace sway to the bea...",
      "likes": 18,
      "reply_time": "2024-05-09 06:56:40",
      "rpid": "220545970064",
      "mid": "1102143106"
    },
    {
      "user": "超限奥秘",
      "content": "知更鸟首次个人慢直播「从日落黄昏到破晓黎明」将于5月7日20:30，在@帕姆的收藏夹 播出！ 在倒数正式见面的时刻之际，希望知更鸟的声音能为大家带来一夜好梦",
      "likes": 12,
      "reply_time": "2024-05-07 12:30:05",
      "rpid": "220285170640",
      "mid": "50072451"
    },
    {
      "user": "Sa1nト",
      "content": "永远喜欢[给心心]",
      "likes": 12,
      "reply_time": "2024-06-22 19:37:32",
      "rpid": "227620582608",
      "mid": "456848855"
    },
    {
      "user": "大飞鹏鹏",
      "content": "01:56 你是否承认知更鸟小姐的美貌盖世无双？",
      "likes": 14,
      "reply_time": "2024-05-07 14:10:10",
      "rpid": "220298061808",
      "mid": "37551310"
    },
    {
      "user": "柏羡闲",
      "content": "今天提前回家，拿到专辑了，还有新到的吧唧，真好看[给心心]",
      "likes": 12,
      "reply_time": "2024-09-02 19:33:00",
      "rpid": "241207183376",
      "mid": "529016008"
    },
    {
      "user": "kiku手里的雪花",
      "content": "永远支持你做任何事，就和剧情里仍支持你继续踏上同谐的命途，把美好带给大家，且自由永远都是你自己的，最后，旅途顺顺利利，我们的“小鸟”知更鸟[爱心]",
      "likes": 11,
      "reply_time": "2024-06-23 15:07:55",
      "rpid": "227753778272",
      "mid": "1801224876"
    },
    {
      "user": "布丁送你",
      "content": "给辅助刷风套结果冰套出货啦",
      "likes": 11,
      "reply_time": "2024-05-07 22:44:35",
      "rpid": "220367115728",
      "mid": "321098710"
    },
    {
      "user": "只求生活幸福快乐",
      "content": "大家知道为什么打神主日不能带刃吗，因为要疯狂削韧（刃）[doge][doge]",
      "likes": 29,
      "reply_time": "2024-05-07 12:00:48",
      "rpid": "220280926688",
      "mid": "507613752"
    },
    {
      "user": "晴雨--BRIGHT",
      "content": "钱琛老师看了眼台词本陷入了沉思",
      "likes": 23387,
      "reply_time": "2024-05-07 12:35:29",
      "rpid": "220286117568",
      "mid": "1234785365"
    },
    {
      "user": "脑内妄想奇特症",
      "content": "虚假的知更鸟：大招炫丽，非常棒\n真正的知更鸟：队友寄了，我在银河孤独摇摆\n[藏狐]",
      "likes": 23,
      "reply_time": "2024-05-07 12:50:59",
      "rpid": "220288445312",
      "mid": "386433308"
    },
    {
      "user": "月荧风缓缓",
      "content": "在银河中孤独摇摆\n\nMend your pace sway to the beat \nHands up   \nEmbrace who you wanna ...",
      "likes": 12,
      "reply_time": "2024-05-07 21:52:41",
      "rpid": "220358911872",
      "mid": "2027328888"
    },
    {
      "user": "我要成为原神糕糕手",
      "content": "chevy：我已是完全之鸟，匹诺康尼啊，我已归来",
      "likes": 23,
      "reply_time": "2024-05-07 21:11:34",
      "rpid": "220352440112",
      "mid": "489546731"
    },
    {
      "user": "您完全抽不到我是吗",
      "content": "美丽是她最不值一提的优点。",
      "likes": 20,
      "reply_time": "2024-05-28 22:01:16",
      "rpid": "223633768176",
      "mid": "519494212"
    },
    {
      "user": "忆谦x",
      "content": "知更鸟小姐天下第一！！！！！mhy多给小鸟点戏份吧别整天惦记你那ml了（我对流萤没意见，对mhy有意见）",
      "likes": 19,
      "reply_time": "2024-07-08 16:04:41",
      "rpid": "230314670992",
      "mid": "362528865"
    },
    {
      "user": "mina_owoyama",
      "content": "这几天的节奏搞得戾气好重，千万冲冲冲！[打call][打call][打call]",
      "likes": 19,
      "reply_time": "2024-06-26 20:37:56",
      "rpid": "228293786368",
      "mid": "3546652193327829"
    },
    {
      "user": "直径八百米的树",
      "content": "今天我过生日 ，各位开拓者可以祝我生日快乐吗",
      "likes": 12,
      "reply_time": "2024-05-15 22:07:30",
      "rpid": "221609910160",
      "mid": "3493143339075912"
    },
    {
      "user": "沈苍白",
      "content": "我天我看了几十遍知更鸟的PV之后发现，第一段副歌之前知更鸟不是在笼子里吗\n然后副歌起知更鸟出来了，但是好像所有人都看不见她，先是出现在大街上，路过了无数的人都没有看到她，按理说她是银河明星，不可能不被围观\n后面的镜头是变成了鸟在天上飞，之后是一路边走边唱，再到给折纸小鸟唱歌，但问题是正常情况下她应该看不到折纸小鸟\n下一幕是坐着鲸鱼来到了匹诺康尼的中心，画面一转继续边走边唱，但是每个人都是静止的\n接下来跳了两圈舞，再一跃跳到了匹诺康尼梦境酒店的前台桌子上，但是桌子旁边的人也依旧好像没看到她，而且跳到桌子上也不符合她银河歌星的人设\n到PV的最后知更鸟躺在地上，周围还是在拍照，也就是说知更鸟一直没有逃脱牢笼，那些都是她的想象。\n[小电视_哭泣][小电视_哭泣][小电视_哭泣]",
      "likes": 20,
      "reply_time": "2024-05-07 22:08:45",
      "rpid": "220361488768",
      "mid": "21976196"
    },
    {
      "user": "肥皂泡---",
      "content": "真搞不懂这些人。但是看到知跟鸟被骂真的很伤心[大哭]\n  不知道这个角色就去盲目的吐槽去骂，发朋友圈阴阳他（long）他还站在制高点批判我们这些喜欢虚拟角色的人了[微笑]",
      "likes": 13,
      "reply_time": "2024-05-25 13:32:28",
      "rpid": "223092152064",
      "mid": "1096678206"
    },
    {
      "user": "超级手雷龙卷风",
      "content": "我的朋友们多次劝我入游，我没下，这次的知更鸟，我承认我没把持住，各位我去下游戏了[原神_哇]",
      "likes": 18,
      "reply_time": "2024-05-10 00:15:20",
      "rpid": "220677139568",
      "mid": "153898519"
    },
    {
      "user": "文森特的双枪地狱犬",
      "content": "玛丽莲梦露并感……\n今天我这肯尼迪是当定了！",
      "likes": 18,
      "reply_time": "2024-05-07 16:35:29",
      "rpid": "220313285328",
      "mid": "35651891"
    },
    {
      "user": "雀总是在摸鱼",
      "content": "可能是习俗关系吧，我一般管这个叫MV[脱单doge]",
      "likes": 18,
      "reply_time": "2024-05-07 14:56:55",
      "rpid": "220302911760",
      "mid": "325921766"
    },
    {
      "user": "一般人机",
      "content": "还有人在看吗？如果有人看到这句话的话麻烦留个回复，收到消息我就会进来看一遍，算是我自己给自己的一个惊喜吧。[粉妆玉琢_害羞][東雪蓮_期待][嘉然2.0_小熊]",
      "likes": 20,
      "reply_time": "2024-05-27 18:26:28",
      "rpid": "223452156928",
      "mid": "9354905"
    },
    {
      "user": "没钱吃饭代练换碗饭吃",
      "content": "今天我生日 但是连一碗面钱都没有 自己一个人漫无目的在外面溜达 晚上住在哪里都不知道 ，外面真的好冷，又好饿有时候真的想哭，但是我一定会变好的 ，加油祝我生日快乐",
      "likes": 20,
      "reply_time": "2024-05-16 22:32:41",
      "rpid": "221765006432",
      "mid": "3493118166960219"
    },
    {
      "user": "雨笙百谷crowvit",
      "content": "各位可能没有注意到，昨天星铁演唱会和今天知更鸟的pv都已经被从热门榜下掉了。",
      "likes": 17,
      "reply_time": "2024-05-07 16:21:49",
      "rpid": "220311687840",
      "mid": "21701667"
    },
    {
      "user": "七二的生活雪上加霜",
      "content": "你是我黯淡升华中一束光亮，你是你照亮了我黑暗的生命，你为我黑白的世界填满色彩，使我得到新生。无法描述您，我想可能是凌晨三点未眠的海棠花，是世界上唯一一朵玫瑰，是一天内的四十四次日落，是眼底的克莱因蓝，是白雪下连绵不绝的向日葵，是21克的心脏，是盛夏的最后一缕风，是鼎沸人声中的每一次一眼万年，是恋火焚身时眼里的眷恋，是即使时间停止依旧为爱意跳动的心脏，是每一次转身的浪漫收场，是崇拜与狂热，是寂寞与窥探，是孤僻与荒凉，是热爱与沉醉，是疯狂与张扬，虽然我能说会道，但是看见您的话我还是找不出最完美的词来形容，千言万语汇成一句话不过是:老婆好美",
      "likes": 17,
      "reply_time": "2024-05-07 13:32:49",
      "rpid": "220294102480",
      "mid": "4252229"
    },
    {
      "user": "不当咕咕咕的鸽子",
      "content": "在银河中孤独摇摆，能否使一颗心免于哀伤？\n若我不曾见过太阳，又怎会知道希望有羽毛和翅膀？[哦呼]",
      "likes": 17,
      "reply_time": "2024-05-07 12:05:46",
      "rpid": "220281684384",
      "mid": "403445921"
    },
    {
      "user": "mina_owoyama",
      "content": "你在搜知更鸟❓\n还是Robin❓\n还是❓\n还是全银河的顶级明星❓\n你只需要知道她是匹诺康尼第一美女👆\n可盐可甜的小可爱🤛\n是游戏的绝对核心✅\n梦幻的大魔王❗\n知更鸟💞\n全宇宙断层大可爱💝\n一骑绝尘知更鸟💘\n唯一天选知更鸟💞\n甜甜糯糯知更鸟💘\n无知时忽视知更鸟，懂事时理解知更鸟，成熟时追随知更鸟，幻想中迎娶知更鸟！\n信仰知更鸟就会把她当作黑夜一望无际的大海上给迷途的船只指引的灯塔，在烈日炎炎的夏天吹来的一股清风，在寒风刺骨的冬天里燃起的阵阵篝火！\n🌸鸟门🙏",
      "likes": 17,
      "reply_time": "2024-07-23 02:23:37",
      "rpid": "233055838960",
      "mid": "3546652193327829"
    },
    {
      "user": "有些跟风营销号的勾",
      "content": "知更鸟的同行任务呢我请问？ ？怎么从花火和黑天鹅的同行之后就没了，速度把波提欧知更鸟流萤给放出来",
      "likes": 16,
      "reply_time": "2024-06-20 23:46:53",
      "rpid": "227325068464",
      "mid": "1463905659"
    },
    {
      "user": "-Pygmalion-",
      "content": "他宝贝了个腿的，很难想象当时前线是哪个不长眼的小可爱给我鸟脖子来了一枪。他呜呜伯的，我鸟这么人美心善，嗓这么好听也舍得打，真的好心疼，宝了个贝的，让我发现哪个宝贝敢打我鸟，老子一枪爱死他",
      "likes": 16,
      "reply_time": "2024-05-09 13:22:30",
      "rpid": "220586448560",
      "mid": "1992237850"
    },
    {
      "user": "你不想静静",
      "content": "许愿知更鸟，歪了自己cos 知更鸟[脸红]",
      "likes": 16,
      "reply_time": "2024-05-08 09:01:09",
      "rpid": "220408172256",
      "mid": "1347731782"
    },
    {
      "user": "庶村",
      "content": "00:20s有舰长和旅行者的评论，提瓦特居然通网了！",
      "likes": 16,
      "reply_time": "2024-05-07 15:39:34",
      "rpid": "220307103648",
      "mid": "9043027"
    },
    {
      "user": "碎碎念的鲨鱼",
      "content": "wok突然理解星期天为什么妹控[喜欢]",
      "likes": 15,
      "reply_time": "2024-05-07 20:33:03",
      "rpid": "220346633504",
      "mid": "1508376418"
    },
    {
      "user": "知更晓天晴",
      "content": "#知更鸟小姐 美神降临#\n#知更鸟小姐 宇宙第一歌姬#\n#知更鸟小姐 匹诺康尼大明星#\n#知更鸟小姐 使一颗心免于哀伤#\n#知更鸟小姐 孤独摇摆#\n#知更鸟小姐 舞台神颜#\n#知更鸟小姐 出水芙蓉#\n#知更鸟小姐 风华绝代#\n#知更鸟小姐 致敬经典#\n#知更鸟小姐 演唱会门票秒空#\n#知更鸟小姐 欢唱 以我之名#",
      "likes": 15,
      "reply_time": "2024-07-30 16:22:32",
      "rpid": "234596060672",
      "mid": "1475410466"
    },
    {
      "user": "SensoryTraveller",
      "content": "星铁到现在那么多女角色，有妈系成熟的姬子卡芙卡，少女的3月7布洛妮娅，成熟大姐姐黑天鹅希露瓦，知性美阮梅，飒气的静流黄泉，调皮小妹花火，可爱邻家霍霍，禁欲系寒鸦，但知更鸟是第一个让我感觉纯美的[OK]",
      "likes": 14692,
      "reply_time": "2024-05-08 01:36:58",
      "rpid": "220389460144",
      "mid": "125123486"
    },
    {
      "user": "゚星妹",
      "content": "又想起了知更鸟小姐之前的直播，能不能再搞一次[保卫萝卜_哭哭][保卫萝卜_哭哭]",
      "likes": 14,
      "reply_time": "2024-06-26 22:03:56",
      "rpid": "228308086560",
      "mid": "604957332"
    },
    {
      "user": "゚星妹",
      "content": "又想起了知更鸟小姐之前的直播，能不能再搞一次[保卫萝卜_哭哭][保卫萝卜_哭哭]",
      "likes": 14,
      "reply_time": "2024-06-26 22:03:56",
      "rpid": "228308086560",
      "mid": "604957332"
    },
    {
      "user": "☆Nymph☆",
      "content": "告诉银枝，我已经找到了属于我的伊德利菈[崩坏3·光辉矢愿_安详]",
      "likes": 14,
      "reply_time": "2024-05-07 22:22:42",
      "rpid": "220363760352",
      "mid": "759477"
    },
    {
      "user": "传奇社会性实验家牢鬼",
      "content": "mv！",
      "likes": 14,
      "reply_time": "2024-05-07 13:06:48",
      "rpid": "220290785008",
      "mid": "249710387"
    },
    {
      "user": "凰呀Spec-II",
      "content": "她，是万众瞩目的大明星。\n却被囚禁在名为镁光灯的牢笼里⋯⋯",
      "likes": 14,
      "reply_time": "2024-05-07 12:10:30",
      "rpid": "220282307440",
      "mid": "102736632"
    },
    {
      "user": "夐康2333",
      "content": "为什么翡翠的脚可以吃，因为妙翠脚（妙脆角）！",
      "likes": 14,
      "reply_time": "2024-05-07 12:00:43",
      "rpid": "220280877984",
      "mid": "443353071"
    },
    {
      "user": "不爱喝水Q",
      "content": "900万播放祝贺[给心心]，顺便附上自己摆的图，会一直支持大明星哦，希望以后还能听到你的新歌。",
      "likes": 10,
      "reply_time": "2024-06-23 21:01:30",
      "rpid": "227808437344",
      "mid": "1225831771"
    },
    {
      "user": "簪星月落",
      "content": "美神[超天酱表情包_昇天][超萌Q版表情包_落泪了]知门永存[打call]",
      "likes": 10,
      "reply_time": "2024-06-20 08:06:50",
      "rpid": "227193146032",
      "mid": "1902713700"
    },
    {
      "user": "七年约定の等待",
      "content": "杰哥，恕我直言。你这些铁卫还是别练了，都在追星[doge]",
      "likes": 10,
      "reply_time": "2024-05-08 23:41:21",
      "rpid": "220521962288",
      "mid": "1939823"
    },
    {
      "user": "君懿゚",
      "content": "00:10 周天哥的手[脱单doge][脱单doge]",
      "likes": 10,
      "reply_time": "2024-05-07 12:08:25",
      "rpid": "220282046304",
      "mid": "472404182"
    },
    {
      "user": "莫拉巴拉布",
      "content": "在银河中孤独摇摆，能否使一颗心免于哀伤？\r\n若我不曾见过太阳，又怎会知道希望有羽毛和翅膀？\r\n这个简介里面有四首歌的歌名。",
      "likes": 17,
      "reply_time": "2024-05-07 13:43:42",
      "rpid": "220295325040",
      "mid": "13765180"
    },
    {
      "user": "柏羡闲",
      "content": "每日一遍，找到一张美图✿ヽ(°▽°)ノ✿",
      "likes": 10,
      "reply_time": "2024-08-13 13:16:04",
      "rpid": "237448372560",
      "mid": "529016008"
    },
    {
      "user": "流萤--firefly",
      "content": "各位鸟厨可以去亚萌投投票，目前跟花火不分上下🙃",
      "likes": 10,
      "reply_time": "2024-07-30 23:35:28",
      "rpid": "234682479696",
      "mid": "43290097"
    },
    {
      "user": "十四行诗Miss",
      "content": "第一次觐见纯美星神\n我并没有什么感觉\n因为独属于我的伊德莉拉\n我早已遇见",
      "likes": 13,
      "reply_time": "2024-05-09 23:11:43",
      "rpid": "220667353824",
      "mid": "243060671"
    },
    {
      "user": "黑鳳蝶",
      "content": "其实四个版本是不一样的，你们之所以能四个都听懂，是因为——\n这就是同协的伟力啊！",
      "likes": 13,
      "reply_time": "2024-05-07 23:03:50",
      "rpid": "220370346928",
      "mid": "518042"
    },
    {
      "user": "梁琪伟爱陈建鹏",
      "content": "十四秒，director：Sunday\nmv是哥哥拍的哦[tv_doge][tv_doge]",
      "likes": 13,
      "reply_time": "2024-05-07 14:14:14",
      "rpid": "220298648080",
      "mid": "3494373866080347"
    },
    {
      "user": "一般人机",
      "content": "还有人在看吗？如果有人看到这句话的话麻烦留个回复，收到消息我就会进来看一遍，算是我自己给自己的一个惊喜吧。[粉妆玉琢_害羞][東雪蓮_期待][嘉然2.0_小熊]",
      "likes": 17,
      "reply_time": "2024-05-28 08:53:35",
      "rpid": "223533679968",
      "mid": "9354905"
    },
    {
      "user": "SallyJohnson",
      "content": "都是可爱的宝宝，但能不能请某些“知更鸟厨”不要再去希露瓦pv刷“没有知更鸟的好”类似言论了[脸红][无语]",
      "likes": 13,
      "reply_time": "2024-06-01 00:00:27",
      "rpid": "224099113760",
      "mid": "1872035484"
    },
    {
      "user": "如炬如光",
      "content": "今后不要过于喜欢某个角色了，期望越大失望越大，以后不期待了[崩坏3·光辉矢愿_策划][崩坏3·光辉矢愿_编剧]",
      "likes": 16,
      "reply_time": "2024-06-21 21:06:57",
      "rpid": "227462900656",
      "mid": "1709520659"
    },
    {
      "user": "云烟净雪",
      "content": "追赛博偶像，享美好人生[脱单doge]",
      "likes": 16,
      "reply_time": "2024-05-07 16:12:35",
      "rpid": "220310730528",
      "mid": "255655917"
    },
    {
      "user": "鹿猫",
      "content": "镇静——《在银河中孤独摇摆》\n愤懑——《若我不曾见过太阳》\n欢欣——《希望有羽毛和翅膀》\n悲郁——《使一颗心免于哀伤》\n知更鸟子[崩坏：星穹铁道_哼]",
      "likes": 15,
      "reply_time": "2024-05-07 14:16:25",
      "rpid": "220298812912",
      "mid": "87954094"
    },
    {
      "user": "饼干教主",
      "content": "这三个图标化成灰我都认识👆🏻🤓",
      "likes": 9,
      "reply_time": "2024-06-13 19:24:48",
      "rpid": "226140593296",
      "mid": "694702921"
    },
    {
      "user": "易亿移",
      "content": "《我想做知更鸟小姐的狗》",
      "likes": 9,
      "reply_time": "2024-06-09 23:40:33",
      "rpid": "225536292304",
      "mid": "1062957870"
    },
    {
      "user": "账号已注销",
      "content": "[doge]",
      "likes": 9,
      "reply_time": "2024-05-24 21:26:53",
      "rpid": "222993465008",
      "mid": "3546556139571589"
    },
    {
      "user": "当然有如果的事",
      "content": "我们小鸟大明星，10w+在听[脱单doge]",
      "likes": 9,
      "reply_time": "2024-05-10 20:35:48",
      "rpid": "220795219904",
      "mid": "1783722452"
    },
    {
      "user": "kiku手里的雪花",
      "content": "米哈游还给知更鸟小姐开户了，大家快去追！",
      "likes": 9,
      "reply_time": "2024-05-09 14:21:49",
      "rpid": "220593268400",
      "mid": "1801224876"
    },
    {
      "user": "Cana1y",
      "content": "一发十连3金",
      "likes": 9,
      "reply_time": "2024-05-08 10:53:33",
      "rpid": "220419207072",
      "mid": "379561797"
    },
    {
      "user": "雨过天晴3202",
      "content": "这下看懂了",
      "likes": 9,
      "reply_time": "2024-05-07 15:43:50",
      "rpid": "220307438304",
      "mid": "49813774"
    },
    {
      "user": "尘肆一米九",
      "content": "不是哥们[doge]",
      "likes": 9,
      "reply_time": "2024-05-07 13:14:35",
      "rpid": "220291791200",
      "mid": "3574797"
    },
    {
      "user": "邪龙救世-月暗轮回",
      "content": "明天诸事不宜，后天宜祈福，喜欢知更鸟的开拓者们可以等后天抽[doge][doge][doge]",
      "likes": 9,
      "reply_time": "2024-05-07 12:02:50",
      "rpid": "220281236912",
      "mid": "387137671"
    },
    {
      "user": "Prometheus17th",
      "content": "你抽到的知更鸟 be like",
      "likes": 9,
      "reply_time": "2024-05-07 12:00:55",
      "rpid": "220280933184",
      "mid": "228965781"
    },
    {
      "user": "潇离湘歌",
      "content": "今天小鸟来车上了[原神_哇]（又是等复刻的一天",
      "likes": 9,
      "reply_time": "2024-07-25 20:09:00",
      "rpid": "233603098896",
      "mid": "66865662"
    },
    {
      "user": "放假晚了",
      "content": "米哈游居然请到了银河知名歌手知更鸟来做pv，希望米哈游能抓住这次流量[傲娇]",
      "likes": 39179,
      "reply_time": "2024-05-07 12:01:49",
      "rpid": "220281139328",
      "mid": "290300705"
    },
    {
      "user": "笑梗不笑人大公真男人",
      "content": "#❤️知更鸟 美神降临❤️# \n#💅知更鸟 家族神颜💅# \n#💘知更鸟 怦然心动💘# \n#✨️知更鸟 视觉中心✨️# \n#🌈知更鸟 舞台匠人🌈# \n#🎼知更鸟 珍珠音色🎼# \n#✍️知更鸟 唱作俱佳✍️# \n#🍷知更鸟 温文尔雅🍷# \n#💫知更鸟 月眉星眼💫# \n#💋知更鸟 秀外慧中💋# \n#🌸知更鸟 粉面含春🌸#\n#🎐知更鸟 淡雅脱俗🎐#\n#🌠知更鸟 芊芊细步🌠#\n#🌷知更鸟 霓裳羽衣🌷#\n#💘知更鸟 粉蓝浪漫💘#\n#🎊人美歌甜 知更鸟🎊#\n#🎖至纯至善 知更鸟🎖#\n#🎼绝美嗓音 知更鸟🎼#\n#💞天使之翼 知更鸟💞#\n#🎺知更鸟 扑翼白声🎺#\n#🥂知更鸟 银河巨星🥂#\n#🎀知更鸟 视觉维纳斯🎀#\n#🏆知更鸟 一顾倾城再顾倾国🏆#\n#🎵知更鸟 千音迭奏群星赋格🎵#\n#💌给知更鸟的130次告白💌#",
      "likes": 12,
      "reply_time": "2024-06-22 20:55:01",
      "rpid": "227633247824",
      "mid": "345359843"
    },
    {
      "user": "笑梗不笑人大公真男人",
      "content": "#❤️知更鸟 美神降临❤️# \n#💅知更鸟 家族神颜💅# \n#💘知更鸟 怦然心动💘# \n#✨️知更鸟 视觉中心✨️# \n#🌈知更鸟 舞台匠人🌈# \n#🎼知更鸟 珍珠音色🎼# \n#✍️知更鸟 唱作俱佳✍️# \n#🍷知更鸟 温文尔雅🍷# \n#💫知更鸟 月眉星眼💫# \n#💋知更鸟 秀外慧中💋# \n#🌸知更鸟 粉面含春🌸#\n#🎐知更鸟 淡雅脱俗🎐#\n#🌠知更鸟 芊芊细步🌠#\n#🌷知更鸟 霓裳羽衣🌷#\n#💘知更鸟 粉蓝浪漫💘#\n#🎊人美歌甜 知更鸟🎊#\n#🎖至纯至善 知更鸟🎖#\n#🎼绝美嗓音 知更鸟🎼#\n#💞天使之翼 知更鸟💞#\n#🎺知更鸟 扑翼白声🎺#\n#🥂知更鸟 银河巨星🥂#\n#🎀知更鸟 视觉维纳斯🎀#\n#🏆知更鸟 一顾倾城再顾倾国🏆#\n#🎵知更鸟 千音迭奏群星赋格🎵#\n#💌给知更鸟的130次告白💌#",
      "likes": 12,
      "reply_time": "2024-05-29 01:56:17",
      "rpid": "223665547472",
      "mid": "345359843"
    },
    {
      "user": "陌途居",
      "content": "知更鸟大大拖慢了了我打怪的效率。\n开大居然带控制，单单试用关卡，我居然打了十几分钟",
      "likes": 12,
      "reply_time": "2024-05-10 14:12:20",
      "rpid": "220743832384",
      "mid": "107444916"
    },
    {
      "user": "184社恐男大",
      "content": "太离谱了，我发誓我从2.0开始没有萌生过任何想抽知更鸟的念头，就因为不小心点开PV看到了玛丽莲梦露那个同款动作，瞬间血条被清空了，直接坚定648小保底强娶",
      "likes": 12,
      "reply_time": "2024-05-07 15:37:01",
      "rpid": "220306841392",
      "mid": "341875314"
    },
    {
      "user": "夜岚_晴雅",
      "content": "Ths is true music\n  🎧😑🎧\n 🤟 👚 🤟\n       🩳️\n      👞👞\n嗯~~太↗好↘听↗了↘吧↗！\n我刚才听到你唱歌了，简直就是天籁！\n我们以后一起唱好不好，一起唱，一起做匹诺康尼偶像😍😍",
      "likes": 12,
      "reply_time": "2024-05-07 12:04:33",
      "rpid": "220281436800",
      "mid": "364504820"
    },
    {
      "user": "一般人机",
      "content": "还有人在看吗？如果有人看到这句话的话麻烦留个回复，收到消息我就会进来看一遍，算是我自己给自己的一个惊喜吧。[粉妆玉琢_害羞][東雪蓮_期待][嘉然2.0_小熊]",
      "likes": 12,
      "reply_time": "2024-05-18 15:17:25",
      "rpid": "222015467456",
      "mid": "9354905"
    },
    {
      "user": "知歆-",
      "content": "银枝，不用再流浪了，我想，我找到伊徳莉拉了",
      "likes": 15,
      "reply_time": "2024-05-07 23:12:01",
      "rpid": "220371699696",
      "mid": "396737657"
    },
    {
      "user": "高智能中央空调",
      "content": "我建议给个选项，知更鸟开大之后的bgm可以自选",
      "likes": 11,
      "reply_time": "2024-06-23 17:09:20",
      "rpid": "227770978880",
      "mid": "1249489409"
    },
    {
      "user": "高智能中央空调",
      "content": "我建议给个选项，知更鸟开大之后的bgm可以自选",
      "likes": 11,
      "reply_time": "2024-06-23 17:09:20",
      "rpid": "227770978880",
      "mid": "1249489409"
    },
    {
      "user": "溪溪超级可爱_",
      "content": "小鸟宝宝，剧情好少[委屈][委屈]多出些歌吧",
      "likes": 11,
      "reply_time": "2024-06-22 15:53:27",
      "rpid": "227585594384",
      "mid": "1626737243"
    },
    {
      "user": "丨渐行渐远、",
      "content": "[妙啊]看样子多少有点不情愿",
      "likes": 8,
      "reply_time": "2024-05-15 09:54:08",
      "rpid": "221513054256",
      "mid": "26100184"
    },
    {
      "user": "Porchlight",
      "content": "头像双击 [干物妹！小埋_抱抱][干物妹！小埋_抱抱]右边会有小猫[干物妹！小埋_羡慕]",
      "likes": 11,
      "reply_time": "2024-05-11 21:47:44",
      "rpid": "220970519824",
      "mid": "106120575"
    },
    {
      "user": "墨染丨倾书",
      "content": "星期日只是想为普通人打造一个拥有七休日的世界，他有什么错[大哭][大哭][大哭]",
      "likes": 11,
      "reply_time": "2024-05-09 19:18:08",
      "rpid": "220630731760",
      "mid": "3546381880921047"
    },
    {
      "user": "UIZER",
      "content": "过完了剧情，我的想法，在我养的虎皮飞走之前，我觉得自由是一件浪漫的事情，但是在我养的虎皮越狱飞走之后，我无比的支持星期日！[那兔_讲道理]",
      "likes": 11,
      "reply_time": "2024-05-09 01:55:45",
      "rpid": "220536304352",
      "mid": "32845417"
    },
    {
      "user": "ennmmm啊",
      "content": "我对原的角色越来越不感兴趣了，现在喜欢的喜欢全部在铁",
      "likes": 11,
      "reply_time": "2024-05-08 22:50:57",
      "rpid": "220513731328",
      "mid": "1644854652"
    },
    {
      "user": "让我笑一会呗",
      "content": "从现在开始，我就是星期日的仆人，践行秩序的意志",
      "likes": 8,
      "reply_time": "2024-05-08 16:53:35",
      "rpid": "220461010576",
      "mid": "389870498"
    },
    {
      "user": "如月專注",
      "content": "黑天鵝池退的坑，結果先是黃泉實機 ，花火PV , 流螢 砂金劇情 , 然後知更鳥PV\n我日........ 為甚麼歐的在隔壁  非的在星鐵[大哭]",
      "likes": 11,
      "reply_time": "2024-05-07 19:21:39",
      "rpid": "220336113264",
      "mid": "388183216"
    },
    {
      "user": "晓枫之泠",
      "content": "本来不想抽的，这个pv把知更鸟从我的抽卡清单列表拉条到顶了[初音未来_期待][初音未来_期待]",
      "likes": 11,
      "reply_time": "2024-05-07 17:43:22",
      "rpid": "220321523296",
      "mid": "455173794"
    },
    {
      "user": "相信科学是不魔法的",
      "content": "到我了到我了帕[给心心]",
      "likes": 8,
      "reply_time": "2024-05-07 13:08:05",
      "rpid": "220291016624",
      "mid": "259104426"
    },
    {
      "user": "青菜子子",
      "content": "发现pv是星期日做的[脱单doge]",
      "likes": 8,
      "reply_time": "2024-05-07 12:57:16",
      "rpid": "220289455744",
      "mid": "3461571911092296"
    },
    {
      "user": "olefinex",
      "content": "我现在就要玩2.2剧情！[热词系列_破防了]",
      "likes": 11,
      "reply_time": "2024-05-07 12:20:29",
      "rpid": "220283785360",
      "mid": "17473454"
    },
    {
      "user": "李赴桂",
      "content": "看完夏日会我已经等不及小鸟兄妹大月卡头像了，再重温一遍生日会的【【星穹铁道生日会】Painted Wings（彩绘之翼）-哔哩哔哩】 https://b23.tv/gwL2w0u[给心心]",
      "likes": 11,
      "reply_time": "2024-08-24 20:02:44",
      "rpid": "239883840032",
      "mid": "1436978105"
    },
    {
      "user": "妁旳纛醴",
      "content": "What can I say🤓",
      "likes": 8,
      "reply_time": "2024-09-02 12:21:37",
      "rpid": "241176408832",
      "mid": "3537113970641811"
    },
    {
      "user": "桂月拾壹",
      "content": "第一眼看成了孤独摇滚，所以孤独摇滚第二季到底什么时候出！",
      "likes": 14,
      "reply_time": "2024-05-07 15:03:48",
      "rpid": "220303610016",
      "mid": "425283076"
    },
    {
      "user": "恋祈迷猫",
      "content": "知更鸟的电脑桌面上还有原神 星铁 崩坏三[笑哭][笑哭][笑哭][笑哭][笑哭]",
      "likes": 14,
      "reply_time": "2024-05-08 08:56:17",
      "rpid": "220407658576",
      "mid": "35672006"
    },
    {
      "user": "-APT-",
      "content": "#知更鸟美神降临\n#知更鸟新专前三占三\n#知更鸟宇宙歌后\n#珊瑚宫心海点赞",
      "likes": 15,
      "reply_time": "2024-05-07 22:27:16",
      "rpid": "220364488352",
      "mid": "358265028"
    },
    {
      "user": "原来白嫖真的不存在",
      "content": "菊花花老师：原来钱老师拿的剧本跟我一样？[doge]将军［噩梦］pv就只有几个语气词",
      "likes": 13,
      "reply_time": "2024-05-07 12:04:04",
      "rpid": "220281333936",
      "mid": "433604346"
    },
    {
      "user": "风含景",
      "content": "？？？！！！",
      "likes": 11,
      "reply_time": "2024-06-07 12:02:28",
      "rpid": "225091346256",
      "mid": "1814129866"
    },
    {
      "user": "云影依",
      "content": "这是出什么bug了，热门就一条，按时间显示就没问题",
      "likes": 7,
      "reply_time": "2024-06-25 23:52:28",
      "rpid": "228163012128",
      "mid": "41265193"
    },
    {
      "user": "ひとり-",
      "content": "我好像看见了什么奇怪的东西",
      "likes": 7,
      "reply_time": "2024-06-25 02:09:00",
      "rpid": "228014206224",
      "mid": "225529038"
    },
    {
      "user": "风含景",
      "content": "？？？！！！",
      "likes": 11,
      "reply_time": "2024-06-07 12:02:28",
      "rpid": "225091346256",
      "mid": "1814129866"
    },
    {
      "user": "Joker__Joestar",
      "content": "想在昨天生日的时候迎接知更鸟小姐，但失败了，只能下次再见了[大哭][大哭][大哭]",
      "likes": 7,
      "reply_time": "2024-05-19 09:09:36",
      "rpid": "222131449664",
      "mid": "288923768"
    },
    {
      "user": "知更鸟超可爱",
      "content": "这就是我和知更鸟之间的羁绊啊！",
      "likes": 7,
      "reply_time": "2024-05-14 22:26:15",
      "rpid": "221461157552",
      "mid": "3546614174058934"
    },
    {
      "user": "东北雨弟",
      "content": "这角色也就一般啊，有什么吸引人的地方吗[思考]",
      "likes": 7,
      "reply_time": "2024-05-14 01:39:44",
      "rpid": "221330219536",
      "mid": "347123488"
    },
    {
      "user": "品吅囗",
      "content": "鸟门[保佑]",
      "likes": 8,
      "reply_time": "2024-05-10 23:04:53",
      "rpid": "220820355456",
      "mid": "156670264"
    },
    {
      "user": "久居深海姓孤名独",
      "content": "我猜你在找这张图[嘟嘟][嘟嘟]",
      "likes": 7,
      "reply_time": "2024-05-08 02:58:10",
      "rpid": "220393761264",
      "mid": "1232030023"
    },
    {
      "user": "卡冈图雅的终点",
      "content": "旅行者你怎么在看知更鸟[脱单doge][脱单doge]",
      "likes": 7,
      "reply_time": "2024-05-07 23:34:44",
      "rpid": "220375378272",
      "mid": "1595109223"
    },
    {
      "user": "㲺渊ya",
      "content": "0：51 图1是仅去水印，图2是在图1的基础上进行画面处理（使用Bigjpg图片放大，细节可能会有小部分丢失，但直接清晰度会好一些），已转到动态",
      "likes": 7,
      "reply_time": "2024-05-07 17:52:32",
      "rpid": "220322636944",
      "mid": "1943452084"
    },
    {
      "user": "风逾溪",
      "content": "小崩啊，你现在是一款热门游戏啦，有知更鸟小姐的签名啦，真是蒸蒸日上啊[星星眼]",
      "likes": 7,
      "reply_time": "2024-05-07 13:58:43",
      "rpid": "220296996560",
      "mid": "500102897"
    },
    {
      "user": "依然想见",
      "content": "星铁里网友精神状态和我一样，放心了",
      "likes": 7,
      "reply_time": "2024-05-07 13:25:02",
      "rpid": "220293204176",
      "mid": "49155280"
    },
    {
      "user": "香辣无骨风爪",
      "content": "欢愉星神知更鸟[滑稽]",
      "likes": 7,
      "reply_time": "2024-05-07 13:07:51",
      "rpid": "220291004608",
      "mid": "270171434"
    },
    {
      "user": "彦子卡瓦卡瓦",
      "content": "[哦呼]",
      "likes": 7,
      "reply_time": "2024-05-07 12:58:04",
      "rpid": "220289489584",
      "mid": "388075786"
    },
    {
      "user": "YunAKall",
      "content": "那个，我也想要那句话[给心心]",
      "likes": 7,
      "reply_time": "2024-05-07 12:39:39",
      "rpid": "220286828432",
      "mid": "3546645698448286"
    },
    {
      "user": "LordPhilosophy",
      "content": "瞧瞧我发现了什么\n崩 铁 原[笑哭][笑哭][笑哭]",
      "likes": 7,
      "reply_time": "2024-05-07 12:09:59",
      "rpid": "220282139136",
      "mid": "111272826"
    },
    {
      "user": "一般人机",
      "content": "还有人在看吗？如果有人看到这句话的话麻烦留个点赞或者回复，收到消息我就会进来看一遍，算是我自己给自己的一个惊喜吧。我喜欢你！[粉妆玉琢_害羞][東雪蓮_期待][嘉然2.0_小熊][冰糖IO 蜕变·闪耀_喜欢]",
      "likes": 13,
      "reply_time": "2024-08-30 22:58:36",
      "rpid": "240941336624",
      "mid": "9354905"
    },
    {
      "user": "知更鸟美貌天下无双",
      "content": "mhy居然请得动知更鸟来唱歌，希望老米能把握住这波流量[脱单doge]（看我名称，还有，我34抽出的鸟）",
      "likes": 7,
      "reply_time": "2024-08-06 15:20:04",
      "rpid": "236043617600",
      "mid": "3537108620806746"
    },
    {
      "user": "风吹发丝头皮凉",
      "content": "巨星小鸟～～",
      "likes": 7,
      "reply_time": "2024-07-26 23:23:04",
      "rpid": "233849612704",
      "mid": "351598829"
    },
    {
      "user": "簪星月落",
      "content": "恭喜千万",
      "likes": 7,
      "reply_time": "2024-07-20 23:18:57",
      "rpid": "232641358544",
      "mid": "1902713700"
    }
  ],
  "total_comments": 200
}