{
  "video_info": {
    "title": "《崩坏：星穹铁道》EP：「使一颗心免于哀伤」",
    "bvid": "BV15x4y1i7m9",
    "aid": 1004375259,
    "author": "崩坏星穹铁道",
    "pub_date": "2024-05-09 12:00:00"
  },
  "comments_data": [
    {
      "user": "骑电车睡大觉",
      "content": "什么时候让大家见见“奥托 玉足 阿波卡利斯”？",
      "likes": 178,
      "reply_time": "2024-05-09 12:00:28",
      "rpid": "220574388032",
      "mid": "3493111976167578"
    },
    {
      "user": "大家的音乐机",
      "content": "【崩坏：星穹铁道-知更鸟全民制作人】活动上线了！！快来为知更鸟创作音乐成为她的制作人吧[打call]~活动传送门👉：https://www.bilibili.com/blackboard/era/w6oKCRZeuJ19Tfu2.html",
      "likes": 4345,
      "reply_time": "2024-05-09 12:17:28",
      "rpid": "220576928848",
      "mid": "32708543"
    },
    {
      "user": "_夜雨声煩_",
      "content": "主唱知更鸟太拼命了",
      "likes": 164,
      "reply_time": "2024-05-09 12:02:15",
      "rpid": "220574722992",
      "mid": "77207087"
    },
    {
      "user": "一节骨头",
      "content": "我算是发现了，四星角色比五星角色危险多了[笑哭]",
      "likes": 2113,
      "reply_time": "2024-05-09 12:01:03",
      "rpid": "220574654992",
      "mid": "29624976"
    },
    {
      "user": "用心胜天半子",
      "content": "别伤心，开拓者们，米沙没有离开列车，他不是在你的帽子里吗[doge]",
      "likes": 1431,
      "reply_time": "2024-05-09 12:00:36",
      "rpid": "220574475376",
      "mid": "510862511"
    },
    {
      "user": "胡闹的小明",
      "content": "这个mv里只有三个角色，三个都是各自文明的遗孤[笑哭]",
      "likes": 766,
      "reply_time": "2024-05-09 12:12:21",
      "rpid": "220576198176",
      "mid": "260690163"
    },
    {
      "user": "祈鸢ル",
      "content": "太喜欢知更鸟小姐了，写了一点作为纪念[大哭]\n    路费要攒半个月，其他费用半个月，嗯，还可以接受，不会影响到吃饭。欸，哪怕知更鸟小姐免费演出，去一次还是要花费不少。\n    或许都是这样吧，但这是离知更鸟小姐最近的一次，一定不能错过。\n    方形的房子，方形的车子，方形的公司，方形的办公桌。。。生活在方形的牢笼了，太过黑暗。\n    或许还是有色彩的，那就是听到知更鸟小姐的声音。她的声音，轻快，甜蜜，带有希望，为我的生活照进一束光。\n    而现在，她正站在舞台上，三，二，一，灯光突然凝聚，照亮舞台上的知更鸟小姐，清脆的歌声响彻现场。激昂，欢乐，幸福的血液在心中流淌，这就是知更鸟小姐的魅力啊！\n    只是，太闪耀了。\n   “这位先生，您有什么心事吗，我注意到好几次，您的表情不是很自然。”一位戴着假发和眼镜的女士问到。\n    天呐，是知更鸟小姐，演出结束之后居然还能碰到她，是巧合吗，但是她还关注了我的表情。我快速的看看周围，并没有被别人发现，再看着她的脸，我更说不出话了。\n    “我明白了，先生。愿您的生活充满希望与动力，愿您的努力得到相应的回报。愿您可以像鸟儿一样自由飞翔。先生，希望我的歌声可以给你带来安宁。”\n    正是为了生活中像知更鸟小姐一样的美好，我们才努力生活，不是吗？\n    入夜了，我梦到了一个不是方形的房子，一个不是方形的花园，有蝴蝶有飞鸟，以及，一位带着白手套的姑娘，那是属于我的那一位她。\n    但是我不会沉眠，因为生活还要继续，梦想也会在某一天变成现实。",
      "likes": 50,
      "reply_time": "2024-05-09 23:23:04",
      "rpid": "220669196864",
      "mid": "342930631"
    },
    {
      "user": "゙゙゙慵懒逐浪",
      "content": "活动光锥的简介也好让人难过[大哭]那天也是帕姆和三位传奇无名客的最后一面",
      "likes": 222,
      "reply_time": "2024-05-09 14:18:48",
      "rpid": "220592868768",
      "mid": "3050594"
    },
    {
      "user": "十六゚",
      "content": "不   死    鸟",
      "likes": 26,
      "reply_time": "2024-06-14 21:20:06",
      "rpid": "226325155920",
      "mid": "2085300190"
    },
    {
      "user": "法师塔",
      "content": "一人许愿，希望可以把这个做成人工桌面里的动态壁纸！@崩坏星穹铁道",
      "likes": 177,
      "reply_time": "2024-05-09 13:05:29",
      "rpid": "220584253120",
      "mid": "6189174"
    },
    {
      "user": "懒得换头像和名字",
      "content": "消除一个生命的痛苦，\n平息一种酸辛，\n帮助一只昏厥的鸟儿回到巢中。\n\n《使一颗心免于哀伤》\n作曲 Composer：王可鑫 Eli.W (HOYO-MiX)\n作词 Lyricist：黑金雨\n编曲 Arranger：王可鑫 Eli.W (HOYO-MiX)\n制作人 Producer：王可鑫 Eli.W (HOYO-MiX)\n人声 Vocal Artist：Chevy\n木吉他 Acoustic Guitar：赵新博\n电吉他 Electric Guitar：赵新博\n架子鼓 Drums：眭逸凡Patrick\n乐队 Orchestra：国际首席爱乐乐团 International Master Philharmonic Orchestra\n人声录音棚 Vocal Recording Studio：The Hideout Recording Studio\n人声录音师 Vocal Recording Engineer：Luis Pacheco\n乐器录音棚 Instrumental Recording Studio：升赫录音棚Soundhub Studio/九紫天诚录音棚 SKY FIRE STUDIO\n乐器录音师 Instrumental Recording Engineer：Kevin刘瀚文@Soundhub Studios/董方昱\n混音师 Mixing Engineer：宫奇Gon (HOYO-MiX)\n母带制作 Mastering Engineer：宫奇Gon (HOYO-MiX)\n出品 Produced by：HOYO-MiX",
      "likes": 46,
      "reply_time": "2024-05-09 12:00:30",
      "rpid": "220574470320",
      "mid": "553775400"
    },
    {
      "user": "米游姬派蒙",
      "content": "最终BOSS真的太强了，没想到景元都打不过，多亏危急关头青雀升格为麻将星神，在雀神伟力下，匹诺康尼变成宇宙的麻将之都了，知更鸟还为麻将盛典献唱了《使一个麻将免于胡牌》，真是温暖人心的大结局",
      "likes": 427,
      "reply_time": "2024-05-09 12:00:37",
      "rpid": "220574480928",
      "mid": "84675700"
    },
    {
      "user": "百里里里里里梨",
      "content": "剧情的真相是这样的广场上那个巨大的屏幕是黑天鹅用卡牌砍的，然后黄泉召唤出何物朝向死亡带我们去了固醒地，知更鸟兄妹其实原来是钟表匠养的2只鸟，在钟表匠死后被加拉赫送给了梦主，知更鸟想要用歌声召唤同协，被星期日阻止因为星期日信奉的是秩序，最后主角就拿到了钟表匠的遗产开启了大招伴舞，波波鲨一个超击破打碎了整个匹诺康尼",
      "likes": 785,
      "reply_time": "2024-05-09 12:03:04",
      "rpid": "220574764960",
      "mid": "440131505"
    },
    {
      "user": "Haz_Studio单推人3号",
      "content": "我是知更鸟小姐的狗！！！（震声",
      "likes": 24,
      "reply_time": "2024-05-09 12:01:06",
      "rpid": "220574582064",
      "mid": "3461563486833594"
    },
    {
      "user": "垃圾星神",
      "content": "大家多关注关注ep讲的三个角色的悲伤故事，和他/她们不甘于命运的斗争，别再无脑刷主唱和纠结是谁的曲子了[大哭][大哭]",
      "likes": 573,
      "reply_time": "2024-05-09 12:30:52",
      "rpid": "220578957648",
      "mid": "542447044"
    },
    {
      "user": "琳妮登登特",
      "content": "其实米哈伊尔一直在蒙德呢[笑哭]",
      "likes": 49,
      "reply_time": "2024-05-10 19:38:17",
      "rpid": "220786413328",
      "mid": "23629170"
    },
    {
      "user": "睡小觉_",
      "content": "到我了到我了！我也要那个",
      "likes": 30,
      "reply_time": "2024-05-09 12:00:38",
      "rpid": "220574481856",
      "mid": "401926164"
    },
    {
      "user": "芦花飞漫天舞",
      "content": "告诉银枝，我找到伊德莉拉了",
      "likes": 13,
      "reply_time": "2024-05-09 14:36:45",
      "rpid": "220594891632",
      "mid": "319751964"
    },
    {
      "user": "BestPaimon",
      "content": "凌晨，\n做完匹诺康尼的剧情后，睡去，做了一个很长很长的梦\n梦里，和三个同伴一起远足，出发前还带着家人的祝福，在旅途中偶遇了以前因为闹矛盾而失去联系的朋友，还在中途休息时，见到了去世的外婆。太美好了，美好得不真实。\n在梦中进行的冒险时，我就一直在想，会不会耽误现实中第二天下午的课程，而且梦里的破绽越来越多，一个晚上的长途跋涉，怎么能从学校走到千里外的老家，到外婆家里呢？\n在紧张和担忧中，我突然醒来，梦中的一切都轰然倒塌，我开始做下午课程的准备，在现实中，带着梦境的祝福，迈出下一步。\n生命因何而选择沉睡？因为，总有一天，我们会从梦中醒来。",
      "likes": 229,
      "reply_time": "2024-05-09 12:00:56",
      "rpid": "220574495088",
      "mid": "294775260"
    },
    {
      "user": "阿皓饱了_",
      "content": "官方竟然做了这张二创图耶[星星眼][星星眼][星星眼]",
      "likes": 33,
      "reply_time": "2024-05-11 12:17:12",
      "rpid": "220887148112",
      "mid": "526141025"
    },
    {
      "user": "不爱的我不理",
      "content": "[脱单doge]我是五月九",
      "likes": 26,
      "reply_time": "2024-05-09 12:01:47",
      "rpid": "220574533072",
      "mid": "11289553"
    },
    {
      "user": "烛昼゙",
      "content": "来了",
      "likes": 41,
      "reply_time": "2024-05-09 12:00:24",
      "rpid": "220574465360",
      "mid": "1403483675"
    },
    {
      "user": "婆妈神orca",
      "content": "[嘘声]我现在是不是掉进太一之梦了",
      "likes": 25,
      "reply_time": "2024-05-09 18:33:44",
      "rpid": "220624008288",
      "mid": "1812105"
    },
    {
      "user": "谕十三",
      "content": "今天的崩坏系列！是无敌的！[以闪亮之名_爱你哦][以闪亮之名_爱你哦][以闪亮之名_爱你哦]",
      "likes": 11,
      "reply_time": "2024-05-10 21:28:00",
      "rpid": "220803372048",
      "mid": "11346527"
    },
    {
      "user": "等琪亚娜回家",
      "content": "到我了，到我了，各位开括者可以和我说那个吗，祝大家小保底不歪",
      "likes": 14,
      "reply_time": "2024-05-09 12:01:08",
      "rpid": "220574504800",
      "mid": "3461582222788897"
    },
    {
      "user": "千树优奈",
      "content": "这还纠结这首歌是谁的，这首歌是属于米哈游的",
      "likes": 8689,
      "reply_time": "2024-05-09 12:34:06",
      "rpid": "220579479776",
      "mid": "41112142"
    },
    {
      "user": "玩水人就得波高",
      "content": "我鸟味大，无需多盐[给心心]",
      "likes": 20,
      "reply_time": "2024-05-10 17:42:40",
      "rpid": "220768768848",
      "mid": "266796401"
    },
    {
      "user": "迈向没有你的明天",
      "content": "卧槽，大佬，来一张动态壁纸。",
      "likes": 11,
      "reply_time": "2024-05-09 22:48:05",
      "rpid": "220663399712",
      "mid": "79539751"
    },
    {
      "user": "玉山碧落谁看东风",
      "content": "00:51 能把这张图单独放出来嘛，求求你了星穹铁道😭😭😭",
      "likes": 46,
      "reply_time": "2024-05-09 12:05:36",
      "rpid": "220575113856",
      "mid": "351718733"
    },
    {
      "user": "柠爆你奔周",
      "content": "牢日:“你知道的，梦主是我的养父，太一那家伙强得不可思议，我认为我们仨能够在匹诺康尼大有所为，有时候做出决定很艰难，经过许多个日夜的思考，我决定把「秩序」带到匹诺康尼，我已经迫不及待地想要当上「秩序」的令使了。至于「同谐」希佩，我只能祝祂好运。”",
      "likes": 60,
      "reply_time": "2024-05-09 12:00:36",
      "rpid": "220574319600",
      "mid": "352712229"
    },
    {
      "user": "残花晓月",
      "content": "收不到祝福的我有点哀伤[崩坏：星穹铁道_心]",
      "likes": 28,
      "reply_time": "2024-05-09 12:37:15",
      "rpid": "220580081168",
      "mid": "2660585"
    },
    {
      "user": "WYX2023xm",
      "content": "上班族社畜，每天就六点多下班，吃完晚饭之后的两个多小时有空过主线剧情了，还得两三天慢慢做[热]",
      "likes": 53,
      "reply_time": "2024-05-09 12:02:07",
      "rpid": "220574547344",
      "mid": "294099923"
    },
    {
      "user": "祝福降临埃维金",
      "content": "到这句的时候快速闪过芽衣砂金流荧的过去，天杀的我爆哭啊啊啊[保卫萝卜_哭哭][保卫萝卜_哭哭][大哭][大哭][大哭]米哈游你好会剪",
      "likes": 12,
      "reply_time": "2024-05-09 12:20:51",
      "rpid": "220577535024",
      "mid": "421790826"
    },
    {
      "user": "南山没有伞-",
      "content": "弹幕拉踩男女主问题的，真是逆天啊，拳都打到这来了",
      "likes": 22,
      "reply_time": "2024-05-12 13:43:56",
      "rpid": "221067580240",
      "mid": "1700476222"
    },
    {
      "user": "散木鳴雁",
      "content": "感觉认真过完2.2剧情的人，应该也不会还觉得这首歌是谁谁谁专属了吧，说这是匹诺康尼所有选择自己道路、勇敢生活的人共同的主旋律也不为过。包括本ep剪辑进去的几位，包括流梦礁的那个老奶奶教几位现实残疾小朋友唱歌和那位哼唱的歌者（其实可以作为流梦礁精神一角的体现），甚至我说在结束后知更鸟拥抱星期日时也配上一段，那也合适的不得了。2.0-2.2这么长时间的优秀塑造，到头来还在争执一首歌属于谁，是对所有角色的不尊重。感觉就像某些乐土剧情都没看过就逮着爱莉希雅喊“爱门”的人一样，纯小鬼。\n（不过吵架的没看见，劝架的倒不少，有感而发，如影响观感请多包涵）[崩坏3·终焉归始_自闭]",
      "likes": 14,
      "reply_time": "2024-05-09 13:26:48",
      "rpid": "220587127696",
      "mid": "27080988"
    },
    {
      "user": "葡萄酸柠檬甜",
      "content": "今天到我了！可不可以听到那一句[星星眼][星星眼]",
      "likes": 10,
      "reply_time": "2024-05-09 12:11:57",
      "rpid": "220576178752",
      "mid": "490860958"
    },
    {
      "user": "全能v欣群",
      "content": "消除一个生命的痛苦，\n平息一种酸辛，\n帮助一只昏厥的鸟儿回到巢中。\n\n《使一颗心免于哀伤》\n作曲 Composer：王可鑫 Eli.W (HOYO-MiX)\n作词 Lyricist：黑金雨\n编曲 Arranger：王可鑫 Eli.W (HOYO-MiX)\n制作人 Producer：王可鑫 Eli.W (HOYO-MiX)\n人声 Vocal Artist：Chevy\n木吉他 Acoustic Guitar：赵新博\n电吉他 Electric Guitar：赵新博\n架子鼓 Drums：眭逸凡Patrick\n乐队 Orchestra：国际首席爱乐乐团 International Master Philharmonic Orchestra\n人声录音棚 Vocal Recording Studio：The Hideout Recording Studio\n人声录音师 Vocal Recording Engineer：Luis Pacheco\n乐器录音棚 Instrumental Recording Studio：升赫录音棚Soundhub Studio/九紫天诚录音棚 SKY FIRE STUDIO\n乐器录音师 Instrumental Recording Engineer：Kevin刘瀚文@Soundhub Studios/董方昱\n混音师 Mixing Engineer：宫奇Gon (HOYO-MiX)\n母带制作 Mastering Engineer：宫奇Gon (HOYO-MiX)\n出品 Produced by：HOYO-MiX",
      "likes": 60,
      "reply_time": "2024-05-09 12:00:49",
      "rpid": "220574489840",
      "mid": "1215734830"
    },
    {
      "user": "卡琳倒车入库",
      "content": "不行，我听不得这个[大哭][大哭][大哭]",
      "likes": 13,
      "reply_time": "2024-05-09 12:01:19",
      "rpid": "220574667920",
      "mid": "522601932"
    },
    {
      "user": "東青FuFu",
      "content": "00:52 这张适合做壁纸",
      "likes": 9,
      "reply_time": "2024-05-19 19:04:13",
      "rpid": "222212686368",
      "mid": "1442128547"
    },
    {
      "user": "十香seirei",
      "content": "虽然但是，9连歪",
      "likes": 9,
      "reply_time": "2024-05-11 11:24:05",
      "rpid": "220879609360",
      "mid": "34760910"
    },
    {
      "user": "结城明日奈",
      "content": "烧鸡老师能不能写一辈子崩铁剧本\n求求了，大家什么都会做的[黎歌Neeko_打call]",
      "likes": 20,
      "reply_time": "2024-05-10 07:24:17",
      "rpid": "220697631984",
      "mid": "4307"
    },
    {
      "user": "伯克洛普特",
      "content": "该我了该我了！[星星眼][星星眼][星星眼]想要那个[doge][doge][doge]",
      "likes": 9,
      "reply_time": "2024-05-09 14:32:31",
      "rpid": "220594486144",
      "mid": "519896729"
    },
    {
      "user": "林间流萤飞",
      "content": "今天到我了帕，大家祝我高考成功可以吗[脸红]",
      "likes": 14,
      "reply_time": "2024-05-10 09:17:39",
      "rpid": "220706599472",
      "mid": "1295494376"
    },
    {
      "user": "___希___",
      "content": "想回坑了，孩子们，我的希儿还强吗[星星眼]",
      "likes": 12,
      "reply_time": "2024-05-31 18:38:44",
      "rpid": "224049072736",
      "mid": "521581311"
    },
    {
      "user": "水帝ykls",
      "content": "二次元从何时失去灵魂？\n从何时开始靠擦边苟延残喘？从何时失去了具有生命力，灵魂共鸣的描绘能力？\n九十年代日本动漫的心气儿和愿景，在三十年后被海对面的一群技术宅接过衣钵。",
      "likes": 18,
      "reply_time": "2024-05-09 21:14:36",
      "rpid": "220648263040",
      "mid": "95253953"
    },
    {
      "user": "九曲歌未尽",
      "content": "眠眠是宰人巴士我真的笑死了",
      "likes": 12,
      "reply_time": "2024-05-09 12:13:15",
      "rpid": "220576334848",
      "mid": "401894910"
    },
    {
      "user": "好像就不好",
      "content": "使一颗心免于哀伤。哪一颗心？\n每一颗心。\n黄泉的过往，砂金的童年，流萤的遭遇，星期日的独自背负一切。\n还有加拉赫，三位老开拓者。\n最后还有全局最冤枉的角色---眠眠。眠眠不哭[喜极而泣]\n大伙都有份[给心心][给心心][给心心]\n但是刷流萤专属要么逆天要么串[辣眼睛][辣眼睛][辣眼睛]",
      "likes": 16,
      "reply_time": "2024-05-11 13:58:04",
      "rpid": "220902139376",
      "mid": "1907106966"
    },
    {
      "user": "宵宫宝藏女孩",
      "content": "2.0听这首歌只想到了流萤，这版本剧情结束听想起了米沙，加拉赫，铁尔南他们[大哭][大哭][大哭]",
      "likes": 15,
      "reply_time": "2024-05-09 12:03:02",
      "rpid": "220574763424",
      "mid": "510797879"
    },
    {
      "user": "这是个黑桃",
      "content": "都2.2了，我居然还能看见为了男女主撕吧的弹幕，甚至还能看到为了CP而撕起来的弹幕[笑哭]",
      "likes": 16,
      "reply_time": "2024-05-10 19:12:53",
      "rpid": "220782397504",
      "mid": "436763699"
    },
    {
      "user": "轻羅小扇",
      "content": "黑天鹅说的致命破绽还有一个，是2.0地图刚刚出的时候就有提到的，现实白日梦酒店的折纸小鸟湛蓝爵士，文案里明确说折纸小鸟只在梦里出现，除了米莎之外的破绽，这点当时也有人提到了，还以为是剧情bug，没想到证实了，也就是说在2.0的现实梦境酒店就已经是梦了",
      "likes": 8,
      "reply_time": "2024-05-10 01:35:58",
      "rpid": "220685183664",
      "mid": "357612343"
    },
    {
      "user": "末日残云",
      "content": "强烈建议知更鸟大招可以改成她的几首歌随机，不要单单只是一首歌！",
      "likes": 11,
      "reply_time": "2024-05-13 21:21:45",
      "rpid": "221292416976",
      "mid": "296668156"
    },
    {
      "user": "抱着太阳的何先生",
      "content": "别搞男女主对立，该死，切忌各位。",
      "likes": 16,
      "reply_time": "2024-05-12 10:52:25",
      "rpid": "221041366144",
      "mid": "373931062"
    },
    {
      "user": "可可利亚的造物引擎",
      "content": "关于现在的争端，其实只要认清一点就行了，这首歌在剧情里是知更鸟唱的，然后这首个塑造的角色有知更鸟也有流萤，但目前用于对流萤的塑造更偏重一点，无论是在游戏剧情或者官方视频甚至演唱会也是，所以这首歌想起很多人想到的都是流萤，这种绑定程度说是角色曲也不为过，只要分清这一点，我觉得根本不会有争端，除非有魔怔和不怀好意的人在带节奏",
      "likes": 14,
      "reply_time": "2024-05-12 20:59:19",
      "rpid": "221131273024",
      "mid": "615831051"
    },
    {
      "user": "今天的风甚是喧闹阿",
      "content": "论网易的离谱程度",
      "likes": 7,
      "reply_time": "2024-05-10 09:18:03",
      "rpid": "220706471920",
      "mid": "303222060"
    },
    {
      "user": "落叶小师弟",
      "content": "555这张图好美，有没有大佬能把字幕去了[跪了]",
      "likes": 7,
      "reply_time": "2024-05-09 19:38:02",
      "rpid": "220633694272",
      "mid": "384378876"
    },
    {
      "user": "手刃燒雞娶流螢",
      "content": "聽著天台的音樂\n想起來少女那柔軟的笑容\n想起來少女那甜美的聲音\n笑起來少女那動人的眼眸\n於最燦爛的午夜，聽著少女最淒美的遭遇\n\n多美的一刻啊\n時光永遠停滯在這黃金的時刻\n「星穹列車的無名客，與我。」\n明明只是夢中邊境不起眼的一角\n彷彿，置身於僅有妳我的，唯一的宇宙\n你我是生命中最燦爛的，唯一的星\n\n「對…不起…」\n\n名為「死亡」的迷因穿透了她脆弱的身軀\n名為「憤恨」的情緒填滿了我殘破的心靈\n而後\n名為「空虛」的感受佔據了我淌血的胸膛\n一次次的重遊故地，然而，沒有妳，就連不會結束的白夜也褪色得毫無價值\n\n帶著空虛與悲傷，在令史的長刀出鞘之間\n一抹螢光，於夢的交接處\n重新點燃了我心中已然死亡的螢火\n是她，是她，是她\n\n如果可以，我願用上一切努力\n只為重新擁抱妳\n\n流螢，我愛妳\n\n——你的開拓者",
      "likes": 7,
      "reply_time": "2024-05-09 14:39:04",
      "rpid": "220595039088",
      "mid": "3493265049389496"
    },
    {
      "user": "我不是文少爷",
      "content": "美神",
      "likes": 7,
      "reply_time": "2024-05-09 12:08:29",
      "rpid": "220575630064",
      "mid": "364214133"
    },
    {
      "user": "如鹤飞落绝云间",
      "content": "祝知更鸟小姐专辑大热\n我想……听那个，可以吗[原神_哇]",
      "likes": 7,
      "reply_time": "2024-05-09 12:01:50",
      "rpid": "220574534464",
      "mid": "1490079027"
    },
    {
      "user": "民国豌豆",
      "content": "不过这次剧情真的把银技的逼格又拉高了，人都到虚无边境了都能给顺手拉回来，银枝高低得是伊德莉拉神选 [妙啊][妙啊]",
      "likes": 11801,
      "reply_time": "2024-05-09 12:10:41",
      "rpid": "220575957568",
      "mid": "484465441"
    },
    {
      "user": "星宇昴",
      "content": "不对，这弹幕是脚本，每个视频里都有发这些钓鱼的，男女玩家都别被钓了，md",
      "likes": 14,
      "reply_time": "2024-05-23 10:52:16",
      "rpid": "222756714192",
      "mid": "2291349"
    },
    {
      "user": "民国豌豆",
      "content": "不过这次剧情真的把银技的逼格又拉高了，人都到虚无边境了都能给顺手拉回来，银枝高低得是伊德莉拉神选 [妙啊][妙啊]",
      "likes": 11801,
      "reply_time": "2024-05-09 12:10:41",
      "rpid": "220575957568",
      "mid": "484465441"
    },
    {
      "user": "春日归来之歌",
      "content": "好喜欢妹宝[崩坏3·光辉矢愿_比心][崩坏3·光辉矢愿_比心]",
      "likes": 6,
      "reply_time": "2024-05-13 12:21:49",
      "rpid": "221217966896",
      "mid": "87804779"
    },
    {
      "user": "元素转换",
      "content": "过了剧情之后，米沙就永远离开我们了，甚至发短信都不回（像极了我前女友[doge]）",
      "likes": 6,
      "reply_time": "2024-05-09 19:30:11",
      "rpid": "220632567904",
      "mid": "76964280"
    },
    {
      "user": "砂金Aventurine-",
      "content": "轮到我了[脱单doge]",
      "likes": 6,
      "reply_time": "2024-05-09 12:01:07",
      "rpid": "220574583008",
      "mid": "223236380"
    },
    {
      "user": "妁旳纛醴",
      "content": "文案组还有五学家（喜）",
      "likes": 6,
      "reply_time": "2024-05-11 09:22:51",
      "rpid": "220865454160",
      "mid": "3537113970641811"
    },
    {
      "user": "若若雪酱",
      "content": "加拉赫，米沙，四星剩下活着的没几个了[藏狐]这就是崩坏吗",
      "likes": 3017,
      "reply_time": "2024-05-09 12:27:25",
      "rpid": "220578519152",
      "mid": "392773782"
    },
    {
      "user": "虚空猫粮",
      "content": "《使一颗心免于悲伤》不是属于任何人的角色曲，而是匹诺康尼每个人的曲子",
      "likes": 4440,
      "reply_time": "2024-05-10 09:54:13",
      "rpid": "220710309392",
      "mid": "638052124"
    },
    {
      "user": "HackerRabbit",
      "content": "米哈游这是从知更鸟手中拿到版权了？厉害啊[doge]",
      "likes": 4701,
      "reply_time": "2024-05-09 12:01:37",
      "rpid": "220574526048",
      "mid": "473218769"
    },
    {
      "user": "-Argenti-",
      "content": "为什么不能提知更鸟啊，名义上这歌就是知更鸟唱的啊……又没说这是知更鸟个人曲………各打五十大板有点拉偏架了………",
      "likes": 12,
      "reply_time": "2024-05-10 01:26:33",
      "rpid": "220684544224",
      "mid": "34607069"
    },
    {
      "user": "昔时懒回顾",
      "content": "这是属于匹诺康尼所有人的歌。一味地纠结小情小爱对不起这个故事。",
      "likes": 10,
      "reply_time": "2024-05-09 15:47:25",
      "rpid": "220602726400",
      "mid": "24486885"
    },
    {
      "user": "不懂景恒的永别了",
      "content": "家人们我一口气吃了一百张空气蛹[星星眼]永远支持全寰宇最伟大的歌者知更鸟小姐！她值得！[崩坏：星穹铁道_心]",
      "likes": 10,
      "reply_time": "2024-05-09 12:09:36",
      "rpid": "220575845584",
      "mid": "73286555"
    },
    {
      "user": "白草净华-幽宫启蜇",
      "content": "过完主线第一件事：\n检查米哈伊尔还在不在椅子上[doge]",
      "likes": 10,
      "reply_time": "2024-05-09 12:02:07",
      "rpid": "220574636288",
      "mid": "1039965439"
    },
    {
      "user": "流萤萤的开拓者",
      "content": "同谐包容所有人，包括失熵症少女，公司的使节和流浪的芽衣。知更鸟小姐的歌声不仅仅只是一个个简单的乐符，而是对同谐，对生命的颂歌，对追求自由，秉持坚定信念一代又一代永不绝传的开拓者们的礼赞诗！",
      "likes": 4311,
      "reply_time": "2024-05-09 12:26:17",
      "rpid": "220578309264",
      "mid": "1200462934"
    },
    {
      "user": "-青-玄-",
      "content": "他宝贝了个腿的，很难想象当时前线是哪个不长眼的小可爱给我鸟脖子来了一枪。他呜呜伯的，我鸟这么人美心善，嗓这么好听也舍得打，真的好心疼😭",
      "likes": 9,
      "reply_time": "2024-05-11 20:13:08",
      "rpid": "220954979264",
      "mid": "3537110978005863"
    },
    {
      "user": "徐贪狼",
      "content": "知更鸟是自己走出囚笼的，真的，烧鸡老师这次剧情这一点设计我太喜欢了，本来知更鸟笼中鸟的设定我以为又是老套的主角带她走出囚笼，结果是知更鸟小姐自己走出囚笼，真的，烧鸡老师太懂真正的独立女性该怎么刻画了[给心心]",
      "likes": 9,
      "reply_time": "2024-05-09 15:48:34",
      "rpid": "220602819232",
      "mid": "338779784"
    },
    {
      "user": "staring321",
      "content": "剧情真的很棒，最终BOSS也太强了，没想到连景元都打不过，多亏危急关头青雀升格为麻将星神，在雀神伟力下，匹诺康尼变成宇宙的麻将之都了，知更鸟还为麻将盛典献唱了《使一副麻将免于胡牌》，真是温暖人心的大结局[脱单doge]",
      "likes": 16948,
      "reply_time": "2024-05-09 12:12:15",
      "rpid": "220576193184",
      "mid": "525743176"
    },
    {
      "user": "情隐云月",
      "content": "好了好了，终于不用争了，知更鸟把这首歌献给所有处于迷茫低谷乃至绝境的人，可以刷知更鸟，可以刷流萤黄泉砂金，可以刷匹诺康尼的每一个人，不管萤厨鸟厨都别再让人带节奏了，就事论事别再上升了，群体扫射只会愈演愈烈[灵魂出窍]",
      "likes": 4968,
      "reply_time": "2024-05-09 16:53:20",
      "rpid": "220610218672",
      "mid": "37990900"
    },
    {
      "user": "猎马人kva",
      "content": "现在把黄泉叫做芽衣已经没什么问题了",
      "likes": 2122,
      "reply_time": "2024-05-09 15:36:55",
      "rpid": "220601412480",
      "mid": "5462208"
    },
    {
      "user": "belanet",
      "content": "因为一些个人原因，鄙人过完这个剧情后退坑了，现在回来看真是感受颇深…\n2.2的时候刚开不久的时候我一家三口正在香港旅游（确实这也是我父母的愿望），那几天高强度特种兵顶着被旅游团坑还有部分本地人的歧视（对于内地来说）崇高的物价和水土不服旅途劳累之类的毛病，抽卡也连着歪两次就没怎么玩崩铁，临晨三点在一个面积不到五平米的酒店房间被我爹叫醒，通知了我奶奶的死讯，那时真的一瞬间愣住了，在云里雾里神志也迷迷糊糊的时候打了两百块钱的公交车去机场急忙忙的飞回重庆。我也是在我奶奶那个充斥着很多（熟悉的或不熟悉的）家长们喧闹讨论说笑的声音和满地的瓜子壳麻将碰撞此起彼伏噼里啪啦的响声里，过完了崩铁2.2的剧情，这也是我过得很复杂的周年版本，颗粒无收。\n当时脑子真的很模糊但作为直系亲属在葬礼流程上忙来忙去是肯定的，没有什么时间去察觉情绪，就像已经累到感觉不到悲伤和眼泪，不知道自己在这里有什么意义。流程结束家长火急火燎给我安排了全天制的暑假兼职，我也把号托管给朋友，自己投入三次元或大或小的琐事。\n现在调整好上大学刚回坑面对痛苦号，勉强打完神主日和飞霄勉强步入正轨，回过头来听这首歌，回顾剧情。\n反正无论发生什么，开拓还要继续\n最后，使一颗心免于哀伤[大哭][洛天依]",
      "likes": 25,
      "reply_time": "2024-10-15 14:05:02",
      "rpid": "244442876241",
      "mid": "1679219477"
    },
    {
      "user": "遗心者丶絆",
      "content": "突然发现，每一次切人物都会放出两人在同一场景的画面，一开始是流萤\n流萤→黄泉：萨姆为了告知爷真相时被黄泉防住，后面转黄泉画面；\n黄泉→砂金：正是黄泉那两刀给砂金送进虚无间隙，之后画面基本上都是砂金的\n到最后三人的画面轮流切换，而且歌词对每个人都有不同的意义，剪辑上大分。",
      "likes": 8,
      "reply_time": "2024-05-13 09:51:16",
      "rpid": "221199433264",
      "mid": "302300359"
    },
    {
      "user": "鼠鼠我啊最爱吃瓜",
      "content": "在这里向流梦礁唯一指定专车眠眠致以最真诚的歉意[大哭]我承认上个版本骂的有点难听，以后我刷分再也不刷第九世界了[doge]",
      "likes": 8,
      "reply_time": "2024-05-11 06:35:15",
      "rpid": "220853394944",
      "mid": "1447955567"
    },
    {
      "user": "墨染丨倾书",
      "content": "星期日只是想为普通人打造一个拥有七休日的世界，他有什么错[大哭][大哭][大哭]",
      "likes": 8,
      "reply_time": "2024-05-09 19:17:00",
      "rpid": "220630391856",
      "mid": "3546381880921047"
    },
    {
      "user": "百笑痛苦医学生版",
      "content": "我们小鸟唱歌真好听，支持",
      "likes": 8,
      "reply_time": "2024-05-09 15:46:27",
      "rpid": "220602529200",
      "mid": "23449398"
    },
    {
      "user": "沐灬飞雪",
      "content": "把流萤那伸手那幕做成壁纸吧，求你了[喜欢]",
      "likes": 8,
      "reply_time": "2024-05-09 12:28:22",
      "rpid": "220578725392",
      "mid": "168799507"
    },
    {
      "user": "白石饫",
      "content": "友情提示：作词是夜航星的作词哦[大哭][大哭][大哭]神级理解作词我好爱",
      "likes": 6533,
      "reply_time": "2024-05-09 12:13:45",
      "rpid": "220576358992",
      "mid": "14203812"
    },
    {
      "user": "梓安D",
      "content": "做主线做到那个酒馆去见姬子的时候，旁边打桌球的有个人说了句“天才的一杆，你要如何应对”没给我笑死",
      "likes": 3469,
      "reply_time": "2024-05-09 13:04:06",
      "rpid": "220584106608",
      "mid": "224543370"
    },
    {
      "user": "害羞的甲虫",
      "content": "建议关弹幕效果最佳",
      "likes": 9,
      "reply_time": "2024-06-03 00:08:35",
      "rpid": "224427707728",
      "mid": "360975107"
    },
    {
      "user": "雨懿眸",
      "content": "不求流萤战斗画面有多好多强，但求剧情别刀掉，喜欢的是流萤本身，而不是强度",
      "likes": 7,
      "reply_time": "2024-05-18 22:36:06",
      "rpid": "222082106688",
      "mid": "185356132"
    },
    {
      "user": "海贼王luffy当定了",
      "content": "还是很喜欢这首歌，车厢里放了无数遍了还是听不腻",
      "likes": 7,
      "reply_time": "2024-05-16 10:04:18",
      "rpid": "221665372816",
      "mid": "7864613"
    },
    {
      "user": "_JUSAKA_",
      "content": "将来我如果结婚，我想把这首放在婚礼上当主题曲……",
      "likes": 7,
      "reply_time": "2024-05-13 22:24:59",
      "rpid": "221302791344",
      "mid": "2815083"
    },
    {
      "user": "喵大王驾到",
      "content": "希望有羽毛和翅膀\n在银河中孤独摇摆\n使一颗心免于哀伤",
      "likes": 7,
      "reply_time": "2024-05-12 21:55:20",
      "rpid": "221140290224",
      "mid": "616509267"
    },
    {
      "user": "科技号",
      "content": "要是2.0发，早就破千万了[崩坏：星穹铁道_吃瓜ing]",
      "likes": 7,
      "reply_time": "2024-05-11 20:51:26",
      "rpid": "220961249760",
      "mid": "14220823"
    },
    {
      "user": "月球背面土壤",
      "content": "知更鸟小姐的歌[给心心] suki",
      "likes": 7,
      "reply_time": "2024-05-09 20:15:17",
      "rpid": "220639019840",
      "mid": "86234867"
    },
    {
      "user": "viskic",
      "content": "总感觉2。3应该补一个知更鸟的演唱会",
      "likes": 7,
      "reply_time": "2024-05-09 19:19:29",
      "rpid": "220630837168",
      "mid": "411889564"
    },
    {
      "user": "565383",
      "content": "他宝贝了个腿的，很难想象当时前线是哪个不长眼的小可爱给我鸟脖子来了一枪。他呜呜伯的，我鸟这么人美心善，嗓这么好听也舍得打，真的好心疼😭",
      "likes": 7,
      "reply_time": "2024-05-09 13:40:42",
      "rpid": "220588707328",
      "mid": "1415504817"
    },
    {
      "user": "流苏萤萤",
      "content": "ep里是关于流萤、黄泉和砂金的故事，这三个都是自己文明最后一个人",
      "likes": 7,
      "reply_time": "2024-05-09 13:11:15",
      "rpid": "220585064832",
      "mid": "279640729"
    },
    {
      "user": "发光的萤火",
      "content": "唉，全场最惨的当属眠眠了，谁让眠眠没有嘴，说不了话呢，还被揍了几次。好在流萤知更鸟星期日都没事",
      "likes": 7,
      "reply_time": "2024-05-09 12:39:45",
      "rpid": "220580289584",
      "mid": "419835653"
    },
    {
      "user": "月泺中鵼",
      "content": "短短的三分钟我学了3小时[笑哭]，有的细节太难唱了",
      "likes": 7,
      "reply_time": "2024-06-10 14:57:51",
      "rpid": "225627159744",
      "mid": "3494352399632727"
    },
    {
      "user": "疾鹰飞布",
      "content": "我是波提欧，我来爱死引战的人",
      "likes": 8,
      "reply_time": "2024-05-12 10:36:30",
      "rpid": "221039061760",
      "mid": "266247674"
    },
    {
      "user": "語_未来",
      "content": "烧鸡老师能不能写一辈子崩铁剧本\n求求了，大家什么都会做的😭",
      "likes": 5557,
      "reply_time": "2024-05-09 12:04:02",
      "rpid": "220574871168",
      "mid": "1413059414"
    },
    {
      "user": "世界尽头的酒馆",
      "content": "不要让我求你，给张干净的图让我做壁纸吧[崩坏3·终焉归始_咕蛹者]",
      "likes": 5,
      "reply_time": "2024-05-09 12:12:04",
      "rpid": "220576120656",
      "mid": "272764395"
    },
    {
      "user": "云端有只馒头",
      "content": "她真好看",
      "likes": 5,
      "reply_time": "2024-05-09 12:05:55",
      "rpid": "220575232768",
      "mid": "195406956"
    },
    {
      "user": "゙゚゙゚苏东坡",
      "content": "2.3几号更新？我已经等不及了！！！[星星眼][星星眼][星星眼][星星眼]",
      "likes": 5,
      "reply_time": "2024-05-20 16:11:57",
      "rpid": "222349914448",
      "mid": "1180363377"
    },
    {
      "user": "山抹微云卷",
      "content": "1.剧情外献给匹诺康尼所有人的歌，\n2.剧情里歌是知更鸟创造演唱的，同时也是知更鸟的成名曲。",
      "likes": 4680,
      "reply_time": "2024-05-09 14:07:24",
      "rpid": "220591718576",
      "mid": "3493145905990237"
    },
    {
      "user": "咸鱼遇上鲨",
      "content": "400w啦，不过结合隔壁波提欧被压播放量的情况总感觉这个视频也被压了吧[笑哭]，积攒了超半数玩家近3个月的歌播放量咋这么低，之前一个非官方发的都800万了",
      "likes": 6,
      "reply_time": "2024-06-01 21:16:47",
      "rpid": "224235970352",
      "mid": "3461581346179316"
    },
    {
      "user": "无与伦比无语困",
      "content": "2.0出播放量绝对高，出太晚了，热度过了",
      "likes": 6,
      "reply_time": "2024-05-27 22:51:50",
      "rpid": "223493459568",
      "mid": "514482638"
    },
    {
      "user": "枫绛",
      "content": "不知道家人们有没有注意到，天台的文本又更新了[doge]",
      "likes": 6,
      "reply_time": "2024-05-16 22:16:41",
      "rpid": "221762356224",
      "mid": "649720009"
    },
    {
      "user": "神鹰朝",
      "content": "男主和流萤这个太有感觉了，跟亡妻回忆录一样",
      "likes": 6,
      "reply_time": "2024-05-12 21:47:37",
      "rpid": "221138989744",
      "mid": "1130482161"
    },
    {
      "user": "AAA薯条批发鱼总",
      "content": "哥哥别寄哥哥别寄哥哥别寄哥哥千万别寄[保卫萝卜_哭哭][保卫萝卜_哭哭][保卫萝卜_哭哭][保卫萝卜_哭哭][保卫萝卜_哭哭][保卫萝卜_哭哭][保卫萝卜_哭哭][保卫萝卜_哭哭][保卫萝卜_哭哭][保卫萝卜_哭哭][保卫萝卜_哭哭][保卫萝卜_哭哭][保卫萝卜_哭哭][保卫萝卜_哭哭][保卫萝卜_哭哭]",
      "likes": 7,
      "reply_time": "2024-05-10 21:38:17",
      "rpid": "220805140416",
      "mid": "1826918812"
    },
    {
      "user": "飞翔的徐大狗",
      "content": "决战前黄泉说的话，直接明示了，历经挫折，眼中之余黑白，在清醒的世界中见面。\n还有这次的剧情各种三次三次，母神三次，流萤的三次死亡，三次进入回廊人偶谜题等等。那就会有三次反转，这两次字幕应该就不是真结局。\n花火上来就分发的按钮，这个也没回收。\n星核的问题也没收尾。\n加拉赫的扮演者在第二次字幕中写的是“匹诺康尼”这点也很奇怪\n流萤的去向也没交代，也没见到黄泉\n还有我和大家不一样，我是做完2.2主线都没去见酒店vip区外面的湛蓝先生的，做完主线还是能在现实酒店看见他，但是现实中不会有这种模因生物的。我觉得这不是bug。\n所以大家还在一层梦之中，还有第三个无名客才是关键，她去探索星区核心还没回来，回来才会揭示大秘密，也符合2.0个种3重的设定。",
      "likes": 6,
      "reply_time": "2024-05-10 02:36:52",
      "rpid": "220689044944",
      "mid": "157255"
    },
    {
      "user": "陆目圆",
      "content": "emm花火的炸弹还没用到呐[给心心]",
      "likes": 7,
      "reply_time": "2024-05-09 23:21:26",
      "rpid": "220669047200",
      "mid": "47615000"
    },
    {
      "user": "长离之羽",
      "content": "官方在两边的争执中选择了一种很巧妙的方法：加入了两位第三方人物[笑哭]",
      "likes": 6,
      "reply_time": "2024-05-09 21:43:22",
      "rpid": "220652825408",
      "mid": "651043297"
    },
    {
      "user": "我先投降了zzz",
      "content": "这次剧情让我找到我在二次元最初的感动，爱与正义，给予人们生活下去的动力，给予人们希望。再看到如今ml仙人的节奏愈发觉得可笑。",
      "likes": 6,
      "reply_time": "2024-05-09 20:06:39",
      "rpid": "220637843328",
      "mid": "625175987"
    },
    {
      "user": "长离之羽",
      "content": "除了流萤，这个也还真挺适合砂金和知更鸟的，灭族三人曲[笑哭]",
      "likes": 6,
      "reply_time": "2024-05-09 19:47:55",
      "rpid": "220635036928",
      "mid": "651043297"
    },
    {
      "user": "宁小轲",
      "content": "全局最冤：眠眠，人家一宠物被骂了2个版本[笑哭]",
      "likes": 6,
      "reply_time": "2024-05-09 16:06:06",
      "rpid": "220604820688",
      "mid": "426421060"
    },
    {
      "user": "Youtogyoku",
      "content": "人少就是知更鸟角色曲，禁止刷流萤，人多就是写给大家的歌，好灵活的标准啊[吃瓜]",
      "likes": 6,
      "reply_time": "2024-05-09 15:04:32",
      "rpid": "220597811008",
      "mid": "456721588"
    },
    {
      "user": "10-07",
      "content": "怎么都在吵，要我说这歌只属于眠眠😡",
      "likes": 6,
      "reply_time": "2024-05-09 13:40:07",
      "rpid": "220588619072",
      "mid": "22196627"
    },
    {
      "user": "青松落色桃蹊柳陌",
      "content": "知更鸟开大状态栏听她唱歌十秒有成就",
      "likes": 6,
      "reply_time": "2024-05-09 12:01:22",
      "rpid": "220574669936",
      "mid": "38542475"
    },
    {
      "user": "大dio珍珠奶茶",
      "content": "带性别节奏的差不多得了，穷和星视频都是轮流上，别在这里拉踩，再说你算老几？有种收购米忽悠将所有人变成百合豚或解解鸭？不爽你就右上角叉出去，没人关心你选哪个主角，不爽你甚至可以卸载，爱玩玩不玩滚。",
      "likes": 25,
      "reply_time": "2024-05-10 18:32:00",
      "rpid": "220776132608",
      "mid": "373413"
    },
    {
      "user": "東方曐落",
      "content": "如果我能阻止一颗心破碎\n【美国】 艾米莉•狄金森 \n\n如果我能阻止一颗心破碎 \n我的生命就不算白费； \n如果我能减轻一个生命的痛苦， \n或缓解一份痛楚， \n或者帮助一只虚弱的知更鸟 \n再次回巢， \n我的生命就没有虚度。",
      "likes": 6,
      "reply_time": "2024-06-18 20:17:42",
      "rpid": "226968380352",
      "mid": "38103153"
    },
    {
      "user": "游侠-松鼠党",
      "content": "这主线不出个电影真的对不起这该死的史诗感[笑哭]",
      "likes": 6,
      "reply_time": "2024-06-18 19:41:00",
      "rpid": "226962546016",
      "mid": "620844654"
    },
    {
      "user": "assweff",
      "content": "新剧情还说了，其实砂金存护的力量还起到防护罩的作用，要不然黄泉这一刀可能损伤范围更大。黄泉果然是牢悟呗，不光能给自己抬逼格也能给对手抬[doge]",
      "likes": 6,
      "reply_time": "2024-05-10 13:52:36",
      "rpid": "220741572096",
      "mid": "325804318"
    },
    {
      "user": "GPT250",
      "content": "剧情真的很棒，最终BOSS也太强了，没想到连景元都打不过，多亏危急关头青雀升格为麻将星神，在雀神伟力下，匹诺康尼变成宇宙的麻将之都了，知更鸟还为麻将盛典献唱了《使一副麻将免于胡牌》，真是温暖人心的大结局[脱单doge]",
      "likes": 1945,
      "reply_time": "2024-05-09 15:25:23",
      "rpid": "220600175984",
      "mid": "3546383120337492"
    },
    {
      "user": "我洛直接秒",
      "content": "开拓者们，请问你是否承认七休哥的妹妹的美丽举世无双[嘟嘟]",
      "likes": 6,
      "reply_time": "2024-05-09 12:06:22",
      "rpid": "220575309808",
      "mid": "335203660"
    },
    {
      "user": "雪雾风_",
      "content": "在知更鸟的毒唯粉和流萤的毒唯粉争的不可开交的时候，砂金厨已经赢麻了[doge]",
      "likes": 6,
      "reply_time": "2024-05-09 23:28:15",
      "rpid": "220669987472",
      "mid": "124627978"
    },
    {
      "user": "你离开的真相",
      "content": "这首歌是献给所有追逐梦想但不会被美梦束缚的人，包括贝洛伯格、仙舟罗浮和未来其他世界的人们。致敬雷电忘川守芽衣，此身虽为虚无，但为他人带去那一抹名为存在的红色。",
      "likes": 1232,
      "reply_time": "2024-05-09 12:45:16",
      "rpid": "220581224944",
      "mid": "4599"
    },
    {
      "user": "巫医y",
      "content": "过完剧情前:何物朝向死亡！我要杀你！一千遍也不够！[生气][生气][生气]\n过完剧情后:眠眠！你是一只可爱的宝宝[喜欢][喜欢][喜欢]",
      "likes": 6,
      "reply_time": "2024-05-09 13:27:39",
      "rpid": "220587200224",
      "mid": "445943130"
    },
    {
      "user": "边亲边抱",
      "content": "再争论流萤知更鸟什么的就不礼貌了哦。。",
      "likes": 6,
      "reply_time": "2024-05-10 18:46:46",
      "rpid": "220778378864",
      "mid": "94594490"
    },
    {
      "user": "卡提西亚",
      "content": "成功霸榜[星星眼]",
      "likes": 4,
      "reply_time": "2024-05-10 04:54:27",
      "rpid": "220693162320",
      "mid": "5553989"
    },
    {
      "user": "-影灵月-",
      "content": "我穹宝又帅又萌，我从不后悔选穹[星星眼]",
      "likes": 4,
      "reply_time": "2024-05-09 16:27:28",
      "rpid": "220607287792",
      "mid": "523976311"
    },
    {
      "user": "席德D",
      "content": "00:51 萤！",
      "likes": 4,
      "reply_time": "2024-05-09 12:25:32",
      "rpid": "220578191744",
      "mid": "252096333"
    },
    {
      "user": "木子きご",
      "content": "这个架子鼓师傅，居然有姓眭的，好少见的姓氏啊[tv_思考]",
      "likes": 4,
      "reply_time": "2024-05-09 12:08:48",
      "rpid": "220575645120",
      "mid": "2140551"
    },
    {
      "user": "亚撒西泥酱",
      "content": "[喜欢]",
      "likes": 4,
      "reply_time": "2024-05-09 12:04:24",
      "rpid": "220575126816",
      "mid": "1296036885"
    },
    {
      "user": "无可言说之",
      "content": "这下没得吵了\n黄泉砂金流萤知更鸟\n全来了\n\n赛博知识产权救一下啊",
      "likes": 2190,
      "reply_time": "2024-05-09 12:43:44",
      "rpid": "220580952064",
      "mid": "435079285"
    },
    {
      "user": "Maple-Leave",
      "content": "过完主线真的想对星铁项目组说声幸苦，大家都是打工人，我很开心能玩到如此用心的作品，加油",
      "likes": 7334,
      "reply_time": "2024-05-09 12:25:47",
      "rpid": "220578132832",
      "mid": "23613449"
    },
    {
      "user": "白橙yx",
      "content": "永远喜欢知更鸟[脱单doge][脱单doge]",
      "likes": 1493,
      "reply_time": "2024-05-09 12:09:43",
      "rpid": "220575747344",
      "mid": "1758629599"
    },
    {
      "user": "龙人小林",
      "content": "这下真的是崩坏正统在星铁了",
      "likes": 3,
      "reply_time": "2024-05-11 15:29:05",
      "rpid": "220912717840",
      "mid": "50189015"
    },
    {
      "user": "Catcake手绘蛋糕",
      "content": "[脱单doge]",
      "likes": 3,
      "reply_time": "2024-05-10 21:22:43",
      "rpid": "220802377680",
      "mid": "3546671436794496"
    },
    {
      "user": "飞天小狗狗",
      "content": "这里的文案又更新了[doge]",
      "likes": 3,
      "reply_time": "2024-05-10 02:08:38",
      "rpid": "220687455840",
      "mid": "49638411"
    },
    {
      "user": "氯委",
      "content": "孩子们这是真的无敌了！！",
      "likes": 3,
      "reply_time": "2024-05-09 22:20:39",
      "rpid": "220659052144",
      "mid": "332896928"
    },
    {
      "user": "柳叶鸣风",
      "content": "各位记得拿游戏里的专辑哦[脱单doge]",
      "likes": 3,
      "reply_time": "2024-05-09 21:55:11",
      "rpid": "220654688832",
      "mid": "1154007006"
    },
    {
      "user": "二次猿大王",
      "content": "流萤宝宝（⌒▽⌒）",
      "likes": 3,
      "reply_time": "2024-05-09 19:16:17",
      "rpid": "220630487232",
      "mid": "315204485"
    },
    {
      "user": "KaaaaaaTou",
      "content": "原来是同一天[委屈]",
      "likes": 3,
      "reply_time": "2024-05-09 17:30:57",
      "rpid": "220615035488",
      "mid": "86550499"
    },
    {
      "user": "上官星研",
      "content": "这首歌并不是为了某个人献唱的，这首歌属于匹诺康尼，属于这个故事里每一个接纳了痛苦的过去，又执着地迈步向前的勇敢的人。",
      "likes": 4335,
      "reply_time": "2024-05-09 13:01:39",
      "rpid": "220583682128",
      "mid": "129049219"
    },
    {
      "user": "梦殇魂牵",
      "content": "很感动，看哭了[大哭]",
      "likes": 3,
      "reply_time": "2024-05-09 12:20:50",
      "rpid": "220577534416",
      "mid": "687916957"
    },
    {
      "user": "鼠鼠哈",
      "content": "流萤老婆!",
      "likes": 3,
      "reply_time": "2024-05-09 12:08:02",
      "rpid": "220575551888",
      "mid": "115306648"
    },
    {
      "user": "少女_祈祷中",
      "content": "实体专辑开售了，家人们[保卫萝卜_哇][保卫萝卜_哇]",
      "likes": 3,
      "reply_time": "2024-05-09 12:04:12",
      "rpid": "220574878304",
      "mid": "1067067704"
    },
    {
      "user": "蟹橙糕",
      "content": "匹诺康尼是个巨大的鸟笼。这首歌由知更鸟唱出，符合整个匹诺康尼的故事，而不只是什么流萤的角色曲。\n这首歌更像是匹诺康尼的整体基调，它属于知更鸟，属于流萤，属于黄泉，也属于砂金，更加属于整个匹诺康尼。",
      "likes": 4430,
      "reply_time": "2024-05-09 12:23:54",
      "rpid": "220578014432",
      "mid": "30094878"
    },
    {
      "user": "一零零一",
      "content": "恭喜你鸟屠榜QQ音乐新歌榜",
      "likes": 4,
      "reply_time": "2024-05-09 17:22:09",
      "rpid": "220613889264",
      "mid": "8833001"
    },
    {
      "user": "木鱼九一六",
      "content": "米哈游真是出息了，一个出了母星就没人认识的公司竟然请到了我们宇宙闻名的知更鸟小姐[脱单doge][脱单doge]",
      "likes": 342,
      "reply_time": "2024-05-09 12:09:09",
      "rpid": "220575763600",
      "mid": "697091054"
    },
    {
      "user": "鲸宝家的晨曦干妈",
      "content": "记得做热砂假日支线任务喵，可以投喂流萤喵",
      "likes": 1631,
      "reply_time": "2024-05-09 12:02:06",
      "rpid": "220574635312",
      "mid": "20411920"
    },
    {
      "user": "嗷呜一口咬掉头",
      "content": "我没想到会有砂金的部分，老米还把02:40这段全曲最温柔的给了卡卡瓦夏和他[大哭]，而且这三个人都是我匹诺康尼最喜欢的角色，看到他们在同一个ep简直是在做梦一样[大哭]",
      "likes": 901,
      "reply_time": "2024-05-09 14:30:53",
      "rpid": "220594222032",
      "mid": "409452689"
    },
    {
      "user": "民国豌豆",
      "content": "剧情里面波提欧拿枪逼问砂金开拓部部长人在哪的时候 我实在有些绷不住。\n砂金：还有这种好事 [妙啊][妙啊]",
      "likes": 258,
      "reply_time": "2024-05-09 12:04:43",
      "rpid": "220575069056",
      "mid": "484465441"
    },
    {
      "user": "人间谁配我回头",
      "content": "消除一个生命的痛苦，\n平息一种酸辛，\n帮助一只昏厥的鸟儿回到巢中。\n\n《使一颗心免于哀伤》\n作曲 Composer：王可鑫 Eli.W (HOYO-MiX)\n作词 Lyricist：黑金雨\n编曲 Arranger：王可鑫 Eli.W (HOYO-MiX)\n制作人 Producer：王可鑫 Eli.W (HOYO-MiX)\n人声 Vocal Artist：Chevy\n木吉他 Acoustic Guitar：赵新博\n电吉他 Electric Guitar：赵新博\n架子鼓 Drums：眭逸凡Patrick\n乐队 Orchestra：国际首席爱乐乐团 International Master Philharmonic Orchestra\n人声录音棚 Vocal Recording Studio：The Hideout Recording Studio\n人声录音师 Vocal Recording Engineer：Luis Pacheco\n乐器录音棚 Instrumental Recording Studio：升赫录音棚Soundhub Studio/九紫天诚录音棚 SKY FIRE STUDIO\n乐器录音师 Instrumental Recording Engineer：Kevin刘瀚文@Soundhub Studios/董方昱\n混音师 Mixing Engineer：宫奇Gon (HOYO-MiX)\n母带制作 Mastering Engineer：宫奇Gon (HOYO-MiX)\n出品 Produced by：HOYO-MiX",
      "likes": 7,
      "reply_time": "2024-05-09 12:01:02",
      "rpid": "220574654624",
      "mid": "108564243"
    },
    {
      "user": "天海市神秘路人男",
      "content": "主线过完太棒了，就是最后一幕有点搞笑，不得不说三重眼的地母神业务能力太强了，从梦中醒来，基石碎坏，手无缚鸡之力，公司仇人巡海游侠提枪上门，此等危急存亡之刻，砂金的幸运要如何拯救他！什么对面的仇人是自己最大的仇人？\n玛德，来的是友军！",
      "likes": 4816,
      "reply_time": "2024-05-09 12:41:53",
      "rpid": "220580559856",
      "mid": "25060568"
    },
    {
      "user": "Toptoyyyy",
      "content": "本来歌出的时候只感觉很好听，2.2过完了来看这个mv真的好多感触，黄泉、砂金、流萤、知更鸟都在匹诺康尼这场盛大的梦境里找寻到生命的意义，完成蜕生，这不是某个人的角色曲，这是真正属于匹诺康尼的歌，感谢匹诺康尼[大哭]非常好mv使我泪流满面（真的看一次哭一次😭年度破防单曲了属于是）",
      "likes": 5,
      "reply_time": "2024-05-28 21:46:15",
      "rpid": "223631144704",
      "mid": "499668021"
    },
    {
      "user": "是马大叔呀",
      "content": "芽衣拔刀那里配上副歌给人一种想哭的感觉😭我的芽衣",
      "likes": 5,
      "reply_time": "2024-05-20 03:13:59",
      "rpid": "222280859824",
      "mid": "86033309"
    },
    {
      "user": "小午就很棒",
      "content": "百听不厌，真的好，希望流萤有个好结局",
      "likes": 5,
      "reply_time": "2024-05-15 15:51:14",
      "rpid": "221556571664",
      "mid": "486582102"
    },
    {
      "user": "RyGo",
      "content": "Apple Music三首歌的歌词均无法正常显示🤔，踢官方屁股。@崩坏星穹铁道",
      "likes": 5,
      "reply_time": "2024-05-15 10:14:59",
      "rpid": "221515213408",
      "mid": "369536849"
    },
    {
      "user": "Eleven凌十一",
      "content": "好离谱啊，中间一大块弹幕说什么怎么是男主，是男主关了啥的……主要我刚看了羽毛和翅膀那首，那首就是女主啊，崩铁不是一直都是男女主端水一会男主一会女主的吗。羽毛和翅膀那首我也没看到人刷怎么是女主之类的啊[笑哭]",
      "likes": 28,
      "reply_time": "2024-05-13 17:51:18",
      "rpid": "221259459840",
      "mid": "5186847"
    },
    {
      "user": "国漫无双",
      "content": "明天打星期日有加成，会比较好打,因为是调休，能破星期日的防",
      "likes": 5,
      "reply_time": "2024-05-10 21:01:27",
      "rpid": "220798942304",
      "mid": "39511969"
    },
    {
      "user": "梁小慕唱咩啊",
      "content": "星期日感觉是过于激进的“共”，而知更鸟才是当下最好的“社”，单单以“以强制弱”和“个人英雄主义”我觉得无法将星期日定义为“资”",
      "likes": 5,
      "reply_time": "2024-05-10 20:18:15",
      "rpid": "220792421424",
      "mid": "379952954"
    },
    {
      "user": "谁坑谁",
      "content": "不同版本听这首歌有不同的感受，难怪要捂到现在才放出来。初听只觉得清新中带着淡淡的悲伤，是独属于开拓者和流萤的回忆，像一片羽毛拂过耳朵。现在听发现每位逐梦客的经历都为这首歌增添了一份厚重感，每一个跳跃的音符都在触动我沉寂的内心，不知不觉已经泪流满面。",
      "likes": 5,
      "reply_time": "2024-05-10 18:40:24",
      "rpid": "220777351232",
      "mid": "4850013"
    },
    {
      "user": "L乛-乛亅",
      "content": "本来最怕剧透了，但是幸好有这么多的虚构史学家，谢谢你，虚构史学家。",
      "likes": 5,
      "reply_time": "2024-05-09 21:54:55",
      "rpid": "220654541136",
      "mid": "164665321"
    },
    {
      "user": "绫华nn",
      "content": "这个匹诺康尼的每个人都有属于自己的魅力。流萤很坚强很勇敢的活着，也付出了很多，甚至是在黄泉的提醒下我们才知道她通过牺牲自己唤醒我们；砂金，一个凭借“运气”和博弈从一个奴隶的身份达到如今的地位，并迎来一次又一次的成功，每次博弈，首先就是把命给堵上了；黄泉，行走虚无的命途上，却一次又一次把人们从虚无中拯救回来；星期日，宠妹达人，他虽然在2.2是反派，但我觉得他也是一个很好的人，只是他有点偏执了；波提欧，一个常把“宝贝”挂在嘴边的男人，是一个侠士，路见不平拔刀相助；还有知更鸟，黄泉，花火………",
      "likes": 5,
      "reply_time": "2024-05-09 16:09:37",
      "rpid": "220605211744",
      "mid": "500269657"
    },
    {
      "user": "夏日のFirefly",
      "content": "某些rz又来带节奏了",
      "likes": 5,
      "reply_time": "2024-05-09 12:43:02",
      "rpid": "220580919248",
      "mid": "578650856"
    },
    {
      "user": "繁花-君影",
      "content": "这下你们总别吵了吧，这首歌不是谁的角色曲，是属于匹诺康尼每一个人的[鼓掌][鼓掌][鼓掌]",
      "likes": 2085,
      "reply_time": "2024-05-09 12:37:18",
      "rpid": "220580084240",
      "mid": "438574522"
    },
    {
      "user": "阿伟罗zzzzzzz",
      "content": "看到流萤，眼睛不知不觉就湿润了",
      "likes": 5,
      "reply_time": "2024-05-09 12:21:53",
      "rpid": "220577616672",
      "mid": "10086126"
    },
    {
      "user": "CapitanoII",
      "content": "let my heart bravely spread the wings\n知更鸟唱给自己，画面分别给流萤，给黄泉，给砂金[大哭]",
      "likes": 5,
      "reply_time": "2024-05-09 12:16:19",
      "rpid": "220576761856",
      "mid": "10190021"
    },
    {
      "user": "循叶",
      "content": "mhy你好会剪。。。卡卡瓦夏那一部分看得我掉眼泪。。😢",
      "likes": 5,
      "reply_time": "2024-05-09 12:13:52",
      "rpid": "220576483456",
      "mid": "553121114"
    },
    {
      "user": "雪狼故事集",
      "content": "在这放一只猫猫，看书看累的人可以摸摸它，路过的人可以摸摸她，但是别摸死了\n　／l、\n（ﾟ､ 。 ７\n　l、 ~ヽ\n　じしf_, )ノ                                                                                                    祝摸过的人好运连连，身体健康，开开心心哦",
      "likes": 6,
      "reply_time": "2024-05-11 17:24:18",
      "rpid": "220927379536",
      "mid": "1894594995"
    },
    {
      "user": "锿醭锝鹱囖囃",
      "content": "愿母神三度为你阖眼\n令你的血脉永远鼓动\n旅途永远坦然\n诡计永不败露。",
      "likes": 13,
      "reply_time": "2024-09-05 21:03:50",
      "rpid": "241422394209",
      "mid": "402974853"
    },
    {
      "user": "史仗义他妈",
      "content": "最喜欢星期日的一句话“倘若你们的乐园能够拯救更多的人，那就亲手为我断绝前路吧。”\n米哈游的虚无主义者从来沾有一抹存在的红色，尽管身在其中的人们再痛彻心扉，也让身为玩家的我感受到希望就在眼前、明天终将到来。\n米哈游的“反派”和主角团从来都是一体两面，冰神与其他六神，坎瑞亚与神国，律者与女武神，万界之癌与银河球棒侠……还有这次的星期日知更鸟兄妹对比组，手段的不同≠目标的不同，以身殉道者和积极向前者，有人在阳光下就注定有人在阴影里[大哭]",
      "likes": 10882,
      "reply_time": "2024-05-09 12:09:08",
      "rpid": "220575717904",
      "mid": "9503768"
    },
    {
      "user": "趁早点睡了吧",
      "content": "这二创质量很高",
      "likes": 859,
      "reply_time": "2024-05-09 12:11:21",
      "rpid": "220576034448",
      "mid": "649265515"
    },
    {
      "user": "_难_办_",
      "content": "md看个流萤涩涩背景音乐放的使一颗心免于哀伤，越听越难受一想到剧情流萤好可怜[大哭][灵魂出窍][灵魂出窍]牛牛都痿了缓了好几天",
      "likes": 21,
      "reply_time": "2024-09-12 13:30:52",
      "rpid": "242007909904",
      "mid": "1057034628"
    },
    {
      "user": "一生独爱小狮王",
      "content": "谁教你这么剪的？[生气]\n你这让官方……啊不这好像就是官方……[捂脸]\n你这让二创怎么活？[酸了]",
      "likes": 5,
      "reply_time": "2024-05-09 15:32:21",
      "rpid": "220600955728",
      "mid": "357629828"
    },
    {
      "user": "蓝色侵蚀小姐",
      "content": "歌声是知更鸟小姐的浪漫\nBGM是流萤小姐的初见",
      "likes": 4,
      "reply_time": "2024-06-05 04:45:25",
      "rpid": "224742041392",
      "mid": "40814209"
    },
    {
      "user": "咕咚来力",
      "content": "谁教你这么剪的[委屈]我是真的流泪了…",
      "likes": 4,
      "reply_time": "2024-06-02 10:41:50",
      "rpid": "224307955872",
      "mid": "1883200420"
    },
    {
      "user": "玖_惊梦",
      "content": "完全听不腻",
      "likes": 4,
      "reply_time": "2024-05-29 19:59:27",
      "rpid": "223765352944",
      "mid": "1535098"
    },
    {
      "user": "瑟瑟磊磊",
      "content": "知更鸟为什么不能唱中文？",
      "likes": 4,
      "reply_time": "2024-05-22 03:06:04",
      "rpid": "222583801936",
      "mid": "3546554677857133"
    },
    {
      "user": "年度游戏领域大神",
      "content": "希望流萤那张可以做个动态壁纸",
      "likes": 4,
      "reply_time": "2024-05-18 12:08:31",
      "rpid": "221988123744",
      "mid": "401772489"
    },
    {
      "user": "功_败_垂_成",
      "content": "不是兄弟，你纯音乐版、吟唱版和交响乐版呢[生气]",
      "likes": 4,
      "reply_time": "2024-05-16 19:11:56",
      "rpid": "221734167440",
      "mid": "59505"
    },
    {
      "user": "只是谷雨捏",
      "content": "要不以后出个米游音乐吧！",
      "likes": 4,
      "reply_time": "2024-05-15 18:14:03",
      "rpid": "221574612160",
      "mid": "165671291"
    },
    {
      "user": "似西瓜丫",
      "content": "我们不能没有网易云，就像西方不能没有耶路撒冷",
      "likes": 4,
      "reply_time": "2024-05-12 22:50:58",
      "rpid": "221149818832",
      "mid": "353512374"
    },
    {
      "user": "鸰洛",
      "content": "小鸟我是一见钟情\n伟大的知更鸟\n过完剧情更爱妳了[给心心]\n呜呜呜知更鸟一生推",
      "likes": 4,
      "reply_time": "2024-05-11 16:06:58",
      "rpid": "220917225488",
      "mid": "1476965231"
    },
    {
      "user": "轻尘star",
      "content": "这次2.2剧情探讨的问题确实很值得思考，星期日以那些“坠亡的鸟儿”为出发点，希望把他们保护在温暖的巢穴里（乐园），即使这样一来，他们一生都学不会飞行，可既然飞行是为了生存，如果生存得到了保证，那不会飞行又有什么关系呢？毫无疑问，他的初衷是好的，但他却忽略了一点，他没有去询问那些即将坠亡的鸟儿：如果再来一次，哪怕依旧会遍体鳞伤，哪怕会就此陨落，他们是否会继续尝试，去展开翅膀触碰那天空？\n如果人们真的需要一座“乐园”，那么这座乐园承担的责任，应该是让面临困顿与痛苦的人，不会真正陷入绝境，即使从高空坠落，面对的，也不再是冰冷坚硬的地面，而是温暖柔和的软垫。在这张软垫上，怯懦者能得到包容与理解，获得渴望的安逸与平静；勇敢者亦能重整旗鼓，向着未知与苦难发起又一次的冲锋，直到未知被彻底消弭，痛苦被彻底击碎！\n“乐园”可以是摆在我们面前的一个选项，却不应该是唯一的选项。",
      "likes": 4,
      "reply_time": "2024-05-10 23:54:55",
      "rpid": "220829101968",
      "mid": "479461493"
    },
    {
      "user": "麦符",
      "content": "一群rz给你们闹麻了，外面粥打过来打到嘉年华了屁都不敢放一声，结果跟自己人倒挺能吵的",
      "likes": 19,
      "reply_time": "2024-05-10 17:37:47",
      "rpid": "220768130576",
      "mid": "445751954"
    },
    {
      "user": "FANNER丨电扇",
      "content": "在？匹诺康尼的地图收集也太阴间了吧，一个比一个难找，这热砂会场甚至一个大图拆成10个小图，一个哈努兄弟小图分四层？做个人吧。。。",
      "likes": 5,
      "reply_time": "2024-05-10 16:36:02",
      "rpid": "220760204016",
      "mid": "39766471"
    },
    {
      "user": "Liang个太阳",
      "content": "兄弟们，我也不想用网易云了，还有什么好用的音乐软件推荐吗？不要太贵的[笑哭]",
      "likes": 4,
      "reply_time": "2024-05-10 14:07:59",
      "rpid": "220743449680",
      "mid": "398316121"
    },
    {
      "user": "Blue_Sentimental",
      "content": "我觉得星期日和知更鸟都没有错，但我更认可知更鸟和星期日两种思想的兼并版，得中而处之，如果有弱者生来就是弱者，不想在苦难中承受更多，至少给他一个逃避的选择，毕竟逃避有什么错呢，但如果“弱者”想要飞往天空，也给他一个飞翔的机会。强迫人们面对痛苦的现实，在痛苦中清醒然后被迫成长就是真的正确吗？真正的“乐园”应该包容所有人，让想逃避的人有容身之所，让想去尝试的人有发展机遇",
      "likes": 4,
      "reply_time": "2024-05-10 11:18:34",
      "rpid": "220719920960",
      "mid": "481604253"
    },
    {
      "user": "四分之一的卡路",
      "content": "知更鸟的立绘，包括很多地方都将她展现为“被困于笼中”的鸟，想了半天我终于想清楚这个形象要怎么样去理解了\n因为知更鸟本身足够坚强，这个囚笼不会是内化她自己产生的鸟笼，那就只能是外部施加给她的囚笼，知更鸟的介绍也有提到她经常被娱乐裹挟，被镜头束缚，现在更是完全受制于猎犬家族的掌握，深渊我觉得知更鸟未来的同行任务能这样写：\n主角帮助知更鸟摆脱家族的舒服，然后说出台词，和以前星期日的台词重叠：“你终有一天会展翅翱翔，但在哪天到来之前，让我先将你（救出鸟笼）/（打造鸟笼）”\n也真是在这之后，知更鸟意识到自己虽然会与哥哥背道而驰，但依旧会有无名客这样的同行者陪伴着她",
      "likes": 5,
      "reply_time": "2024-05-10 01:31:30",
      "rpid": "220685043824",
      "mid": "396963894"
    },
    {
      "user": "南小街ovo",
      "content": "得了听这首歌就会水元素充盈的病[大哭][大哭][大哭][大哭]",
      "likes": 4,
      "reply_time": "2024-05-09 22:55:28",
      "rpid": "220664731440",
      "mid": "400274090"
    },
    {
      "user": "whitekid1412",
      "content": "如果知更鸟小姐的大招是每次都是从知更鸟歌单随机抽取一首就好了，以后发行的更新的时候也加进去，然后其中一首新歌的概率调成1/1000000，当做特殊彩蛋就好了[吃瓜]，觉得好的大伙下次一起帮忙填问卷",
      "likes": 4,
      "reply_time": "2024-05-09 19:41:18",
      "rpid": "220634140192",
      "mid": "11999904"
    },
    {
      "user": "焰锦游鱼_",
      "content": "一个EP里全是我特别喜欢的角色，我感觉此刻我是最幸福的人",
      "likes": 4,
      "reply_time": "2024-05-09 18:15:34",
      "rpid": "220621307440",
      "mid": "524379104"
    },
    {
      "user": "静然幽痕",
      "content": "发的太晚了，当初直接发出来指定能破千万播放，现在发估计超那些什么录音棚玩意儿的都费劲",
      "likes": 4,
      "reply_time": "2024-05-09 17:32:26",
      "rpid": "220615257728",
      "mid": "3546651423672357"
    },
    {
      "user": "南牧清",
      "content": "突然反应过来，这哪是ep啊，这分明是动漫ed啊[脱单doge]",
      "likes": 4,
      "reply_time": "2024-05-09 17:16:55",
      "rpid": "220613273424",
      "mid": "168044702"
    },
    {
      "user": "碎梦丶似醉",
      "content": "目前崩铁前三次出演员表都不是真结局，所以2.2第二次演员表可能也不是真结局，匹诺康尼结束应该是下版本，且不会出现演员表。我个人认为：开拓之旅不应该会有演员表出现，也不会结束。。",
      "likes": 4,
      "reply_time": "2024-05-09 17:05:44",
      "rpid": "220611871072",
      "mid": "76747986"
    },
    {
      "user": "云端有只馒头",
      "content": "明天会发孤独摇摆吗，后天会发羽毛翅膀吗，求求你了再剪两个吧，我什么都会做的[大哭]",
      "likes": 4,
      "reply_time": "2024-05-09 15:15:48",
      "rpid": "220599075152",
      "mid": "195406956"
    },
    {
      "user": "孤九菌",
      "content": "还是那句话，一首歌而已，不是谁人的角色曲，也不是谁的专属不能刷其他人",
      "likes": 4,
      "reply_time": "2024-05-09 13:00:37",
      "rpid": "220583472096",
      "mid": "209650500"
    },
    {
      "user": "PoloniumTOZ",
      "content": "希望有羽毛和翅膀这首歌太好听啦，现在已经开始单曲循环了[打call]",
      "likes": 4,
      "reply_time": "2024-05-09 12:43:50",
      "rpid": "220581062064",
      "mid": "443706138"
    }
  ],
  "total_comments": 200
}