{
  "video_info": {
    "title": "《崩坏：星穹铁道》演唱会动画CM：「演出开始前」",
    "bvid": "BV1Dr421u7fQ",
    "aid": 1403976019,
    "author": "崩坏星穹铁道",
    "pub_date": "2024-04-30 12:00:00"
  },
  "comments_data": [
    {
      "user": "寒窗冷月",
      "content": "镜流二胡磅住了，爷一如既往符合人设",
      "likes": 41153,
      "reply_time": "2024-04-30 12:02:33",
      "rpid": "219180699824",
      "mid": "361183662"
    },
    {
      "user": "三月见梦",
      "content": "镜流:试一下以前的二胡技术有没有降低\n开拓者:好可怜的盲人，给她两个巡镝（崇高道德的赞许-1）\n镜流:。。。就让这一轮月华",
      "likes": 54389,
      "reply_time": "2024-04-30 12:07:42",
      "rpid": "219181470864",
      "mid": "670687754"
    },
    {
      "user": "雨生幻梦",
      "content": "崩铁也是牌面了，居然能拿到大名鼎鼎的知更鸟歌曲专辑的发行权，这次拿到发行权也算是给了崩铁一波流量了，能不能抓住就看崩铁的了[脱单doge]",
      "likes": 40000,
      "reply_time": "2024-04-30 12:20:12",
      "rpid": "219183377920",
      "mid": "382753153"
    },
    {
      "user": "江岸拾款冬",
      "content": "星铁的精神状态还是一如既往的美好（褒义），隔壁演唱会CM是那种又美又庄严的，星铁是又美又搞笑，两种风格都非常适合，绝了",
      "likes": 29948,
      "reply_time": "2024-04-30 12:25:48",
      "rpid": "219184173744",
      "mid": "8317633"
    },
    {
      "user": "狐狸牌拉面",
      "content": "你的崩坏ip比较严肃，但是你玩的梗又正好弥补了这一部分[脱单doge]",
      "likes": 8667,
      "reply_time": "2024-04-30 12:14:19",
      "rpid": "219182438640",
      "mid": "212993400"
    },
    {
      "user": "上官序",
      "content": "星铁冷知识：知更鸟的歌声响彻寰宇，甚至能传播到提瓦特。因为提瓦特有个叫提纳里的经常会说“声音，我听见了”。",
      "likes": 20500,
      "reply_time": "2024-04-30 12:04:45",
      "rpid": "219181016640",
      "mid": "73807100"
    },
    {
      "user": "我只是个路过的捷德",
      "content": "赛诺在匹诺康尼肯定很强，毕竟同谐的音乐也算是一种谐音吧[doge]",
      "likes": 11190,
      "reply_time": "2024-04-30 12:13:06",
      "rpid": "219182292256",
      "mid": "224723034"
    },
    {
      "user": "别盯着头像看了行不行",
      "content": "镜流拉二胡那段我是真绷不住了，话说有没有大佬搞个镜流拉二泉映月",
      "likes": 15171,
      "reply_time": "2024-04-30 12:09:09",
      "rpid": "219181700368",
      "mid": "1354904086"
    },
    {
      "user": "拂云照心",
      "content": "关于最后一个画面：知更鸟，主唱。卡芙卡，小提琴。砂金，电吉他。银枝，架子鼓。彦卿，竹笛。还有镜流，二胡。",
      "likes": 14182,
      "reply_time": "2024-04-30 12:27:22",
      "rpid": "219184311504",
      "mid": "7524144"
    },
    {
      "user": "叶修YEG",
      "content": "穹和知更鸟还会摆阵咧，崩铁你也是学会了",
      "likes": 3659,
      "reply_time": "2024-04-30 12:29:10",
      "rpid": "219184729120",
      "mid": "393779788"
    },
    {
      "user": "魔力骗骗花",
      "content": "静流那里得变奏感觉好像吉米的醉酒小曲",
      "likes": 3632,
      "reply_time": "2024-04-30 12:09:00",
      "rpid": "219181764416",
      "mid": "5024848"
    },
    {
      "user": "上官序",
      "content": "知更鸟用歌声向全宇宙传递同谐的理念。但是却有少数人例外，比如帕姆就很害怕知更鸟的歌曲。因为每次它听完的评价都是“好！帕！（好怕）”。而克拉拉却丝毫不慌，因为俗话说光脚的不怕“传谐”的。",
      "likes": 4028,
      "reply_time": "2024-04-30 12:07:32",
      "rpid": "219181462656",
      "mid": "73807100"
    },
    {
      "user": "心想是陈qw",
      "content": "全员到齐，演出开始\n熟悉的崩铁里，有我们的故事\n碰撞耳朵的交响！",
      "likes": 7755,
      "reply_time": "2024-04-30 12:11:05",
      "rpid": "219181956112",
      "mid": "479019158"
    },
    {
      "user": "field-_-",
      "content": "卡芙卡太美了😭😭😭\n美神降临🙏🙏🙏\n美的我满地乱爬😍😍😍\n喜欢卡芙卡是一种态度！是一种豁达！是看破红尘！是回头是岸！是佛性禅心！是清心寡欲！是一种修养！是一种礼貌！是一种艺术！\n“与卡芙卡的相遇，是目前为止我以为的最浪漫，我们相识在已经记不清的过去，我们重逢在朦胧的告别中，我们在而后旅途的几处角落，又意外的再见[爱心]”",
      "likes": 16551,
      "reply_time": "2024-04-30 12:09:15",
      "rpid": "219181705280",
      "mid": "321403645"
    },
    {
      "user": "申鹤的良人",
      "content": "按同谐的表层意思，同谐不应该有令使吧",
      "likes": 3879,
      "reply_time": "2024-04-30 12:01:45",
      "rpid": "219180728176",
      "mid": "544194087"
    },
    {
      "user": "永爱芙芙老婆",
      "content": "群星，因你而共鸣！\n2024星穹铁道演唱会将于2024年5月1日19:05进行全球同步直播，敬请期待~\n\n帕姆小贴士：「星铁LIVE」现场检票将从17:00开始，请开拓者妥善安排出行时间。",
      "likes": 1985,
      "reply_time": "2024-04-30 12:02:09",
      "rpid": "219180750304",
      "mid": "249477052"
    },
    {
      "user": "Bili_X-I-X",
      "content": "不知道为啥看的1080总觉得这画质只有720的感觉，做这个画风的制作组好像经常都这样",
      "likes": 918,
      "reply_time": "2024-04-30 12:06:59",
      "rpid": "219181411392",
      "mid": "20786952"
    },
    {
      "user": "七色交响の齐响诗班",
      "content": "真的很希望柯柯娜也能来到这个舞台，这个舞台，才是属于柯柯娜热爱的啊，不知道后面任务还能不能让柯柯娜出现了[大哭]\n也真的很心疼镜流，这个舞台里面，所有人都在成群结队的往新的时代前进，他们有自己的朋友，亲人，以及重要的人，只有镜流是自己孤身一人的前进这个时代，所以我个人感觉这也就是为什么镜流会和很多人的乐器和演奏者格格不入吧，独特的乐器，独特的音律和节奏，独特的演奏风格，但也是唯一一个孤独的人，不知道镜流后面会自我了断的也去跟着陪白珩，还是永远在斩杀孽物的路上永不停止，还是和刃一样，总有一天让自己有一个解脱，但再怎么样，也希望这次演奏的音乐，真的可以让白珩听到，让那些了解不了解镜流的人，都能听到他那独特又凄美的音乐",
      "likes": 1599,
      "reply_time": "2024-04-30 12:15:20",
      "rpid": "219182726080",
      "mid": "3546634703079490"
    },
    {
      "user": "夐康2333",
      "content": "群星，因你而共鸣！\n2024星穹铁道演唱会将于2024年5月1日19:05进行全球同步直播，敬请期待~\n\n帕姆小贴士：「星铁LIVE」现场检票将从17:00开始，请开拓者妥善安排出行时间。",
      "likes": 638,
      "reply_time": "2024-04-30 12:01:46",
      "rpid": "219180728752",
      "mid": "443353071"
    },
    {
      "user": "申鹤的良人",
      "content": "群星，因你而共鸣！\n2024星穹铁道演唱会将于2024年5月1日19:05进行全球同步直播，敬请期待~\n\n帕姆小贴士：「星铁LIVE」现场检票将从17:00开始，请开拓者妥善安排出行时间。",
      "likes": 289,
      "reply_time": "2024-04-30 12:00:48",
      "rpid": "219180565072",
      "mid": "544194087"
    },
    {
      "user": "星月祀",
      "content": "群星，因你而共鸣！\n2024星穹铁道演唱会将于2024年5月1日19:05进行全球同步直播，敬请期待~\n\n帕姆小贴士：「星铁LIVE」现场检票将从17:00开始，请开拓者妥善安排出行时间。",
      "likes": 180,
      "reply_time": "2024-04-30 12:01:54",
      "rpid": "219180621488",
      "mid": "687894397"
    },
    {
      "user": "D捏",
      "content": "一位不玩崩铁但是关注崩铁的老博士，想问一下爷丢给镜流的是啥捏(*°▽°*)八(*°▽°*)♪",
      "likes": 1155,
      "reply_time": "2024-04-30 12:12:10",
      "rpid": "219182171152",
      "mid": "1346490040"
    },
    {
      "user": "我秦v我50助我登基",
      "content": "给镜流扔硬币我真的绷不住了[喜极而泣][喜极而泣]",
      "likes": 3000,
      "reply_time": "2024-04-30 12:02:49",
      "rpid": "219180828304",
      "mid": "2034748447"
    },
    {
      "user": "゚逃离三次元",
      "content": "崩铁也是牌面了，居然能拿到大名鼎鼎的知更鸟歌曲专辑的发行权[doge]",
      "likes": 5744,
      "reply_time": "2024-04-30 12:00:40",
      "rpid": "219180478512",
      "mid": "397740396"
    },
    {
      "user": "WYX2023xm",
      "content": "抢不到票的我，躺家里云观演多好，不用去线下人挤人的现场看，还吵[墨镜]",
      "likes": 1431,
      "reply_time": "2024-04-30 12:01:09",
      "rpid": "219180650208",
      "mid": "294099923"
    },
    {
      "user": "雪辰沙",
      "content": "星期日：妹妹唱的就是好\n加拉赫：啊对对对",
      "likes": 1256,
      "reply_time": "2024-04-30 12:00:56",
      "rpid": "219180523216",
      "mid": "352751792"
    },
    {
      "user": "卖狗粮的西片太太",
      "content": "为了防止你直播没人看，我就不去现场看演唱会，直接看直播好了[傲娇]",
      "likes": 1468,
      "reply_time": "2024-04-30 12:03:35",
      "rpid": "219180906816",
      "mid": "336766604"
    },
    {
      "user": "垃圾桶里鸭钦",
      "content": "美爆啦！卡妈厨们看看他们看看我们的团结",
      "likes": 709,
      "reply_time": "2024-04-30 12:01:50",
      "rpid": "219180732272",
      "mid": "1040757747"
    },
    {
      "user": "我永远喜欢景元将军",
      "content": "#砂金 美神降临#\n#知更鸟 美神降临#",
      "likes": 640,
      "reply_time": "2024-04-30 12:01:49",
      "rpid": "219180617088",
      "mid": "1768405399"
    },
    {
      "user": "_夜雨声煩_",
      "content": "帕姆:“开拓者，这版本的周年庆你可喜欢？”\n开拓者:“唔，喜欢到极呀，在我眼里，这些奖励就和演唱会比任何风景都美丽”。\n帕姆:“那么我们今后就是一家人了”（伸手）\n开拓者:“帕姆，一家人是不会握手的”（展开双臂）\n帕姆:“哈哈，对呀，一家人怎么会握手呢？我们应该拥抱才对呀！”",
      "likes": 496,
      "reply_time": "2024-04-30 12:01:47",
      "rpid": "219180729392",
      "mid": "77207087"
    },
    {
      "user": "夜羽灵锋",
      "content": "投币了！[doge]",
      "likes": 375,
      "reply_time": "2024-04-30 12:02:26",
      "rpid": "219180765408",
      "mid": "1724009568"
    },
    {
      "user": "PSSF23",
      "content": "这猫糕好像被砂金踩得过于舒服了[喜极而泣]",
      "likes": 203,
      "reply_time": "2024-04-30 12:04:38",
      "rpid": "219181082016",
      "mid": "18895629"
    },
    {
      "user": "影之侍",
      "content": "摇晃的红酒杯~",
      "likes": 451,
      "reply_time": "2024-04-30 12:00:40",
      "rpid": "219180478576",
      "mid": "14075464"
    },
    {
      "user": "双希世界第一可爱",
      "content": "镜流：“你TM打发要饭的呢？！照彻万川！”",
      "likes": 145,
      "reply_time": "2024-04-30 12:09:27",
      "rpid": "219181846224",
      "mid": "399267552"
    },
    {
      "user": "透明的泽兰西度子",
      "content": "看到崩铁出动画短片时的你[脱单doge]",
      "likes": 93,
      "reply_time": "2024-04-30 12:06:47",
      "rpid": "219181336800",
      "mid": "375563908"
    },
    {
      "user": "乄夜阑听雨乀",
      "content": "这部短片是爷和镜流姐姐第一次见面吧[doge]",
      "likes": 201,
      "reply_time": "2024-04-30 12:09:29",
      "rpid": "219181716416",
      "mid": "246266021"
    },
    {
      "user": "吾长生",
      "content": "这个故事告诉我们，不要随便投币，不然可能因为你‘2币’然后被照澈万川",
      "likes": 178,
      "reply_time": "2024-04-30 12:06:42",
      "rpid": "219181264928",
      "mid": "438045329"
    },
    {
      "user": "朱兆丰",
      "content": "下版本仙舟如何快速解决匹诺康尼大危机？\n先让云骑军抓几只丰饶孽物丢进去，再让景元打电话给岚请求刷“火箭”[doge][滑稽]",
      "likes": 181,
      "reply_time": "2024-04-30 12:02:22",
      "rpid": "219180693440",
      "mid": "245421684"
    },
    {
      "user": "枫雪鸭_",
      "content": "笑死了，以为镜流是卖唱的，结果被照彻万川了[doge]",
      "likes": 169,
      "reply_time": "2024-04-30 12:06:57",
      "rpid": "219181408720",
      "mid": "155995267"
    },
    {
      "user": "赵明月啊",
      "content": "卡妈妈给宝发照片让宝选衣服 妈好！\n宝回一堆幼稚的衣服逗妈开心 宝好！",
      "likes": 156,
      "reply_time": "2024-04-30 12:18:06",
      "rpid": "219183034144",
      "mid": "10910317"
    },
    {
      "user": "笑死根本抽不中奖",
      "content": "受不了了，知更鸟竟是大食量吃谷人[笑哭]",
      "likes": 144,
      "reply_time": "2024-04-30 12:10:04",
      "rpid": "219181823120",
      "mid": "2305566"
    },
    {
      "user": "BLUES-TIME",
      "content": "官方你好像知道我们很喜欢杂志这张图 出谷行吗 别逼我跪下来求你[酸了]",
      "likes": 57,
      "reply_time": "2024-04-30 12:28:23",
      "rpid": "219184599264",
      "mid": "278873274"
    },
    {
      "user": "孤尘-onlyone",
      "content": "为什么景元一定会来演唱会，因为他要做彦卿的后“援”会。\n不好笑吗，因为元和援一个读音…",
      "likes": 114,
      "reply_time": "2024-04-30 12:12:14",
      "rpid": "219182249968",
      "mid": "295366519"
    },
    {
      "user": "yoonsoons",
      "content": "穹宝你非得这么搞笑吗",
      "likes": 52,
      "reply_time": "2024-04-30 12:25:30",
      "rpid": "219184132832",
      "mid": "471465159"
    },
    {
      "user": "逐火-伊甸",
      "content": "星被镜流劈了，穹从垃圾桶里钻出来[笑哭]",
      "likes": 92,
      "reply_time": "2024-04-30 12:04:23",
      "rpid": "219180950256",
      "mid": "243850583"
    },
    {
      "user": "温暖人心夜某人",
      "content": "钟表小子单推人谷子摆阵真没绷住啊[笑哭]知更鸟你是一个大食量咪……",
      "likes": 87,
      "reply_time": "2024-04-30 13:15:56",
      "rpid": "219191767696",
      "mid": "38910582"
    },
    {
      "user": "148383882",
      "content": "秩序：我没有一天觉得玩乐队是开心的😐",
      "likes": 72,
      "reply_time": "2024-04-30 15:13:16",
      "rpid": "219205036928",
      "mid": "1220855000"
    },
    {
      "user": "老婆孩子是底线",
      "content": "虽然夸累了还是夸一下男女主端水好评，即使是有你没我的性转关系，只要官方想端水还是端的，根本不需要什么理由[崩坏：星穹铁道_摇人][崩坏：星穹铁道_吃瓜ing]还有砂金家里全是猫猫糕唉！[崩坏：星穹铁道_吃瓜ing][崩坏：星穹铁道_摇人]",
      "likes": 65,
      "reply_time": "2024-04-30 12:19:24",
      "rpid": "219183238448",
      "mid": "1359498052"
    },
    {
      "user": "巴索克BASOK",
      "content": "老师，我家穹宝好像颠了[辣眼睛]",
      "likes": 30,
      "reply_time": "2024-04-30 13:35:44",
      "rpid": "219194221472",
      "mid": "1703940945"
    },
    {
      "user": "筝筝Zither",
      "content": "生活不易，保持善意",
      "likes": 28,
      "reply_time": "2024-04-30 12:05:56",
      "rpid": "219181302208",
      "mid": "10865057"
    },
    {
      "user": "Lotus_722",
      "content": "知更鸟…厨力惊人啊阵都摆上了[大哭]",
      "likes": 62,
      "reply_time": "2024-04-30 12:09:40",
      "rpid": "219181800480",
      "mid": "148019283"
    },
    {
      "user": "猫猫步小花",
      "content": "卧槽穹宝也太帅了",
      "likes": 27,
      "reply_time": "2024-04-30 12:31:13",
      "rpid": "219185051040",
      "mid": "107691033"
    },
    {
      "user": "亦桥君",
      "content": "居然耳洞都画出来了美死了小孔雀[星星眼]",
      "likes": 25,
      "reply_time": "2024-04-30 15:34:15",
      "rpid": "219207470224",
      "mid": "26501743"
    },
    {
      "user": "蓝命三涂装的蓝命二",
      "content": "不得不说，穹宝真是太欢愉了[嗑瓜子][脱单doge]",
      "likes": 25,
      "reply_time": "2024-04-30 12:09:22",
      "rpid": "219181710400",
      "mid": "9865156"
    },
    {
      "user": "-千里孤光-",
      "content": "天天看砂金在他的PV剧情动画各种小视频剪辑里凹pose耍帅看多了，原来还会有这样的一面啊哈哈，特别可爱挺有意思的！我可以想象当初拍他自己的pv时犯好笑的错误，失误重来的场面哈哈哈[脱单doge][脱单doge]",
      "likes": 61,
      "reply_time": "2024-04-30 12:32:08",
      "rpid": "219185170768",
      "mid": "387125236"
    },
    {
      "user": "枫铃菌",
      "content": "旋转突进黄色枪兵（雾）",
      "likes": 24,
      "reply_time": "2024-04-30 18:30:38",
      "rpid": "219230806560",
      "mid": "1713963261"
    },
    {
      "user": "白粥煮猫",
      "content": "选自：爷生前画面[脱单doge]",
      "likes": 24,
      "reply_time": "2024-04-30 18:12:42",
      "rpid": "219228020144",
      "mid": "396419628"
    },
    {
      "user": "一筐沙雕",
      "content": "星宝要是扔别的钱还好， 扔的是仙舟货币， 笑死我了",
      "likes": 22,
      "reply_time": "2024-04-30 15:46:57",
      "rpid": "219208872512",
      "mid": "229770009"
    },
    {
      "user": "夜月飘零漫花殇",
      "content": "你已经会做一分半的动画了，是时候出两小时的电影了[脱单doge][脱单doge][脱单doge]",
      "likes": 50,
      "reply_time": "2024-04-30 12:12:14",
      "rpid": "219182249984",
      "mid": "3546575649377226"
    },
    {
      "user": "上官序",
      "content": "知更鸟问希佩，我要如何传递您的福音。\n希佩说：“欢唱，以我之名！”",
      "likes": 45,
      "reply_time": "2024-04-30 12:09:37",
      "rpid": "219181721952",
      "mid": "73807100"
    },
    {
      "user": "会吃薯条",
      "content": "轮到我啦[给心心][给心心]",
      "likes": 23,
      "reply_time": "2024-04-30 12:40:34",
      "rpid": "219186442960",
      "mid": "33551340"
    },
    {
      "user": "错风止",
      "content": "到我了到我了[OK]  祝大家五一玩得开心[奶茶干杯]",
      "likes": 22,
      "reply_time": "2024-04-30 12:30:53",
      "rpid": "219184939008",
      "mid": "293368084"
    },
    {
      "user": "我单推咲音一辈子",
      "content": "哥几个来挺早啊[doge]",
      "likes": 43,
      "reply_time": "2024-04-30 12:00:40",
      "rpid": "219180478480",
      "mid": "34300796"
    },
    {
      "user": "医学牲曼波",
      "content": "镜流从一个凛冽杀伐的剑客突然转变成盲人拉二胡，有点搞笑[笑哭]",
      "likes": 43,
      "reply_time": "2024-04-30 12:07:20",
      "rpid": "219181430320",
      "mid": "434265893"
    },
    {
      "user": "小離吖",
      "content": "道理我都懂  但是你屋里到底为什么这么多垃圾糕[脱单doge]",
      "likes": 60,
      "reply_time": "2024-04-30 12:12:37",
      "rpid": "219182267952",
      "mid": "440110869"
    },
    {
      "user": "闪耀的小江",
      "content": "知更鸟为什么会飞？[doge]",
      "likes": 37,
      "reply_time": "2024-04-30 12:04:40",
      "rpid": "219181124864",
      "mid": "593735174"
    },
    {
      "user": "我只是个路过的捷德",
      "content": "为什么知更鸟要小时候要离开匹诺康尼自寻出路？因为自力更生[doge]",
      "likes": 35,
      "reply_time": "2024-04-30 12:04:03",
      "rpid": "219181050944",
      "mid": "224723034"
    },
    {
      "user": "小氿在吃瓜",
      "content": "致黯淡星只是现场直播收音出了问题，现场的人说唱的没问题，正常的，只能看录播修音修一下了，希望大家理解一下",
      "likes": 29,
      "reply_time": "2024-05-01 21:30:28",
      "rpid": "219416575712",
      "mid": "430930015"
    },
    {
      "user": "WoohooBaby",
      "content": "镜流生动诠释什么叫见钱眼开",
      "likes": 27,
      "reply_time": "2024-05-02 14:39:48",
      "rpid": "219515890080",
      "mid": "9889694"
    },
    {
      "user": "依依绮",
      "content": "星：落魄了呀，镜流[tv_无奈]\n镜流：转魄了，开拓者[黑洞]",
      "likes": 27,
      "reply_time": "2024-04-30 22:04:14",
      "rpid": "219264053600",
      "mid": "13328917"
    },
    {
      "user": "咖喱馅粽子",
      "content": "准点报时:mhy放动画啦[星星眼]",
      "likes": 27,
      "reply_time": "2024-04-30 12:00:37",
      "rpid": "219180475520",
      "mid": "34173986"
    },
    {
      "user": "补药刀人啊啊啊",
      "content": "距离知更鸟和托帕总监UP时间还有8天，刷到这条评论的各位我祝你们都能欧气满满拿下知更鸟和总监哦[脱单doge][脱单doge][脱单doge]",
      "likes": 25,
      "reply_time": "2024-04-30 12:12:40",
      "rpid": "219182145840",
      "mid": "1732442546"
    },
    {
      "user": "还我清闲自在身",
      "content": "直播间有些人真的魔芋爽犯了是吧，都说了张杰有自己档期来不了还在那叫，说英文歌听不懂接不上的是不是没学过英语?再说jake也是相当有名的外国歌手，老米能请过来已经很不错了，弹幕在那阴阳怪气个不停，你们什么意思[大笑]?",
      "likes": 49,
      "reply_time": "2024-05-01 21:11:51",
      "rpid": "219413511552",
      "mid": "1125444329"
    },
    {
      "user": "sekaiKDEL",
      "content": "爱上银枝就像呼吸一样简单。。。",
      "likes": 23,
      "reply_time": "2024-04-30 12:20:30",
      "rpid": "219183394672",
      "mid": "288761180"
    },
    {
      "user": "啧别来烦我",
      "content": "彦卿的转笛好帅，像转剑一样",
      "likes": 19,
      "reply_time": "2024-04-30 12:49:26",
      "rpid": "219187940240",
      "mid": "546800073"
    },
    {
      "user": "叱咤鱼海月光猫",
      "content": "砂金歪了，联动也歪了[墨镜][响指]",
      "likes": 19,
      "reply_time": "2024-04-30 12:02:49",
      "rpid": "219180828800",
      "mid": "259113528"
    },
    {
      "user": "一周被骗三回",
      "content": "已到现场",
      "likes": 19,
      "reply_time": "2024-05-01 17:41:25",
      "rpid": "219382405584",
      "mid": "513654357"
    },
    {
      "user": "丹恒景元刃都是我老公",
      "content": "截到老婆的腹肌了[脱单doge][给心心]",
      "likes": 17,
      "reply_time": "2024-04-30 13:54:07",
      "rpid": "219196511568",
      "mid": "1051595001"
    },
    {
      "user": "一切從凛开始",
      "content": "可以给我那个吗........就是那个[给心心]",
      "likes": 16,
      "reply_time": "2024-05-01 00:42:30",
      "rpid": "219287308864",
      "mid": "49990075"
    },
    {
      "user": "磁爆步兵54",
      "content": "有人能给我指路一下知更鸟专辑购买地址吗[脱单doge]",
      "likes": 116,
      "reply_time": "2024-04-30 12:00:54",
      "rpid": "219180570752",
      "mid": "3443416"
    },
    {
      "user": "千尔斯特",
      "content": "这表情，摆明了就是故意的[吃瓜]",
      "likes": 15,
      "reply_time": "2024-05-03 08:00:01",
      "rpid": "219622730224",
      "mid": "382153526"
    },
    {
      "user": "震撼_美味-",
      "content": "现场见[点赞][点赞][点赞]",
      "likes": 15,
      "reply_time": "2024-04-30 12:06:07",
      "rpid": "219181237824",
      "mid": "697576106"
    },
    {
      "user": "启明拂晓",
      "content": "动画里知更鸟的剧情在这里[脱单doge]",
      "likes": 14,
      "reply_time": "2024-04-30 19:16:22",
      "rpid": "219238121456",
      "mid": "4446253"
    },
    {
      "user": "一只过路熊孩子",
      "content": "求求你演奏使一颗心免于哀伤吧只要是我能做到的我什么都会做的",
      "likes": 14,
      "reply_time": "2024-04-30 15:11:49",
      "rpid": "219205138976",
      "mid": "1328632"
    },
    {
      "user": "啊啊啊屑",
      "content": "才。。才不是想听那个呢[傲娇]",
      "likes": 14,
      "reply_time": "2024-04-30 13:27:00",
      "rpid": "219193225264",
      "mid": "1710680875"
    },
    {
      "user": "Shu宝我的硬糖甜心",
      "content": "卧槽卧槽宝宝你好好看",
      "likes": 14,
      "reply_time": "2024-04-30 12:31:58",
      "rpid": "219185160784",
      "mid": "39467195"
    },
    {
      "user": "喵咪咪咪猫",
      "content": "#砂金，美神降临#\n#银枝，美神降临#\n#知更鸟，美神降临#\n#卡芙卡，美神降临#\n#镜流，美神降临#\n#彦卿，美神降临#\n[喜欢][喜欢][喜欢]",
      "likes": 40,
      "reply_time": "2024-04-30 12:28:13",
      "rpid": "219184467136",
      "mid": "502737893"
    },
    {
      "user": "又又双叒叒叕",
      "content": "嗨，彦卿宝宝，一个人吗（螺旋爬出垃圾桶）（调玫瑰）",
      "likes": 14,
      "reply_time": "2024-04-30 12:15:48",
      "rpid": "219182599104",
      "mid": "173461653"
    },
    {
      "user": "柳絮然",
      "content": "怎么回事！这次cm好有创意[笑哭][笑哭][笑哭][笑哭]，好多好多梗点啊[喜极而泣][喜极而泣][喜极而泣][喜极而泣][喜极而泣]，当然，砂金依旧帅的起飞[给心心][给心心][给心心][给心心][给心心][给心心][给心心]",
      "likes": 15,
      "reply_time": "2024-04-30 14:03:09",
      "rpid": "219197561072",
      "mid": "178494975"
    },
    {
      "user": "夏蝉与舞",
      "content": "该我了",
      "likes": 13,
      "reply_time": "2024-04-30 14:56:35",
      "rpid": "219203348336",
      "mid": "619121961"
    },
    {
      "user": "杂食云辞吃杂粮",
      "content": "哈哈哈哈哈哈哈哈哈哈哈哈哈哈暂停刚好到这帧，看给人家小燕子震惊的[大笑]哈哈哈哈哈哈哈哈哈哈哈哈哈哈",
      "likes": 13,
      "reply_time": "2024-04-30 14:25:48",
      "rpid": "219200164544",
      "mid": "629940215"
    },
    {
      "user": "HackerRabbit",
      "content": "[辣眼睛]",
      "likes": 13,
      "reply_time": "2024-04-30 12:11:41",
      "rpid": "219182061952",
      "mid": "473218769"
    },
    {
      "user": "KaZaKur",
      "content": "她在狂笑[doge]",
      "likes": 12,
      "reply_time": "2024-05-02 01:11:11",
      "rpid": "219448832704",
      "mid": "294047408"
    },
    {
      "user": "゚羲皇上人",
      "content": "可爱彦卿\n给彦卿厨们截的[脱单doge]",
      "likes": 11,
      "reply_time": "2024-04-30 23:49:15",
      "rpid": "219280267328",
      "mid": "3494360127637517"
    },
    {
      "user": "空条徐墨-Kujojosumi",
      "content": "看到知更鸟那段，我莫名想到这个",
      "likes": 11,
      "reply_time": "2024-04-30 20:53:04",
      "rpid": "219253134816",
      "mid": "27790312"
    },
    {
      "user": "我投降-别打我",
      "content": "能给我解释一下吗？[妙啊]",
      "likes": 11,
      "reply_time": "2024-04-30 12:01:57",
      "rpid": "219180678656",
      "mid": "1705780241"
    },
    {
      "user": "狂暴炼Cu组长",
      "content": "镜流:小娃娃，好胆！[阴险]",
      "likes": 20,
      "reply_time": "2024-04-30 12:04:22",
      "rpid": "219180949824",
      "mid": "25831411"
    },
    {
      "user": "叶起清风",
      "content": "给镜流扔两块钱我真的笑死了，事实证明星穹这两孩子是真的皮啊哈哈哈哈哈哈",
      "likes": 20,
      "reply_time": "2024-04-30 12:38:05",
      "rpid": "219186162464",
      "mid": "273185764"
    },
    {
      "user": "坚果包扎术",
      "content": "万万没想到，爷和镜流的唯一一次见面居然是在这里，以这种方式[笑哭][笑哭]",
      "likes": 20,
      "reply_time": "2024-04-30 12:38:55",
      "rpid": "219186144224",
      "mid": "11340889"
    },
    {
      "user": "墨竹银余",
      "content": "砂金起床踩到猫糕的尾巴了，哈哈哈睡迷糊了的小孔雀[妙啊][妙啊][妙啊]",
      "likes": 19,
      "reply_time": "2024-04-30 13:09:03",
      "rpid": "219190751728",
      "mid": "241743021"
    },
    {
      "user": "今时古月",
      "content": "啊啊——嗓音状态很棒！糖分也补充完毕！巡演出发！！[打call][打call]",
      "likes": 17,
      "reply_time": "2024-04-30 12:17:50",
      "rpid": "219182849104",
      "mid": "27227177"
    },
    {
      "user": "潮汐织梦",
      "content": "这动画里的镜流服装设计那么好看，为啥登台的紫色旗袍那么让人无语。",
      "likes": 16,
      "reply_time": "2024-04-30 12:05:05",
      "rpid": "219181146256",
      "mid": "412656096"
    },
    {
      "user": "谢珱",
      "content": "米哈游你真是太懂了！谷阵！",
      "likes": 15,
      "reply_time": "2024-04-30 15:02:56",
      "rpid": "219204070976",
      "mid": "66009283"
    },
    {
      "user": "微醺海沫",
      "content": "好深金的动画，害我笑半天",
      "likes": 16,
      "reply_time": "2024-04-30 12:14:20",
      "rpid": "219182439920",
      "mid": "342773349"
    },
    {
      "user": "进击的零初",
      "content": "在现场，我是把砂金绊倒的猫糕[给心心]",
      "likes": 16,
      "reply_time": "2024-04-30 12:37:21",
      "rpid": "219185896880",
      "mid": "41335175"
    },
    {
      "user": "似鸟飞山",
      "content": "阿穹的出场有种震撼人心的美",
      "likes": 15,
      "reply_time": "2024-04-30 12:26:36",
      "rpid": "219184350400",
      "mid": "143516681"
    },
    {
      "user": "荏不染",
      "content": "这技术力…",
      "likes": 15,
      "reply_time": "2024-04-30 12:00:55",
      "rpid": "219180571424",
      "mid": "299859441"
    },
    {
      "user": "氼乚丨77",
      "content": "去了演唱会忘记返图了，现场真是太棒了",
      "likes": 10,
      "reply_time": "2024-05-04 08:51:17",
      "rpid": "219789492240",
      "mid": "627637920"
    },
    {
      "user": "离原百草",
      "content": "老杨不打算上去歌一曲？",
      "likes": 10,
      "reply_time": "2024-04-30 22:32:18",
      "rpid": "219268564320",
      "mid": "482754255"
    },
    {
      "user": "枫花_落夜",
      "content": "今天，轮到我了！[脱单doge]",
      "likes": 10,
      "reply_time": "2024-04-30 20:04:06",
      "rpid": "219245494096",
      "mid": "525206936"
    },
    {
      "user": "咸鱼的cp是假的",
      "content": "[喜欢]",
      "likes": 10,
      "reply_time": "2024-04-30 14:14:26",
      "rpid": "219198822464",
      "mid": "85253795"
    },
    {
      "user": "围巾sun",
      "content": "还以为有砂金和银枝[委屈][委屈]",
      "likes": 14,
      "reply_time": "2024-05-01 21:19:40",
      "rpid": "219414829488",
      "mid": "1647344913"
    },
    {
      "user": "小氿在吃瓜",
      "content": "快点把录播端上来吧，我还想再看好几遍[doge]",
      "likes": 14,
      "reply_time": "2024-05-01 21:12:24",
      "rpid": "219413702432",
      "mid": "430930015"
    },
    {
      "user": "__621",
      "content": "砂金踩到猫猫糕摔的这一幕好有反差萌[点赞][点赞]",
      "likes": 14,
      "reply_time": "2024-04-30 13:16:17",
      "rpid": "219191785088",
      "mid": "1709436945"
    },
    {
      "user": "榆珒",
      "content": "hhh砂金踩到像轮子一样的垃圾糕尾巴滑倒了，预示这次演唱会精(金)彩(踩)绝伦(巨轮)",
      "likes": 14,
      "reply_time": "2024-04-30 12:13:15",
      "rpid": "219182300368",
      "mid": "302632797"
    },
    {
      "user": "王见王生",
      "content": "当你以为这次用的是星姐时，穹:以旋转陀螺方式出击，从最爱的垃圾桶里窜出来，宝宝你转太快了我得暂停才能看清你[傲娇][傲娇]",
      "likes": 14,
      "reply_time": "2024-04-30 16:50:26",
      "rpid": "219216483824",
      "mid": "564748344"
    },
    {
      "user": "-同谐-",
      "content": "镜流\r\n被丢钱前：落魄了家人们\r\n被丢钱后：转魄了家人们[微笑]\n（转自米游社@）",
      "likes": 13,
      "reply_time": "2024-05-01 23:04:28",
      "rpid": "219431796048",
      "mid": "334064049"
    },
    {
      "user": "阿狄阿狄",
      "content": "啊啊啊啊砂金宝宝被我绊倒了[给心心][给心心][给心心][给心心]",
      "likes": 13,
      "reply_time": "2024-04-30 12:18:46",
      "rpid": "219183142352",
      "mid": "1959204476"
    },
    {
      "user": "东游不到吴",
      "content": "很符合我对星爷的想象[笑哭]",
      "likes": 13,
      "reply_time": "2024-04-30 12:18:15",
      "rpid": "219183041648",
      "mid": "38487732"
    },
    {
      "user": "月初Fantasy",
      "content": "彦卿这个甩笛子好少年意气[喜欢][喜欢][大哭][大哭][大哭][大哭][大哭][星星眼][星星眼][星星眼][打call][打call][给心心][给心心][给心心][给心心][给心心][点赞][点赞][点赞]",
      "likes": 14,
      "reply_time": "2024-04-30 12:29:30",
      "rpid": "219184746096",
      "mid": "475632170"
    },
    {
      "user": "十一还是做不到吗",
      "content": "非常好音乐会，使我的球棒旋转",
      "likes": 9,
      "reply_time": "2024-05-01 21:38:40",
      "rpid": "219417923664",
      "mid": "286945783"
    },
    {
      "user": "烛_半_",
      "content": "直接速摸好吧",
      "likes": 9,
      "reply_time": "2024-05-01 11:42:10",
      "rpid": "219334336912",
      "mid": "1494682201"
    },
    {
      "user": "_关根_",
      "content": "彦卿:神金（）",
      "likes": 9,
      "reply_time": "2024-04-30 19:39:25",
      "rpid": "219241774656",
      "mid": "651299929"
    },
    {
      "user": "牛郎之道",
      "content": "星给镜流钱的时候我真的蚌埠住了[笑哭]哈哈哈哈哈哈哈，不拉一段二泉映月感觉到不合适，哈哈哈哈哈哈哈",
      "likes": 13,
      "reply_time": "2024-04-30 12:42:23",
      "rpid": "219186767328",
      "mid": "1416014891"
    },
    {
      "user": "Huloler",
      "content": "笑死，主角二人提供了大半笑点[喜极而泣]，垃圾桶里螺旋升天那段笑抽我了，有他俩在的镜头就突出个幽默",
      "likes": 13,
      "reply_time": "2024-04-30 12:14:59",
      "rpid": "219182549024",
      "mid": "381411570"
    },
    {
      "user": "拙山尽起-墨染尘烟",
      "content": "强手棋：秤上奇遇\n一位衣着华丽的白发女子在街边孤身一人演奏二胡，蒙眼的黑布昭示着她为何会沦落至此（？），悲戚悱恻的旋律在你耳边回荡，你鼻子一酸，摸了摸兜：\n（请做出选择）\n太可怜了，施舍一点\n2—4点：什么都没有摸到，原来自己也是穷光蛋\n“路人对你的冷血指指点点”\n5—9点：扔下两枚巡镝快步离开，她没有反应\n“做好事不留名，崇高道德的赞许+1”\n10—12点：扔下两枚巡镝，只见耀眼寒光破桎而出，碎裂的黑布下一对赤瞳目眦欲裂\n“老娘不是来卖唱的！”",
      "likes": 12,
      "reply_time": "2024-04-30 17:57:41",
      "rpid": "219225650912",
      "mid": "499833866"
    },
    {
      "user": "浅渡一下",
      "content": "在别人都穿着整齐出现在街上的时候，你砂又一次衣冠不整的出现在了床上[初音未来_大笑]",
      "likes": 12,
      "reply_time": "2024-04-30 12:51:32",
      "rpid": "219188050640",
      "mid": "621826877"
    },
    {
      "user": "彩虹六号皮蛋",
      "content": "镜流是一个贪财的人\n因为镜流见钱眼开",
      "likes": 12,
      "reply_time": "2024-05-05 18:12:58",
      "rpid": "220034277376",
      "mid": "440821488"
    },
    {
      "user": "游神星",
      "content": "希露瓦:开音趴不叫我是吧😡",
      "likes": 12,
      "reply_time": "2024-05-02 13:16:48",
      "rpid": "219505149664",
      "mid": "4693233"
    },
    {
      "user": "银桑家的定春",
      "content": "当大家都在喷静流画的跟盲人二胡的时候，铁道是认真的在演盲人二胡[笑哭]",
      "likes": 12,
      "reply_time": "2024-04-30 12:11:10",
      "rpid": "219181960304",
      "mid": "218537"
    },
    {
      "user": "Sakura_kawkad",
      "content": "砂金！！！宝～你太可爱啦！！！！",
      "likes": 12,
      "reply_time": "2024-04-30 14:28:32",
      "rpid": "219200416448",
      "mid": "287874753"
    },
    {
      "user": "charms",
      "content": "砂金房间被猫猫糕入侵了吗，还是说他其实也住在空间站[doge]",
      "likes": 12,
      "reply_time": "2024-04-30 12:24:22",
      "rpid": "219183916192",
      "mid": "4724891"
    },
    {
      "user": "愛喝紅茶的朔夜",
      "content": "祝崩鐵演唱會順利圓滿 也祝我自己生日快樂[脱单doge]（小聲",
      "likes": 12,
      "reply_time": "2024-04-30 12:12:32",
      "rpid": "219182190640",
      "mid": "297552049"
    },
    {
      "user": "洛蓝希珥",
      "content": "记录一下，演唱会当志愿者干到现在哦，不说了，再搬点东西下班了[笑哭]",
      "likes": 12,
      "reply_time": "2024-05-01 02:54:28",
      "rpid": "219297534656",
      "mid": "301150036"
    },
    {
      "user": "大爱穗尊",
      "content": "我......能祝我生日快乐吗？",
      "likes": 9,
      "reply_time": "2024-05-01 09:55:05",
      "rpid": "219320326304",
      "mid": "3546639411185944"
    },
    {
      "user": "鸦鸦_5",
      "content": "天啊砂金居然也会养猫猫糕耶，太可爱了[保卫萝卜_笔芯]",
      "likes": 8,
      "reply_time": "2024-04-30 16:28:21",
      "rpid": "219213727264",
      "mid": "409878912"
    },
    {
      "user": "天上有鱼啊",
      "content": "原来开头左下角这个就是知更鸟啊",
      "likes": 9,
      "reply_time": "2024-04-30 15:21:14",
      "rpid": "219206040912",
      "mid": "31376083"
    },
    {
      "user": "流萤老婆超可爱_Biu",
      "content": "镜流：就给俩？[傲娇]",
      "likes": 8,
      "reply_time": "2024-04-30 14:33:25",
      "rpid": "219200797344",
      "mid": "327191948"
    },
    {
      "user": "看不懂中文没关系",
      "content": "穹宝可爱捏 突然出现.jpg",
      "likes": 8,
      "reply_time": "2024-04-30 12:17:36",
      "rpid": "219182839776",
      "mid": "1864007092"
    },
    {
      "user": "好特么黑",
      "content": "给镜师傅的两个硬币[脱单doge]",
      "likes": 8,
      "reply_time": "2024-04-30 12:12:45",
      "rpid": "219182202848",
      "mid": "384652017"
    },
    {
      "user": "炫酷凉薄无敌的冷少",
      "content": "啊啊啊啊啊啊啊啊老婆！",
      "likes": 8,
      "reply_time": "2024-04-30 12:10:48",
      "rpid": "219181903248",
      "mid": "424589736"
    },
    {
      "user": "凰呀Spec-II",
      "content": "与大明星约会中，勿CUE[崩坏3·终焉归始_咀嚼]",
      "likes": 8,
      "reply_time": "2024-04-30 12:10:07",
      "rpid": "219181825360",
      "mid": "102736632"
    },
    {
      "user": "HackerRabbit",
      "content": "开拓者:好活当赏[doge]",
      "likes": 8,
      "reply_time": "2024-04-30 12:05:34",
      "rpid": "219181173664",
      "mid": "473218769"
    },
    {
      "user": "换个名字运气能变好吗",
      "content": "今日笑点解析：\n《仙舟前剑首街头拉二胡 惨遭开拓者错认盲人卖艺》\n《少年天才 很好的吹笛子技术 使开拓者旋转》\n《星核猎手出没于商场 频繁使用手机的原因令人赞叹母爱》\n《星际和平公司总监在家遇袭 这一切的背后竟是猫猫糕作祟》\n《两位激推的相遇 论钟表小子的谷阵能摆多大》\n《银枝好优雅 啊 纯美女神伊德莉拉美貌盖世无双》[脱单doge]",
      "likes": 11,
      "reply_time": "2024-04-30 23:03:41",
      "rpid": "219273533408",
      "mid": "1418999347"
    },
    {
      "user": "爱睡觉的兰非拉",
      "content": "好好好，星和穹各有各的癫，你有高速旋转的小穹进入列车以及人美心善的小星（",
      "likes": 11,
      "reply_time": "2024-04-30 17:45:38",
      "rpid": "219223892144",
      "mid": "389156918"
    },
    {
      "user": "凛冬将至WinterCome",
      "content": "我的鸟，我爱你[脱单doge]",
      "likes": 11,
      "reply_time": "2024-04-30 12:01:33",
      "rpid": "219180664176",
      "mid": "384537664"
    },
    {
      "user": "锰酸钾_",
      "content": "为什么砂金房间里好多猫猫糕啊[笑哭]",
      "likes": 11,
      "reply_time": "2024-04-30 12:38:28",
      "rpid": "219186079712",
      "mid": "701131077"
    },
    {
      "user": "旧巷日落",
      "content": "知更鸟那段戴墨镜戴口罩，这是什么和女明星约会的既视感啊[给心心][给心心][给心心]",
      "likes": 11,
      "reply_time": "2024-04-30 12:16:19",
      "rpid": "219182699840",
      "mid": "28707545"
    },
    {
      "user": "二汐月",
      "content": "爆#宇宙巨星知更鸟竟在演唱会前与开坧者共处一室#\n[doge]",
      "likes": 11,
      "reply_time": "2024-04-30 12:17:50",
      "rpid": "219183019904",
      "mid": "101665447"
    },
    {
      "user": "冫户丶",
      "content": "笑死我了",
      "likes": 7,
      "reply_time": "2024-05-01 12:54:08",
      "rpid": "219344882208",
      "mid": "1695549796"
    },
    {
      "user": "M易函",
      "content": "好好好，好性感！我去找卡车了兄弟们！我先去混个星神当当，你们以后过来记得报我B站名流行！",
      "likes": 7,
      "reply_time": "2024-04-30 15:22:45",
      "rpid": "219206187184",
      "mid": "37899293"
    },
    {
      "user": "゜-゜-゜",
      "content": "东北方一个，东方一个",
      "likes": 6,
      "reply_time": "2024-05-01 19:08:01",
      "rpid": "219395132032",
      "mid": "170894984"
    },
    {
      "user": "12372515258_bili",
      "content": "镜流:就给俩?",
      "likes": 6,
      "reply_time": "2024-04-30 19:47:18",
      "rpid": "219243066192",
      "mid": "389272213"
    },
    {
      "user": "浅巷0430",
      "content": "今天我生日，我也要那个[害羞]",
      "likes": 6,
      "reply_time": "2024-04-30 13:28:43",
      "rpid": "219193395040",
      "mid": "643894523"
    },
    {
      "user": "阿比酱世界第一可爱_",
      "content": "麻麻真好看！！！[崩坏：星穹铁道_吃瓜ing][崩坏：星穹铁道_生气]",
      "likes": 6,
      "reply_time": "2024-04-30 12:11:45",
      "rpid": "219181990304",
      "mid": "6888228"
    },
    {
      "user": "打个酱油就溜",
      "content": "男女主都出场超好评[脱单doge]官方你是真的有看评论区啊[脱单doge][脱单doge][脱单doge]",
      "likes": 18,
      "reply_time": "2024-04-30 12:56:08",
      "rpid": "219188795936",
      "mid": "288265081"
    },
    {
      "user": "泛式没有偷狗",
      "content": "非常好看，仙舟趴让我高潮，但是除了卡芙卡其他的角色都没有单独的虚拟现实part哎……我还以为哥六个至少会一起合作演奏一首曲子[大哭]有点点失望",
      "likes": 10,
      "reply_time": "2024-05-01 21:17:54",
      "rpid": "219414529856",
      "mid": "13514478"
    },
    {
      "user": "白白白面鸮",
      "content": "踩到尾巴了[doge]",
      "likes": 8,
      "reply_time": "2024-04-30 15:20:20",
      "rpid": "219206009152",
      "mid": "62559072"
    },
    {
      "user": "大地怒吼",
      "content": "如果丟别的钱，镜流会以为是误会，但星宝丢的是巡镝，明摆着是故意找打。[吃瓜]",
      "likes": 10,
      "reply_time": "2024-04-30 15:17:17",
      "rpid": "219205712432",
      "mid": "24031929"
    },
    {
      "user": "AcaYui",
      "content": "星宝但凡扔点其他的货币，镜流情绪好可能还会当成是误会，但偏偏丢了俩巡镝过去，摆明了就是我知道你的身份，但还是要皮一下[doge]",
      "likes": 10,
      "reply_time": "2024-04-30 15:16:57",
      "rpid": "219205567392",
      "mid": "4683753"
    },
    {
      "user": "一杯麦香咖啡",
      "content": "我，我浅磕一下穹鸟可以吗🥺",
      "likes": 10,
      "reply_time": "2024-04-30 14:23:31",
      "rpid": "219199862384",
      "mid": "88908804"
    },
    {
      "user": "找找原因_",
      "content": "老师，我觉得我们家镜流那个披风没必要脱下来的，比睡裙好看多了[脸红]",
      "likes": 10,
      "reply_time": "2024-04-30 14:16:09",
      "rpid": "219198943216",
      "mid": "413082844"
    },
    {
      "user": "不知道的不清楚的",
      "content": "爷没被劈死真的算镜流手下留情了[笑哭]",
      "likes": 10,
      "reply_time": "2024-04-30 12:46:38",
      "rpid": "219187395216",
      "mid": "813180"
    },
    {
      "user": "闲庭的川辣蟹",
      "content": "自从看了银枝那个鬼畜后，我总觉得这里他会把彦青提溜起来[笑哭]",
      "likes": 10,
      "reply_time": "2024-04-30 13:06:51",
      "rpid": "219190487424",
      "mid": "289294"
    },
    {
      "user": "纳西妲的卖萌",
      "content": "[崩坏3_二胡]",
      "likes": 9,
      "reply_time": "2024-05-01 10:49:19",
      "rpid": "219327185040",
      "mid": "411392587"
    },
    {
      "user": "沉默了a",
      "content": "强牌慢打，故作姿态，你让我等的有些心急了😡，为了尽兴，各位，就让我押上全部的时间吧🤩，只有抛却理性，才是真正的博弈😇！",
      "likes": 9,
      "reply_time": "2024-05-01 00:23:41",
      "rpid": "219285014896",
      "mid": "277958832"
    },
    {
      "user": "无可言说之",
      "content": "本以为知更鸟是庄重的那种巨星\n\n但是现在\n1.在周年活动中有爷和知更鸟逃脱经纪人的经典桥段\n2.在砂金的虚构朋友圈中知更鸟点赞颇多\n3.在本CM中知更鸟厨力爆发\n\n总而言之\n更像是少女偶像的那种感觉\n有点日系\n\n预判失误了（bushi",
      "likes": 9,
      "reply_time": "2024-04-30 14:38:23",
      "rpid": "219201479584",
      "mid": "435079285"
    },
    {
      "user": "风吹散了夏夜",
      "content": "我以为以砂金的性格出场起码耍个帅，没想到摔了一跤[笑哭]",
      "likes": 9,
      "reply_time": "2024-04-30 12:22:26",
      "rpid": "219183588960",
      "mid": "404105972"
    },
    {
      "user": "一直爱艾莉的待妻同学",
      "content": "那个，哥们就是说啊，隔壁都有动画消息了，咱是不是也得...啊~是吧，哥们就是说啊哥们，哥们是不是该抓紧想想如何满足一下哥们是吧[doge]",
      "likes": 9,
      "reply_time": "2024-04-30 12:04:37",
      "rpid": "219181080576",
      "mid": "570285602"
    },
    {
      "user": "金翅天鹏",
      "content": "星妹明摆着是好心，结果差点儿被镜流开大收割了，这段真的笑死哈哈哈[滑稽]",
      "likes": 9,
      "reply_time": "2024-04-30 15:15:41",
      "rpid": "219205439808",
      "mid": "376246346"
    },
    {
      "user": "青柑乌龙加价不加量版",
      "content": "你们可以组一辈子的乐队吗\n我什么都会做的",
      "likes": 9,
      "reply_time": "2024-05-01 00:23:29",
      "rpid": "219284945296",
      "mid": "36939891"
    },
    {
      "user": "-祈茗-",
      "content": "太搞笑了，静流拉二胡被误认是盲人街头卖艺可真是太意料不到了，差一点就被照彻万川了[喜极而泣]",
      "likes": 9,
      "reply_time": "2024-04-30 16:01:52",
      "rpid": "219210642944",
      "mid": "37060606"
    },
    {
      "user": "我的小媳妇_",
      "content": "哈哈哈，星给拉二胡的镜流钱，被照彻万川，穹在垃圾桶里旋转跳出，砂金睡醒下地踩到猫糕尾巴摔倒，没想到砂金居然会养这么多猫糕[喜极而泣]",
      "likes": 9,
      "reply_time": "2024-04-30 15:01:45",
      "rpid": "219204019840",
      "mid": "226809090"
    },
    {
      "user": "酒酿弧弧",
      "content": "知更鸟好像学战都市的席尓薇雅，我好吃这种人设，这下不得不抽了",
      "likes": 9,
      "reply_time": "2024-04-30 12:47:41",
      "rpid": "219187610768",
      "mid": "2819078"
    },
    {
      "user": "一枚减脂增肌新手",
      "content": "知更鸟抽到不歪 点赞👍集好运",
      "likes": 10,
      "reply_time": "2024-05-01 12:00:45",
      "rpid": "219337001792",
      "mid": "53077706"
    },
    {
      "user": "真理之律者-布洛尼娅",
      "content": "两枚颇具侮辱性的巡镝，以及那几道湛蓝色的刀光，镜流和爷的初次见面就给彼此留下了深刻的印象[doge]",
      "likes": 8,
      "reply_time": "2024-04-30 19:58:51",
      "rpid": "219244776960",
      "mid": "95723538"
    },
    {
      "user": "墨飾",
      "content": "关于镜流“照彻万川”的看法：\n第1，单纯练习却被当成卖艺所以生气，从而“照彻万川”。\n第2，确实是卖艺，但是觉得阿星给的少，从而“照彻万川”。\n第3，在前两种情况下，看到巡镝（仙舟货币）触发魔芋爽，从而“照彻万川”。",
      "likes": 8,
      "reply_time": "2024-04-30 19:38:29",
      "rpid": "219241642672",
      "mid": "323948809"
    },
    {
      "user": "该昵称不存在_-",
      "content": "本关考验你听声辩人功夫，你走上舞台，腚坐中央，先后五名角色开腔，如果辩准身份，方可过关，否则必遭严惩，你明白了吗？",
      "likes": 8,
      "reply_time": "2024-04-30 16:13:31",
      "rpid": "219211947568",
      "mid": "431803181"
    },
    {
      "user": "crazy星期四vivo50",
      "content": "就这就这就这，感觉不如线上看，和一大群人挤在一起没什么意思的，有些位置视野还差[墨镜][墨镜]",
      "likes": 8,
      "reply_time": "2024-04-30 12:09:27",
      "rpid": "219181714960",
      "mid": "42381630"
    },
    {
      "user": "叫我天罪啊hh",
      "content": "艹我不敢想象mhy要是出番剧或者动画会有多爽！（不是女武神餐桌那种甜点，正餐级的）",
      "likes": 8,
      "reply_time": "2024-05-09 21:18:11",
      "rpid": "220648782384",
      "mid": "40055151"
    },
    {
      "user": "秋名FD3s",
      "content": "崩铁也是有排面了[墨镜]视频下边竟然能有我的评论，这也算给崩铁一波流量了，能不能抓住这波流量就靠自己了[墨镜]",
      "likes": 10,
      "reply_time": "2024-04-30 22:09:00",
      "rpid": "219264759104",
      "mid": "90949884"
    },
    {
      "user": "阿浔www",
      "content": "砂金踩到猫猫糕了哈哈好可爱[大笑]",
      "likes": 8,
      "reply_time": "2024-04-30 16:10:51",
      "rpid": "219211655392",
      "mid": "108005396"
    },
    {
      "user": "夏日稚燑",
      "content": "果然，要么是神，要么是神经[doge]",
      "likes": 8,
      "reply_time": "2024-04-30 12:01:03",
      "rpid": "219180646960",
      "mid": "1321443857"
    },
    {
      "user": "铭音MeioN-official",
      "content": "打赏活了千年白发苍苍的街头卖艺老太（崇高道德的赞许+1）",
      "likes": 8,
      "reply_time": "2024-05-01 09:03:01",
      "rpid": "219314573264",
      "mid": "1860662"
    },
    {
      "user": "绿龟仙人",
      "content": "知更鸟:真正的高手这时已经开始偷家了",
      "likes": 8,
      "reply_time": "2024-04-30 20:40:56",
      "rpid": "219251364176",
      "mid": "1480126811"
    },
    {
      "user": "陆离_Luoie",
      "content": "评论区好多赛诺！快请知更鸟来！因为她是知梗鸟，绝对不会被赛诺控住！",
      "likes": 11,
      "reply_time": "2024-04-30 16:07:22",
      "rpid": "219211280784",
      "mid": "40741316"
    },
    {
      "user": "草莓红茶舒芙蕾",
      "content": "彦卿，美神降临，彦卿这种小男孩生来就是要被妈妈夸的，甩笛子又可爱又帅，你米少年感最足的角色，彦卿宝宝妈妈爱你啊啊啊啊啊啊啊啊啊啊",
      "likes": 8,
      "reply_time": "2024-04-30 15:02:40",
      "rpid": "219204059168",
      "mid": "291406796"
    },
    {
      "user": "MaxTac-078",
      "content": "（优美的二胡声）\n    前方出现一位拉着二胡的美丽少女，你注意到她蒙上的眼睛，这让你内心涌出一股无法抑制的冲动——\n        凑近听听。←\n        转身逃跑！\n    你沉醉在美妙的音乐中，没错，你必须做点什么——\n        掏出两枚「巡镝」。←\n        转身逃跑！！\n    你掏出身上最后两块钱，毫不犹豫。但此时空气弥漫起不详的气息，像是贴在皮肤的冰凉刀锋——\n        扔下两块钱。   ←\n        转身逃跑！！！\n（崇高道德的赞许+1，进入战斗）\n    战斗余波击碎了二胡，少女怔在原地，完全忽视了离头只有0.001毫米的棒球棍。你过于善良的心开始内疚了——\n        转身逃离吧。\n        用一生赎罪吧！！！！ ←\n    你帮她收集起二胡的残骸，并证明了自己高超的手工和诚挚的歉意，谢天谢地，空气柔和下来了。\n（游戏结束，结局1：丰饶精神病竟是我女友）\n（完成成就：sweet but psycho）",
      "likes": 7,
      "reply_time": "2024-05-03 17:17:02",
      "rpid": "219692547760",
      "mid": "484735963"
    },
    {
      "user": "流星逐愿",
      "content": "作为一个学生剧情向玩家，我来发表下自己的感想8\n       初次接触崩坏系列，是在泛式哥的视频上看到崩3，当时我惊艳与崩3的世界观和人物，于是就入坑了。虽然我几乎不玩游戏，一直是新手村水平（指琪亚娜只有2000多血），但我一直看着她们的故事，感受着她们的悲欢。如今，第一部也迎来了它的“happy”结局。\n真怀念呢，曾经的“笨蛋”，天真单纯的“草履虫”琪亚娜，在伙伴的帮助和姬子老师的守望下，变成了【薪炎之律者】\n                  曾经看着好友无助地抽泣，哭喊“我什么都做不到”的“煮饭婆”芽衣，在同伴的激励和爱莉的心意下变成了【始源之律者】\n                  曾经作为杀手，冷酷无情的布洛妮娅，在朋友的陪伴和前辈的指引下，从继承到超越，变成了【真理之律者】\n      但故事才刚刚开始，一段故事的【终焉】，是另一段故事的【始源】，不变的【真理】将带领所有美好一同走向无限的未来。\n      崩坏3确实是一个好故事，因为它突出了角色的“成长”，而不是实力碾压、开挂、打怪升级等单调的剧情。崩坏3的结局未必完美，但也无需完美。  天下没有不散的宴席，与崩坏的战斗也终将迎来谢幕。人类以不屈的姿态，尝试超越【命定的终焉】。即使胜算渺茫，她们也从未放弃。\n     这就是崩3的世界观：不是告诉你这个世界全是美好，而是告诉你就算这个世界不够美好，也要怀着对美好的希望和一切美好而战的信念活下去。\n有许多人戏谑：当流萤被刀的那一刻，我才想起星铁的全名。但难道悲剧只发生在流萤姐和知更鸟的身上么？显然不是。还有更多的人正经历着他们的悲剧，为了生存下去，为了更好的生活，为了突破命运的枷锁而苦苦挣扎。在开玩星穹时，我也为主角团们精彩绝伦的冒险故事所吸引，但在“太空喜剧”欢乐故事的背后，是残酷的现实：贝诺伯格的人们背负巨债，面临裂界危险，时刻为生存而苦苦挣扎；仙舟人背负长生枷锁和魔阴身的诅咒，云骑军们看着战友逝去，永远在巡猎复仇的道路上前行而不得解脱。。。真相就是如此残酷，生命是脆弱的，说没就没，也许昨天和你交谈、嬉戏的人，说不在就不在了；现实是残酷的，它和故事最大的区别在于，后者永远都有一个好的结局。",
      "likes": 7,
      "reply_time": "2024-05-01 22:01:08",
      "rpid": "219421607888",
      "mid": "520927899"
    },
    {
      "user": "白溯Link",
      "content": "知道为什么星给了钱后镜流睁开眼睛了吗，因为见钱眼开",
      "likes": 7,
      "reply_time": "2024-04-30 23:09:33",
      "rpid": "219274411248",
      "mid": "218725866"
    },
    {
      "user": "我起什么名咋都存在",
      "content": "镜流:我先澄清一件事我在街边拉二胡只是在为演唱会练习而已但有个傻子把我当乞丐了还向我丢钱",
      "likes": 7,
      "reply_time": "2024-04-30 22:45:19",
      "rpid": "219270471120",
      "mid": "82474865"
    },
    {
      "user": "LingoZero",
      "content": "再拉两巡镝的.jpg",
      "likes": 7,
      "reply_time": "2024-04-30 15:17:28",
      "rpid": "219205720256",
      "mid": "454094289"
    },
    {
      "user": "炭笔好涩",
      "content": "为什么你游一到砂金就限制级起来了[大笑]",
      "likes": 7,
      "reply_time": "2024-04-30 15:16:44",
      "rpid": "219205607872",
      "mid": "391424132"
    },
    {
      "user": "lzyandcdy",
      "content": "星宝和镜流啊啊啊啊，我老婆和我推的互动[大哭]。我原谅镜流这身丑衣服了，米哈游你赶紧让我老婆在主线跟星宝聊两句",
      "likes": 7,
      "reply_time": "2024-04-30 14:33:22",
      "rpid": "219200795648",
      "mid": "1104600727"
    },
    {
      "user": "纨绔居士",
      "content": "好高的技术力，好生动的角色[热词系列_爱了爱了]\n＃卡芙卡 美神降临\n＃镜流 美神降临\n＃彦卿 美神降临\n＃银枝 美神降临\n＃砂金 美神降临\n＃知更鸟 美神降临",
      "likes": 8,
      "reply_time": "2024-04-30 13:46:46",
      "rpid": "219195519104",
      "mid": "364520315"
    },
    {
      "user": "泠洵a",
      "content": "砂金，你为什么养了一堆垃圾桶糕！！铁暗恋爷！[星星眼]",
      "likes": 7,
      "reply_time": "2024-04-30 12:36:48",
      "rpid": "219185868176",
      "mid": "504593112"
    },
    {
      "user": "奔涌无限中静观灵魂",
      "content": "一名大学生因为期中作业写不完，含泪弃票[酸了]",
      "likes": 7,
      "reply_time": "2024-04-30 12:17:37",
      "rpid": "219183008176",
      "mid": "496411509"
    },
    {
      "user": "Teririririri",
      "content": "镜流衣服颜色感觉不对，紫色太像大妈了，换成蓝色更配一些[笑哭]",
      "likes": 7,
      "reply_time": "2024-04-30 12:13:44",
      "rpid": "219182411312",
      "mid": "4989924"
    },
    {
      "user": "bili_57023624144",
      "content": "假唱，一定是假唱[doge][doge][doge]",
      "likes": 7,
      "reply_time": "2024-04-30 12:01:12",
      "rpid": "219180586064",
      "mid": "1372363125"
    },
    {
      "user": "赛高泥嗨铁丫子哒",
      "content": "一个支付宝，还有微信🤨\n就此离开，没有钱包会受伤😀👉\n否则，你们都会空😡👊\n零氪游戏结束了，你们不该出现在这里🤐\n开始氪金🤖👊\n我将，点燃钞票🔥👊🤖👊🔥\n协议通过，执行钞能力作战🔥👊🤖👊🔥\n等回到手机，记得告诉所有人😀👉\n是大伟哥送了你们最后一程😡👊\n立即科技🔥👊🤖👊🔥\n328，执行🤖👞🔥🔥🔥\n648，执行🤖👟🔥🔥🔥\n既然如此。。。🤖\n马内作战😡\n月卡推进😡👊\n双倍征服😡🦶\n超RMB爆发👊😡👊\n大月卡😡执行🦵🔥\n我将！😡👊🔥点燃钱包！😡💪🔥\n回到现实之后，告诉支付软件，是大伟哥送了你们最后一程！",
      "likes": 8,
      "reply_time": "2024-04-30 14:29:13",
      "rpid": "219200397280",
      "mid": "383457587"
    }
  ],
  "total_comments": 200
}