﻿"视频标题","视频BV号","视频AV号","作者","发布时间","评论用户名","评论内容","点赞数","评论时间","评论ID","用户ID"
"《崩坏：星穹铁道》OP：「不眠之夜」","BV1me411n7eu","241638384","崩坏星穹铁道","2024-01-26 20:00:00","大家的音乐机","《不眠之夜》音舞二创活动也同步开启啦！期待大家的花式二创内容[打call][打call][打call] 👉活动传送门：https://www.bilibili.com/blackboard/activity-o5DxbzfXV6.html","35829","2024-01-26 20:21:54","204960846224","32708543"
"《崩坏：星穹铁道》OP：「不眠之夜」","BV1me411n7eu","241638384","崩坏星穹铁道","2024-01-26 20:00:00","吾羊話二麟","为什么在这个所有人都又帅又美的op里，星期日像个刚刚加了两天班才下班的社畜一样[笑哭][笑哭]","18738","2024-01-26 20:48:07","204965213728","15157748"
"《崩坏：星穹铁道》OP：「不眠之夜」","BV1me411n7eu","241638384","崩坏星穹铁道","2024-01-26 20:00:00","不喜欢下雨的云","本以为是歌难所以选了杰哥，看了mlog才知道是这位牛人自己给自己加的难度","7003","2024-01-31 21:49:12","205758753520","395089838"
"《崩坏：星穹铁道》OP：「不眠之夜」","BV1me411n7eu","241638384","崩坏星穹铁道","2024-01-26 20:00:00","骷髅骑士没有马","给萌新们提醒一下，烧鸡老师越说安全就越不能信，你们没发现他一直在强调安全吗？[doge]","2280","2024-01-26 20:35:49","204963209568","28622578"
"《崩坏：星穹铁道》OP：「不眠之夜」","BV1me411n7eu","241638384","崩坏星穹铁道","2024-01-26 20:00:00","艾莉丝・エリス","烧鸡: 给不玩崩三的玩家们一点小小的崩坏震撼  《阳光积极向上》","2503","2024-01-26 20:19:50","204960651024","396059890"
"《崩坏：星穹铁道》OP：「不眠之夜」","BV1me411n7eu","241638384","崩坏星穹铁道","2024-01-26 20:00:00","岁月静好但不饶人","前几个月还有8u说烧鸡老师已经离职了[思考]，回旋镖有点慢啊[吃瓜]","2887","2024-01-26 20:29:19","204962100224","649183314"
"《崩坏：星穹铁道》OP：「不眠之夜」","BV1me411n7eu","241638384","崩坏星穹铁道","2024-01-26 20:00:00","坡亚","其实四国歌词都已经把剧情都剧透完了吧。 中文版是故事的开始，爷的视角对流萤的话语。“时间在静候你醒来”，“别再破碎，别再枯萎”，爷想让流萤享受梦境，“是是非非，别再意会”。 英语版相对中文版更换了视角，是流萤视角对爷的告白，内心不断重复呼唤：“快拯救我，带我走吧”。 韩语版是剧情高潮部分，少女燃烧自己选择成为英雄：“绽放我的宇宙”，“今夜我是自己的英雄”，用一句话来概括就是“只要是为了你，我就无所不能”。 日语版更像是梦醒时分一切完结，那如萤火般短暂光辉而又消逝的女孩只留下一句“让我们明天也在梦里相会”，随后就“在这梦境中长眠不醒”。","7752","2024-01-27 08:27:42","205021521504","1114863532"
"《崩坏：星穹铁道》OP：「不眠之夜」","BV1me411n7eu","241638384","崩坏星穹铁道","2024-01-26 20:00:00","时城の旧巷","阿b不压热度现在已经到1000w了，中间看见播放量下了好几次[笑哭][笑哭]","3578","2024-01-29 20:09:15","205423424528","391089358"
"《崩坏：星穹铁道》OP：「不眠之夜」","BV1me411n7eu","241638384","崩坏星穹铁道","2024-01-26 20:00:00","大梦一场的流萤酱","求求你们别把流萤刀死就行了[墨镜]","2779","2024-01-26 20:27:01","204961595408","513821835"
"《崩坏：星穹铁道》OP：「不眠之夜」","BV1me411n7eu","241638384","崩坏星穹铁道","2024-01-26 20:00:00","桜火虫之森","咳咳，完整的曲子后面还有内容，英文版后面的翻译是 今夜我不想再独自徘徊，快带领我前往另一边的世界， 自己也不再有任何失去的人，只需净身前往那一边的世界， 今夜我不想再独自徘徊，人们在还是在我的伪装下更熟知我， 没人需要知道真相，让我在你的谎言里永远狂欢 中文版后面是 （伏笔没解开 悬念还在）时间在静候你醒来 别再破碎，别再枯萎，继续沉醉，自我迂回 最后品味，永恒的滋味， 来一场不眠之夜，作结尾 越要快乐，越要破溃，是是非非，别在意会 忘记时间，来梦的派对 来一场不眠之夜，作结尾","3522","2024-01-27 02:15:50","205008684624","676281984"
"《崩坏：星穹铁道》OP：「不眠之夜」","BV1me411n7eu","241638384","崩坏星穹铁道","2024-01-26 20:00:00","_柒光年_","1:27 切换镜头的时候流萤好像化作光点消散了，那种事情不要啊😭","3547","2024-01-26 20:40:52","204963907216","288772968"
"《崩坏：星穹铁道》OP：「不眠之夜」","BV1me411n7eu","241638384","崩坏星穹铁道","2024-01-26 20:00:00","宿明一","两个版本都好好听，但还是中文版更戳我哎[星星眼][星星眼][星星眼]","1805","2024-01-26 20:08:38","204958897120","12032457"
"《崩坏：星穹铁道》OP：「不眠之夜」","BV1me411n7eu","241638384","崩坏星穹铁道","2024-01-26 20:00:00","-君莫离_","看评论区说黑白闪的时候穹变成星，特意调了0.5还真有，太细了哥","11291","2024-01-27 01:02:48","205003208592","25333779"
"《崩坏：星穹铁道》OP：「不眠之夜」","BV1me411n7eu","241638384","崩坏星穹铁道","2024-01-26 20:00:00","tndwelcome","反复强调梦境的安全，那现实呢[笑哭][笑哭][笑哭]","1980","2024-01-26 20:14:15","204959765632","155802"
"《崩坏：星穹铁道》OP：「不眠之夜」","BV1me411n7eu","241638384","崩坏星穹铁道","2024-01-26 20:00:00","纵横白博一","铁道的美术设计为什么就比原神好大胆呢？","2825","2024-01-26 20:01:49","204957750528","283855854"
"《崩坏：星穹铁道》OP：「不眠之夜」","BV1me411n7eu","241638384","崩坏星穹铁道","2024-01-26 20:00:00","繁星与云","是不是每个大版本都会有一个OP啊，好好听[打call]","7975","2024-01-26 20:00:58","204957783616","1177324433"
"《崩坏：星穹铁道》OP：「不眠之夜」","BV1me411n7eu","241638384","崩坏星穹铁道","2024-01-26 20:00:00","枫落Jack","看到烧鸡老师前： 绚丽的背景，精彩的打戏，令人沉醉的星际大酒店  看到烧鸡老师后： 噔！噔！ 破碎前的美梦，各方势力的角逐，令人梦碎的幻境  （呜呜呜，能不能给个活的啊）","6264","2024-01-26 22:25:42","204980954608","179221245"
"《崩坏：星穹铁道》OP：「不眠之夜」","BV1me411n7eu","241638384","崩坏星穹铁道","2024-01-26 20:00:00","樱恒","都八月了，肯定没热度了，过100赞翻唱中文，200赞英文也唱[脱单doge][脱单doge]","1202","2024-08-07 14:25:47","236248984192","430585682"
"《崩坏：星穹铁道》OP：「不眠之夜」","BV1me411n7eu","241638384","崩坏星穹铁道","2024-01-26 20:00:00","天堂铝普","海澜之家 [doge] (音乐快快端上来罢(喜)","872","2024-01-26 20:02:00","204957837440","1748959268"
"《崩坏：星穹铁道》OP：「不眠之夜」","BV1me411n7eu","241638384","崩坏星穹铁道","2024-01-26 20:00:00","陶典典","这次前瞻我都不知道怎么形容了，从一开始到结束我的心路历程be like： 还有大的？ 卧槽还有大的？ 你总不能还有吧？ 你怎么这么疯啊！！ 别塞了别塞了吃不下了！！ 你！！还有高手？？ 要撑死了，撑..死..了......被撑死 免费20连！垂死病中惊坐起！ 动画短片？？？？？？？ 嘉年华？？？ 宝宝你真的不到一岁吗？？？？","2448","2024-01-26 20:31:07","204962364944","370910889"
"《崩坏：星穹铁道》OP：「不眠之夜」","BV1me411n7eu","241638384","崩坏星穹铁道","2024-01-26 20:00:00","千莺知雨","我已经见不得她坠落了[墨镜]","949","2024-01-26 20:27:59","204961759808","3493078142814869"
"《崩坏：星穹铁道》OP：「不眠之夜」","BV1me411n7eu","241638384","崩坏星穹铁道","2024-01-26 20:00:00","陶典典","这次前瞻我都不知道怎么形容了，从一开始到结束我的心路历程be like： 还有大的？ 卧槽还有大的？ 你总不能还有吧？ 你怎么这么疯啊！！ 别塞了别塞了吃不下了！！ 你！！还有高手？？ 要撑死了，撑..死..了......被撑死 免费20连！垂死病中惊坐起！ 动画短片？？？？？？？ 嘉年华？？？ 宝宝你真的不到一岁吗？？？？","2448","2024-01-26 20:31:07","204962364944","370910889"
"《崩坏：星穹铁道》OP：「不眠之夜」","BV1me411n7eu","241638384","崩坏星穹铁道","2024-01-26 20:00:00","多-面-硬-币","？两天了 时刻保持千人在线观看 昨天前天凌晨甚至万人？ 真不眠呗[笑哭]","1152","2024-01-28 13:04:39","205209906464","194568506"
"《崩坏：星穹铁道》OP：「不眠之夜」","BV1me411n7eu","241638384","崩坏星穹铁道","2024-01-26 20:00:00","请自行填写","才发现杰哥把这首歌的链接发在自己微博，怪不得人多的离谱[笑哭]","3324","2024-01-30 16:54:50","205550445904","35669532"
"《崩坏：星穹铁道》OP：「不眠之夜」","BV1me411n7eu","241638384","崩坏星穹铁道","2024-01-26 20:00:00","゚゚゚゚゚三月七","1月27日 0：00    有300万播放 1月27日 17：30    有515万播放 我不好说[脸红]","2134","2024-01-27 17:30:29","205087987648","35427105"
"《崩坏：星穹铁道》OP：「不眠之夜」","BV1me411n7eu","241638384","崩坏星穹铁道","2024-01-26 20:00:00","一季烟雨凉ノ","不敢想象米站要是不压热度这播放量得长得多恐怖[doge]","998","2024-01-27 17:27:25","205087553680","1622503202"
"《崩坏：星穹铁道》OP：「不眠之夜」","BV1me411n7eu","241638384","崩坏星穹铁道","2024-01-26 20:00:00","民国豌豆","2.0这么多牛鬼蛇神齐聚一堂，我严重怀疑咱们到的地方真名不是匹诺康尼而是卡迪亚。[笑哭][笑哭]","2253","2024-01-26 20:06:32","204958473984","484465441"
"《崩坏：星穹铁道》OP：「不眠之夜」","BV1me411n7eu","241638384","崩坏星穹铁道","2024-01-26 20:00:00","蓝-蓝-路-","有没有什么大神把1.*版本剧情做成电影，就用星间旅行做片头曲，求求了！[跪了]","970","2024-01-26 20:31:05","204962412496","142504607"
"《崩坏：星穹铁道》OP：「不眠之夜」","BV1me411n7eu","241638384","崩坏星穹铁道","2024-01-26 20:00:00","-BQPI-","7AZGNB2CL77G QAHHPSKUM7N4 目前出了两个了[脱单doge]","1013","2024-01-26 20:02:25","204957941360","1014391410"
"《崩坏：星穹铁道》OP：「不眠之夜」","BV1me411n7eu","241638384","崩坏星穹铁道","2024-01-26 20:00:00","蓝水盈","你们中文请了谁！[哦呼]","771","2024-01-26 20:15:10","204959812640","49789921"
"《崩坏：星穹铁道》OP：「不眠之夜」","BV1me411n7eu","241638384","崩坏星穹铁道","2024-01-26 20:00:00","起名什么的真的太烦了","好家伙，QQ音乐飙升榜第一、热歌榜第二、新歌榜第一、音乐指数榜第一","824","2024-01-28 12:00:05","205200963664","483284321"
"《崩坏：星穹铁道》OP：「不眠之夜」","BV1me411n7eu","241638384","崩坏星穹铁道","2024-01-26 20:00:00","萌新12972734号","难蚌，这就是网友们所说的米站吗，直接搜都搜不到[藏狐]","862","2024-01-29 19:44:44","205419435280","3493139375458693"
"《崩坏：星穹铁道》OP：「不眠之夜」","BV1me411n7eu","241638384","崩坏星穹铁道","2024-01-26 20:00:00","路过的せかいの破坏者","还有这个[打call]","346","2024-01-27 00:56:39","205002383856","349977670"
"《崩坏：星穹铁道》OP：「不眠之夜」","BV1me411n7eu","241638384","崩坏星穹铁道","2024-01-26 20:00:00","没关系的不用睡觉","杰哥刚发wb官方认证开星，真的5g冲浪笑死了","710","2024-01-30 00:32:39","205464571680","266006613"
"《崩坏：星穹铁道》OP：「不眠之夜」","BV1me411n7eu","241638384","崩坏星穹铁道","2024-01-26 20:00:00","ASAHI-_-_","居然没有版本pv吗[哦呼]","576","2024-01-26 20:27:28","204961782208","35689654"
"《崩坏：星穹铁道》OP：「不眠之夜」","BV1me411n7eu","241638384","崩坏星穹铁道","2024-01-26 20:00:00","成分不明蕉","我们群有人忘带钥匙了，然后[喜极而泣]","549","2024-02-13 13:29:19","207835343984","670931513"
"《崩坏：星穹铁道》OP：「不眠之夜」","BV1me411n7eu","241638384","崩坏星穹铁道","2024-01-26 20:00:00","好多舰长","现在看来，星期日不是晕车，而是不想见冒牌货","560","2024-02-07 11:55:42","206843943504","322239731"
"《崩坏：星穹铁道》OP：「不眠之夜」","BV1me411n7eu","241638384","崩坏星穹铁道","2024-01-26 20:00:00","凌雲雲雲","你别说，星穹铁道真的有这样的魅力，整场前瞻看下来全是乐子，一直笑不停。而且全程的弹幕都很舒服～ 我现在终于明白啊哈为什么那么强咯，任何节奏，只要我们不在意，都是乐子～","1745","2024-01-26 20:47:34","204965121104","60248744"
"《崩坏：星穹铁道》OP：「不眠之夜」","BV1me411n7eu","241638384","崩坏星穹铁道","2024-01-26 20:00:00","匣里小星","离谱！水龙吟和轻涟都没冲进前十，你不眠之夜直接一天榜一[笑哭][妙啊]","573","2024-01-28 14:37:38","205222024896","1809422363"
"《崩坏：星穹铁道》OP：「不眠之夜」","BV1me411n7eu","241638384","崩坏星穹铁道","2024-01-26 20:00:00","-娄台倒影入池塘-","你们别太荒谬了[笑哭]都1点了还3000+在看[笑哭]这下真不眠之夜了","634","2024-01-29 01:04:26","205312392032","546617796"
"《崩坏：星穹铁道》OP：「不眠之夜」","BV1me411n7eu","241638384","崩坏星穹铁道","2024-01-26 20:00:00","-杯酒醉姑苏-","我感觉多数人要住在这个视频里了[辣眼睛]","388","2024-01-27 02:19:49","205008999376","22891101"
"《崩坏：星穹铁道》OP：「不眠之夜」","BV1me411n7eu","241638384","崩坏星穹铁道","2024-01-26 20:00:00","巴索克BASOK","啊，趁现在没啥热度了，点赞超218，21号我直播玩老头环dlc[脱单doge]","453","2024-06-11 14:35:28","225782136400","1703940945"
"《崩坏：星穹铁道》OP：「不眠之夜」","BV1me411n7eu","241638384","崩坏星穹铁道","2024-01-26 20:00:00","外碧芭卟","卧槽 1点钟有9K在线。真就不睡觉呗[笑哭][笑哭][笑哭][笑哭]","429","2024-01-27 01:02:06","205002873584","454321900"
"《崩坏：星穹铁道》OP：「不眠之夜」","BV1me411n7eu","241638384","崩坏星穹铁道","2024-01-26 20:00:00","崩坏星穹铁道","全新匹诺康尼中文主题曲《不眠之夜》完整音频版将于1月27日0点正式上线。 欢迎开拓者前往QQ音乐、酷狗音乐、酷我音乐收听~ QQ音乐：https://y.qq.com/n3/client/pages/reserve_v2/index.html?id=2370 酷狗音乐：https://activity.kugou.com/vo-activity/4b482a50-5939-11ea-bdd6-2938438cfef4/detail.html?id=2887&chi=518 酷我音乐：https://h5app.kuwo.cn/m/uat_songReservation/details.html?id=194","41343","2024-01-26 20:55:31","204966400240","1340190821"
"《崩坏：星穹铁道》OP：「不眠之夜」","BV1me411n7eu","241638384","崩坏星穹铁道","2024-01-26 20:00:00","若生死并无界线","现在热度已经过去了，我点赞过200直接翻唱","322","2024-08-12 17:10:39","237284160592","3494352873589152"
"《崩坏：星穹铁道》OP：「不眠之夜」","BV1me411n7eu","241638384","崩坏星穹铁道","2024-01-26 20:00:00","纳西妲OfficiaI","还是中文版好听，不是说英文版不好听，而是中文歌词更有味道一下","501","2024-01-26 20:44:11","204964520512","438041666"
"《崩坏：星穹铁道》OP：「不眠之夜」","BV1me411n7eu","241638384","崩坏星穹铁道","2024-01-26 20:00:00","星痕幻夢","安全？阳光？温暖？你猜我信不信？","310","2024-01-26 20:27:35","204961737808","1115409694"
"《崩坏：星穹铁道》OP：「不眠之夜」","BV1me411n7eu","241638384","崩坏星穹铁道","2024-01-26 20:00:00","宋不亦乐","我本来还有点小遗憾这次OP刚好又没轮到星出镜，直到我看到有大佬把星的模套到了穹的动作上，我突然意识到这OP星没出场是对的，这舞有门槛只能穿裤子的人跳[笑哭][妙啊]","3201","2024-01-31 07:59:21","205644686336","508473559"
"《崩坏：星穹铁道》OP：「不眠之夜」","BV1me411n7eu","241638384","崩坏星穹铁道","2024-01-26 20:00:00","不就是个会员嘛","🎼🎷～😎🎩～💃💃 车窗外🏎这夜色🌌流光溢彩♪🍸 别忘了😧闭上眼😲才算醒来♪📚 你参演🎭这场戏🎏变换姿态♪😜😜 谜底🃏 结局🔯 我该🧐 怎么猜🤯🤯 🎇记忆是梦的😁开场白～🎇 伤疤被掩盖📱昨日还在📸 🌠时间在静候你醒来～🌠 ⏰😎Take me away～😎⏰ 别再破碎💃💃别再枯萎🎰🥀 继续沉醉🤤自我迂回😍 最后品味🍸永恒的滋味🥂 下一场那夜的梦💤再相会🔯 越是虚伪💃💃越是完美🗡🗡 美梦入睡😪😪绝望轮回😩😩 一闭一睁👀便开始倒退🕞🕧 下一场那夜的梦🌌👊再相会😘😘 🎉🎉💃💃💃🎉🎉","639","2024-01-29 12:12:18","205355975328","22275830"
"《崩坏：星穹铁道》OP：「不眠之夜」","BV1me411n7eu","241638384","崩坏星穹铁道","2024-01-26 20:00:00","月律戬晚","听我说！崩铁制作组他们藏了！因为这OP有四个版本！四国语言都有！去QQ音乐那看！","3869","2024-01-27 00:32:02","204999747904","262285991"
"《崩坏：星穹铁道》OP：「不眠之夜」","BV1me411n7eu","241638384","崩坏星穹铁道","2024-01-26 20:00:00","别解释了快醒醒吧","卧槽卧槽！最爱的歌手和游戏联动了，我杰哥，我疯了，我要疯了啊啊啊啊！啊！谁懂啊！！！！！[大哭][大哭][大哭][大哭]","359","2024-01-26 20:10:07","204959078272","18643269"
"《崩坏：星穹铁道》OP：「不眠之夜」","BV1me411n7eu","241638384","崩坏星穹铁道","2024-01-26 20:00:00","cn-游浩贤","健康，阳光，快乐…… 我要是没玩过的乐土不认识烧鸡老师我就真信了[笑]","402","2024-01-26 20:29:03","204961978432","272838987"
"《崩坏：星穹铁道》OP：「不眠之夜」","BV1me411n7eu","241638384","崩坏星穹铁道","2024-01-26 20:00:00","胀又不胀","真的很有张杰未live专辑里《做梦》这首歌的感觉","319","2024-01-26 20:30:05","204962197296","98088832"
"《崩坏：星穹铁道》OP：「不眠之夜」","BV1me411n7eu","241638384","崩坏星穹铁道","2024-01-26 20:00:00","云之念丶","热度过了吧，都多久了，点赞过100激情翻唱[脱单doge]","271","2024-07-27 07:28:14","233889343792","349549109"
"《崩坏：星穹铁道》OP：「不眠之夜」","BV1me411n7eu","241638384","崩坏星穹铁道","2024-01-26 20:00:00","day那么无奈","虽然都好听但是张杰的天赋真的无敌，四个版本停下来高音这哥们独一档[笑哭]","604","2024-01-27 01:36:29","205006058448","13316777"
"《崩坏：星穹铁道》OP：「不眠之夜」","BV1me411n7eu","241638384","崩坏星穹铁道","2024-01-26 20:00:00","伍梓期","？你好像一位故人","302","2024-01-26 20:03:57","204958258912","435504511"
"《崩坏：星穹铁道》OP：「不眠之夜」","BV1me411n7eu","241638384","崩坏星穹铁道","2024-01-26 20:00:00","华冬春萤","热度过了吧，都多久了，点赞过100激情翻唱[脱单doge]","276","2024-07-27 21:50:24","234039701040","3461562830424680"
"《崩坏：星穹铁道》OP：「不眠之夜」","BV1me411n7eu","241638384","崩坏星穹铁道","2024-01-26 20:00:00","顾南山南下東山","好喜欢这流光溢彩！","275","2024-01-26 20:01:40","204957820608","19849344"
"《崩坏：星穹铁道》OP：「不眠之夜」","BV1me411n7eu","241638384","崩坏星穹铁道","2024-01-26 20:00:00","十九的月亮特别圆","点赞过50我就做顶针版本的[doge]已经有灵感了[傲娇]","423","2024-02-03 19:00:38","206220780976","669433680"
"《崩坏：星穹铁道》OP：「不眠之夜」","BV1me411n7eu","241638384","崩坏星穹铁道","2024-01-26 20:00:00","迷茫的草履虫-","xdm看大家都在整活那我也整一个，点赞过一百就翻唱[脱单doge]","246","2024-07-07 18:58:19","230165189424","1787338680"
"《崩坏：星穹铁道》OP：「不眠之夜」","BV1me411n7eu","241638384","崩坏星穹铁道","2024-01-26 20:00:00","没关系的不用睡觉","传下去，杰哥说演唱会要唱这首的Live版","267","2024-01-30 19:27:42","205574500352","266006613"
"《崩坏：星穹铁道》OP：「不眠之夜」","BV1me411n7eu","241638384","崩坏星穹铁道","2024-01-26 20:00:00","゚崩坏3第一偶像薇塔","流萤不会只是主角梦中的角色吧 加上编剧是烧鸡 我感觉这篇主线最后流萤大概率会没（","255","2024-01-26 20:50:20","204965539376","511089955"
"《崩坏：星穹铁道》OP：「不眠之夜」","BV1me411n7eu","241638384","崩坏星穹铁道","2024-01-26 20:00:00","凤迹先生","流萤碎了，黄泉哭了，多么温暖而阳光啊[墨镜]","231","2024-01-26 21:32:56","204972438048","646375833"
"《崩坏：星穹铁道》OP：「不眠之夜」","BV1me411n7eu","241638384","崩坏星穹铁道","2024-01-26 20:00:00","坡亚","再次重温，流萤说她尝试了十一次都失败了，而这条长廊前面正好有十一个男主，只有最后第十二个男主进入了下一个阶段[doge]","102","2024-04-02 07:43:02","215027829440","1114863532"
"《崩坏：星穹铁道》OP：「不眠之夜」","BV1me411n7eu","241638384","崩坏星穹铁道","2024-01-26 20:00:00","等待mhy道歉的米游伥","我靠？！有刀？！ 你别最后告我这里的流萤只在梦中存在啊！","238","2024-01-26 20:25:34","204961355968","10896289"
"《崩坏：星穹铁道》OP：「不眠之夜」","BV1me411n7eu","241638384","崩坏星穹铁道","2024-01-26 20:00:00","未来fg","话说回来，实机萨姆战萨姆不是正常的红色火焰吗，耶佩拉叛乱pv里也是红色火焰，和黄泉对a的时候那绿色的光焰尾翼怎么那么像流萤的配色啊","263","2024-01-27 10:14:10","205031180064","33585954"
"《崩坏：星穹铁道》OP：「不眠之夜」","BV1me411n7eu","241638384","崩坏星穹铁道","2024-01-26 20:00:00","春枝青","前半段感觉英文也不错，不过到了高音的地方张杰唱的赢麻了","191","2024-01-26 22:59:19","204986599520","16575117"
"《崩坏：星穹铁道》OP：「不眠之夜」","BV1me411n7eu","241638384","崩坏星穹铁道","2024-01-26 20:00:00","浅唱魔音","这流萤越看越有绘梨衣的感觉[辣眼睛]但是咱的球棒不至于慢一步吧。。。不会吧？[辣眼睛]","253","2024-01-26 23:29:07","204991245840","301435696"
"《崩坏：星穹铁道》OP：「不眠之夜」","BV1me411n7eu","241638384","崩坏星穹铁道","2024-01-26 20:00:00","新号别搞111111","应该没热度了吧……点赞过十我就翻唱[妙啊]","201","2024-07-29 13:03:34","234355409744","408799620"
"《崩坏：星穹铁道》OP：「不眠之夜」","BV1me411n7eu","241638384","崩坏星穹铁道","2024-01-26 20:00:00","甘之若饴の刘伟奇","[抱拳]","98","2024-02-08 18:29:24","207083135808","1326219464"
"《崩坏：星穹铁道》OP：「不眠之夜」","BV1me411n7eu","241638384","崩坏星穹铁道","2024-01-26 20:00:00","云石bibibi","给各位朋友们看看明目张胆的买播放量是什么样子的。（图是刚截的，视频刚发那几天更假） 米哈游的游戏现在在哔站被压热度很久了，除非给超过正常宣发很多的大钱，比如这不眠之夜昨天你都搜不到官方视频二创却在前排，还会缩减推送和不上首页等。哔站的播放量现在已经可以明目张胆的买了，王者荣耀/白荆回廊，一个三个半小时长度无分P视频很快就一千万播放，俩千评论后来涨了弹幕，一个700W播放现在还是2000弹幕评论。","133","2024-01-28 19:36:42","205263200272","51922021"
"《崩坏：星穹铁道》OP：「不眠之夜」","BV1me411n7eu","241638384","崩坏星穹铁道","2024-01-26 20:00:00","aoeas666666","没人是吧？点赞过五十我翻唱[doge] 赌我一个小保底，没做到就角色池歪掉[doge]","185","2024-07-22 11:10:44","232900673840","393857238"
"《崩坏：星穹铁道》OP：「不眠之夜」","BV1me411n7eu","241638384","崩坏星穹铁道","2024-01-26 20:00:00","多喜多喜多郁代","00:42 那一段男主一共出现了十二次，2.1剧情里，流萤说受到了11次阻拦，真的细啊米桑[笑哭]","92","2024-04-05 12:51:38","215501698112","101162064"
"《崩坏：星穹铁道》OP：「不眠之夜」","BV1me411n7eu","241638384","崩坏星穹铁道","2024-01-26 20:00:00","暖言瞄猫","我不信现在还能有热度，点赞20翻唱","361","2024-08-11 13:53:37","237056728304","3493272282466818"
"《崩坏：星穹铁道》OP：「不眠之夜」","BV1me411n7eu","241638384","崩坏星穹铁道","2024-01-26 20:00:00","NotAngry13","肯定没热度了，要是能过100赞唱不眠之夜[脱单doge][妙啊][吃瓜]。别赞要脸哈哈哈[辣眼睛][辣眼睛]不好听","165","2024-07-23 19:35:22","233187812912","3546671420017635"
"《崩坏：星穹铁道》OP：「不眠之夜」","BV1me411n7eu","241638384","崩坏星穹铁道","2024-01-26 20:00:00","昭衢","点赞过100翻唱（跟风.jpg","162","2024-07-27 00:15:59","233859519024","1400727298"
"《崩坏：星穹铁道》OP：「不眠之夜」","BV1me411n7eu","241638384","崩坏星穹铁道","2024-01-26 20:00:00","十三月的梦呓","？电表倒转了？刚刚不是790w？怎么还少了？[妙啊]我眼花了？","156","2024-01-28 19:23:07","205261026752","277689039"
"《崩坏：星穹铁道》OP：「不眠之夜」","BV1me411n7eu","241638384","崩坏星穹铁道","2024-01-26 20:00:00","天空舞さん","热度肯定过了，点赞过100点赞的翻唱。[doge][doge][doge]","153","2024-07-14 20:17:36","231448103216","384698520"
"《崩坏：星穹铁道》OP：「不眠之夜」","BV1me411n7eu","241638384","崩坏星穹铁道","2024-01-26 20:00:00","充大会员就剁手","家人们来看乐子[doge]","183","2024-01-29 08:44:52","205332482032","498390343"
"《崩坏：星穹铁道》OP：「不眠之夜」","BV1me411n7eu","241638384","崩坏星穹铁道","2024-01-26 20:00:00","-不凌雨-","最开始从更新前就有的任务标题『是谁杀死了......』猜的是知更鸟死了，结果做到后面发现是流萤死了，结果做到最后发现原来是两个都死了......[墨镜]","181","2024-02-06 16:12:58","206706366592","1065988205"
"《崩坏：星穹铁道》OP：「不眠之夜」","BV1me411n7eu","241638384","崩坏星穹铁道","2024-01-26 20:00:00","闪烁的泪水化为繁星","演唱会没听到中文版，所以特意过来听一遍，我说的对吗[脱单doge][脱单doge]","158","2024-05-01 21:01:44","219411903856","31644925"
"《崩坏：星穹铁道》OP：「不眠之夜」","BV1me411n7eu","241638384","崩坏星穹铁道","2024-01-26 20:00:00","晚雪chachazi","现在热度肯定过去了，点赞过五十直接翻唱[脱单doge][脱单doge]","141","2024-07-21 19:38:12","232793847024","3494370860862353"
"《崩坏：星穹铁道》OP：「不眠之夜」","BV1me411n7eu","241638384","崩坏星穹铁道","2024-01-26 20:00:00","银会长OVO","张杰：你们怎么想到让我来的 官方：我们这个游戏只是擅长玩梗…[doge] 张杰：什么梗啊？ 官方：我们在宇宙中旅行…… 张杰：……[捂脸]","20075","2024-01-27 00:58:03","205002657008","175536901"
"《崩坏：星穹铁道》OP：「不眠之夜」","BV1me411n7eu","241638384","崩坏星穹铁道","2024-01-26 20:00:00","xiaox桑","热度过去了应该没人看到了吧，点赞过500直接倒立翻唱[doge]","132","2024-07-22 17:29:59","232964976000","663944277"
"《崩坏：星穹铁道》OP：「不眠之夜」","BV1me411n7eu","241638384","崩坏星穹铁道","2024-01-26 20:00:00","欧了个超级大耶","不可能有人在看了吧？[妙啊]点赞过50就唱","134","2024-07-28 17:14:38","234193503232","1944512683"
"《崩坏：星穹铁道》OP：「不眠之夜」","BV1me411n7eu","241638384","崩坏星穹铁道","2024-01-26 20:00:00","御坂00391号","烧鸡编剧，姬子带队，流萤消散，黄泉流泪，萨姆翅膀和闭眼，还有歌词，我已经开始汗流浃背了[藏狐]","336","2024-01-26 21:27:45","204971610080","382434651"
"《崩坏：星穹铁道》OP：「不眠之夜」","BV1me411n7eu","241638384","崩坏星穹铁道","2024-01-26 20:00:00","aueyuy","感觉有问题，直接搜不眠之夜没有官方视频，点个播放最多才出现。。","155","2024-01-29 20:11:00","205423673600","1212780912"
"《崩坏：星穹铁道》OP：「不眠之夜」","BV1me411n7eu","241638384","崩坏星穹铁道","2024-01-26 20:00:00","不存在的路人丁","好家伙，去了qq音乐才知道有四个版本： 看到个评论挺有道理： 中版-爷对流萤 英版-流萤对爷 韩版-爷自述 日版-流萤自述","205","2024-01-27 11:38:02","205041546160","406271034"
"《崩坏：星穹铁道》OP：「不眠之夜」","BV1me411n7eu","241638384","崩坏星穹铁道","2024-01-26 20:00:00","仔亻子","这幅图看到的时候我恍惚了[捂眼]","154","2024-01-26 20:34:00","204962843296","226595305"
"《崩坏：星穹铁道》OP：「不眠之夜」","BV1me411n7eu","241638384","崩坏星穹铁道","2024-01-26 20:00:00","我们史同怎么别人了","没人了对吧过三十赞翻唱不眠之夜","135","2024-08-10 17:01:32","236886402912","1574375985"
"《崩坏：星穹铁道》OP：「不眠之夜」","BV1me411n7eu","241638384","崩坏星穹铁道","2024-01-26 20:00:00","千虑千伤","下面是你们的寒假剩余时间[OK]","229","2024-02-16 10:52:32","208289832352","652162471"
"《崩坏：星穹铁道》OP：「不眠之夜」","BV1me411n7eu","241638384","崩坏星穹铁道","2024-01-26 20:00:00","空与星铃","哈，都2.4了没人了，破50我那喇叭在天台唱","126","2024-07-19 20:29:28","232414648464","3546386886822833"
"《崩坏：星穹铁道》OP：「不眠之夜」","BV1me411n7eu","241638384","崩坏星穹铁道","2024-01-26 20:00:00","雲灬柒","车窗外🏎 这夜色⛺️ 流光溢彩🌠 别忘了👌🏻 闭上眼😇 才算醒来😃 你参演💄 这场戏💃🏻 变换姿态👻 谜底🧠 结局 👇🏻 我该👴🏻 怎么猜🤔  记忆是梦的开场白🤩 伤疤被掩盖💅🏻 昨日还在🥰 时间在静候你醒来😇 Take me away😫 别再破碎 别再枯萎😩 继续沉醉 自我迂回🥵 最后品味 永恒的滋味🥺 下一场那夜的梦 再相会🤗  越是虚伪 越是完美🤤 美梦入睡 绝望轮回😴 一闭一睁 便开始倒退🥴 下一场那夜的梦 再相会😎","384","2024-01-27 15:54:24","205075392576","1646297730"
"《崩坏：星穹铁道》OP：「不眠之夜」","BV1me411n7eu","241638384","崩坏星穹铁道","2024-01-26 20:00:00","一只洛小白","我就说咋这么熟悉，去后崩攒sp放了个大，果然（闭目）","149","2024-01-26 20:36:51","204963372096","87161516"
"《崩坏：星穹铁道》OP：「不眠之夜」","BV1me411n7eu","241638384","崩坏星穹铁道","2024-01-26 20:00:00","哈利路大旋风-","🎼🎷～😎🎩～💃💃 车窗外🏎这夜色🌌流光溢彩♪🍸 别忘了😧闭上眼😲才算醒来♪📚 你参演🎭这场戏🎏变换姿态♪😜😜 谜底🃏 结局🔯 我该🧐 怎么猜🤯🤯 🎇记忆是梦的😁开场白～🎇 伤疤被掩盖📱昨日还在📸 🌠时间在静候你醒来～🌠 ⏰😎Take me away～😎⏰ 别再破碎💃💃别再枯萎🎰🥀 继续沉醉🤤自我迂回😍 最后品味🍸永恒的滋味🥂 下一场那夜的梦💤再相会🔯 越是虚伪💃💃越是完美🗡🗡 美梦入睡😪😪绝望轮回😩😩 一闭一睁👀便开始倒退🕞🕧 下一场那夜的梦🌌👊再相会😘😘 🎉🎉💃💃💃🎉🎉","140","2024-01-29 10:30:50","205342918912","522900724"
"《崩坏：星穹铁道》OP：「不眠之夜」","BV1me411n7eu","241638384","崩坏星穹铁道","2024-01-26 20:00:00","咔诺啵啵酱OuO","她好好看呜呜呜呜","146","2024-01-26 20:13:38","204959576624","5142450"
"《崩坏：星穹铁道》OP：「不眠之夜」","BV1me411n7eu","241638384","崩坏星穹铁道","2024-01-26 20:00:00","烬cinder","截止到2024/1/29  22：19，千万播放达成，望周知","145","2024-01-29 22:24:47","205445157600","3493082054003567"
"《崩坏：星穹铁道》OP：「不眠之夜」","BV1me411n7eu","241638384","崩坏星穹铁道","2024-01-26 20:00:00","有光游历人间","这老歌肯定没人听了罢！要能点赞过五百我翻唱[黎明觉醒_哼白眼鸦]","121","2024-07-09 13:51:19","230472318000","28159992"
"《崩坏：星穹铁道》OP：「不眠之夜」","BV1me411n7eu","241638384","崩坏星穹铁道","2024-01-26 20:00:00","爱开联爱喜灰爱国漫","现在明白为什么会有一个狗的视角撞米莎了吗？[墨镜]","60","2024-05-09 22:21:29","220659022800","1822671372"
"《崩坏：星穹铁道》OP：「不眠之夜」","BV1me411n7eu","241638384","崩坏星穹铁道","2024-01-26 20:00:00","堕河Fallinlove","@《崩坏：星穹铁道》OP：「不眠之夜」 中文演唱者：张杰 车窗外 这夜色 流光溢彩 别忘了 闭上眼 才算醒来 你参演 这场戏 变换姿态 谜底 结局  我该 怎么猜  记忆是梦的开场白 伤疤被掩盖 昨日还在 时间在静候你醒来 Take me away 别再破碎 别再枯萎 继续沉醉 自我迂回 最后品味 永恒的滋味 下一场那夜的梦 再相会  越是虚伪 越是完美 美梦入睡 绝望轮回 一闭一睁 便开始倒退 下一场那夜的梦 再相会","1612","2024-01-26 20:35:20","204963128352","1157293137"
"《崩坏：星穹铁道》OP：「不眠之夜」","BV1me411n7eu","241638384","崩坏星穹铁道","2024-01-26 20:00:00","vdream茫然","匹诺康尼的伏笔还有很多没回收，下版本的“后日谈”估计会比仙舟的后日谈长很多。 1.星核还没封印。 2.梦主还没对付。 3.流萤第三次“死亡”还没着落。 4.翡翠的基石伏笔还没回收，反而又提了一次。（下版本up翡翠，恐怕她跟流萤戏份都不少） 5.砂金去了一趟流梦礁，得到了什么让翡翠说他是最大赢家？又是凭什么认为会被升职p46？ 6.波提欧找砂金。 7.星期日知更鸟兄妹的处境。 8.花火的按钮连续三个版本出现了很多次，肯定不会草草遗忘的。 9.花火受雇于谁？（鸢尾花家主应该是雇佣花火假扮知更鸟，而不是从一开始找花火来操盘） 10.两次报幕都有“梦主  饰  星期日的仆人。歌斐木  饰   梦主。”如果不是指的“星期日的仆从指的那些鸟以及被操控的人，歌斐木这个梦主扮演鸟以及操控人”的话，歌斐木可能不是梦主。这也对应了“操控星核的另有其人”，那么操控星核的人是谁？          最重要的是。歌词里有一句，伏笔没解开，悬念还在。","145","2024-05-09 00:49:11","220530817424","359323836"
"《崩坏：星穹铁道》OP：「不眠之夜」","BV1me411n7eu","241638384","崩坏星穹铁道","2024-01-26 20:00:00","十分甚至九分好评","200万播放没进热门前十尽显颓势 80万播放热门第一方显b站本色 备注：我个人热门榜单，第一的没看没点赞至今还在第一，这个视频三连了依旧不进前十","490","2024-01-26 23:13:19","204988846576","252053163"
"《崩坏：星穹铁道》OP：「不眠之夜」","BV1me411n7eu","241638384","崩坏星穹铁道","2024-01-26 20:00:00","梦-还有多远","现在热度过去了，我点赞过152直接翻唱","117","2024-07-21 00:10:31","232650681056","1959313328"
"《崩坏：星穹铁道》OP：「不眠之夜」","BV1me411n7eu","241638384","崩坏星穹铁道","2024-01-26 20:00:00","栗子不给你吃","张杰这唱功绝了！！[委屈]穹宝好帅！！砂金好帅！！！谁懂啊因为一首歌一个pv爱上砂金！我的审美是真的高度统一，丹恒老师男主穹现在多了砂金，清一色青年体型[笑哭][笑哭]本质上来说就是爱小年轻哈哈哈哈","121","2024-01-27 19:19:40","205104583504","10807552"
"《崩坏：星穹铁道》OP：「不眠之夜」","BV1me411n7eu","241638384","崩坏星穹铁道","2024-01-26 20:00:00","超人机的小黑","应该没热度了吧，整个活：点赞过二十翻唱[doge][支持]","111","2024-08-05 21:59:42","235912339616","2103602929"
"《崩坏：星穹铁道》OP：「不眠之夜」","BV1me411n7eu","241638384","崩坏星穹铁道","2024-01-26 20:00:00","LQINGO","家人们胡乱截图，好像截到星了[妙啊][妙啊][妙啊]","132","2024-01-26 20:45:27","204964681840","624604754"
"《崩坏：星穹铁道》OP：「不眠之夜」","BV1me411n7eu","241638384","崩坏星穹铁道","2024-01-26 20:00:00","SallyJohnson","4000多哥们别听了，谁懂凌晨两点半了还这么多人在听的含金量啊。。。发出来6个小时，还是晚上八点发的，300w播放了，我都不敢想象明早会不会更快","119","2024-01-27 02:40:06","205010072576","1872035484"
"《崩坏：星穹铁道》OP：「不眠之夜」","BV1me411n7eu","241638384","崩坏星穹铁道","2024-01-26 20:00:00","bili_1718823941","哦？","55","2024-06-26 22:14:09","228309740672","1718823941"
"《崩坏：星穹铁道》OP：「不眠之夜」","BV1me411n7eu","241638384","崩坏星穹铁道","2024-01-26 20:00:00","O2-F5","趁人少来玩好玩的 赞过一百在浴室翻唱[脱单doge]","114","2024-06-16 19:30:09","226649390320","1553881140"
"《崩坏：星穹铁道》OP：「不眠之夜」","BV1me411n7eu","241638384","崩坏星穹铁道","2024-01-26 20:00:00","孜孜_吱","啊啊啊啊啊啊气晕了玩帕鲁错过萤火虫萨姆镜头了我来看你了宝宝","123","2024-01-26 20:01:35","204957738560","114775624"
"《崩坏：星穹铁道》OP：「不眠之夜」","BV1me411n7eu","241638384","崩坏星穹铁道","2024-01-26 20:00:00","温柔的傻兵天","我之前想要让张杰来唱崩坏三的歌…实在不行别的游戏也行…然后我就向崩三官方反馈了一下，没想到三年过去成真了？？？？？","113","2024-01-28 09:15:03","205181556368","1581310064"
"《崩坏：星穹铁道》OP：「不眠之夜」","BV1me411n7eu","241638384","崩坏星穹铁道","2024-01-26 20:00:00","崩坏3第一偶像薇酱","萨姆，帅[doge]","121","2024-01-26 20:03:10","204957980304","1184910085"
"《崩坏：星穹铁道》OP：「不眠之夜」","BV1me411n7eu","241638384","崩坏星穹铁道","2024-01-26 20:00:00","这B站无名可取","热度肯定过了，赞破一百直接流萤丰饶单通一波难题12[崩坏：星穹铁道_呆]","104","2024-08-14 00:47:59","237579241520","3461565982443667"
"《崩坏：星穹铁道》OP：「不眠之夜」","BV1me411n7eu","241638384","崩坏星穹铁道","2024-01-26 20:00:00","香橙味的柠檬水","阿B你…之前压了多少次热度了[笑哭]","123","2024-01-27 21:24:10","205124193760","1438548963"
"《崩坏：星穹铁道》OP：「不眠之夜」","BV1me411n7eu","241638384","崩坏星穹铁道","2024-01-26 20:00:00","荡魂山欢迎你","这！都！是！神！么！","48","2024-07-03 16:44:47","229440571136","1064655713"
"《崩坏：星穹铁道》OP：「不眠之夜」","BV1me411n7eu","241638384","崩坏星穹铁道","2024-01-26 20:00:00","变异的废材猫","星在上个pv中二，穹在这个pv耍帅。[笑哭]","5228","2024-01-26 20:04:39","204958295408","7880723"
"《崩坏：星穹铁道》OP：「不眠之夜」","BV1me411n7eu","241638384","崩坏星穹铁道","2024-01-26 20:00:00","素槐舞","啊？！四国版本！藏得挺深呐[脱单doge][脱单doge]","114","2024-01-27 00:36:41","205000325600","286522664"
"《崩坏：星穹铁道》OP：「不眠之夜」","BV1me411n7eu","241638384","崩坏星穹铁道","2024-01-26 20:00:00","挥霍温柔灬","等等 这才三天就要千万了？[笑哭]你们也太猛了","93","2024-01-29 19:32:28","205417515424","86920912"
"《崩坏：星穹铁道》OP：「不眠之夜」","BV1me411n7eu","241638384","崩坏星穹铁道","2024-01-26 20:00:00","DM重度依赖aaa","第一眼觉得眼熟，火速拼了","105","2024-01-26 22:34:49","204982545488","1717517808"
"《崩坏：星穹铁道》OP：「不眠之夜」","BV1me411n7eu","241638384","崩坏星穹铁道","2024-01-26 20:00:00","Madkness","卡妈说得对[脱单doge]","105","2024-01-27 00:21:37","204998478704","354126230"
"《崩坏：星穹铁道》OP：「不眠之夜」","BV1me411n7eu","241638384","崩坏星穹铁道","2024-01-26 20:00:00","咩咩不吃胡萝北","英文版，完全就是写砂金啊[大哭][大哭][大哭]","57","2024-03-29 00:46:23","214420624416","112906485"
"《崩坏：星穹铁道》OP：「不眠之夜」","BV1me411n7eu","241638384","崩坏星穹铁道","2024-01-26 20:00:00","账号已注销","[tv_难过]","43","2024-04-05 18:36:48","215548317472","3546610189469967"
"《崩坏：星穹铁道》OP：「不眠之夜」","BV1me411n7eu","241638384","崩坏星穹铁道","2024-01-26 20:00:00","溅离明明离贱","点赞过100唱，这包没热度的","85","2024-08-23 20:47:28","239681273008","3546626144602550"
"《崩坏：星穹铁道》OP：「不眠之夜」","BV1me411n7eu","241638384","崩坏星穹铁道","2024-01-26 20:00:00","青樾歌","三天破千万，什么逆天[脱单doge]","166","2024-01-29 22:12:48","205443207296","76779167"
"《崩坏：星穹铁道》OP：「不眠之夜」","BV1me411n7eu","241638384","崩坏星穹铁道","2024-01-26 20:00:00","Markepan152","疑似流萤实机爆出","101","2024-01-29 20:39:23","205428126016","2008704448"
"《崩坏：星穹铁道》OP：「不眠之夜」","BV1me411n7eu","241638384","崩坏星穹铁道","2024-01-26 20:00:00","泠愿-117","[鼓掌]","40","2024-02-08 13:06:51","207033747312","10958755"
"《崩坏：星穹铁道》OP：「不眠之夜」","BV1me411n7eu","241638384","崩坏星穹铁道","2024-01-26 20:00:00","那菈空空_","要女主版的能不能看看上个PV是谁啊[笑哭][笑哭]","3138","2024-01-26 20:31:25","204962382080","345050188"
"《崩坏：星穹铁道》OP：「不眠之夜」","BV1me411n7eu","241638384","崩坏星穹铁道","2024-01-26 20:00:00","赢悠白","现在不眠之夜应该不火了吧[脱单doge]两百个赞翻唱不眠之夜好吧","81","2024-07-24 21:22:52","233413083840","401816927"
"《崩坏：星穹铁道》OP：「不眠之夜」","BV1me411n7eu","241638384","崩坏星穹铁道","2024-01-26 20:00:00","今朝胜过往","感觉没什么人了，点赞过50翻唱[脱单doge]","80","2024-07-12 15:06:52","231029808912","1803283053"
"《崩坏：星穹铁道》OP：「不眠之夜」","BV1me411n7eu","241638384","崩坏星穹铁道","2024-01-26 20:00:00","仁言言","张杰你唱的好啊！[tv_点赞]还有 为什么有人质疑啊 这可是张杰 唱功和作品实力那都是公认的[tv_无奈]对我这个00后来说 他是超超超超有名的人[tv_笑哭]","94","2024-01-26 22:23:00","204980621200","38376275"
"《崩坏：星穹铁道》OP：「不眠之夜」","BV1me411n7eu","241638384","崩坏星穹铁道","2024-01-26 20:00:00","琪门头号信徒","让我猜猜你是为什么点开了这个[脱单doge]","38","2024-06-27 12:26:55","228387891776","1551182461"
"《崩坏：星穹铁道》OP：「不眠之夜」","BV1me411n7eu","241638384","崩坏星穹铁道","2024-01-26 20:00:00","她守约我失策","看见烧鸡老师的那刻我承认我慌了[笑哭]","8903","2024-01-26 20:01:48","204957827408","1153264925"
"《崩坏：星穹铁道》OP：「不眠之夜」","BV1me411n7eu","241638384","崩坏星穹铁道","2024-01-26 20:00:00","阿云奶盖不加糖","喜报，q音不眠之夜收藏100w了","89","2024-02-01 15:16:58","205859206912","36355835"
"《崩坏：星穹铁道》OP：「不眠之夜」","BV1me411n7eu","241638384","崩坏星穹铁道","2024-01-26 20:00:00","岳子洵","都已经过去好几天了怎么还在做梦啊！4000+人同时观看什么情况","84","2024-01-29 14:16:48","205373486848","50203815"
"《崩坏：星穹铁道》OP：「不眠之夜」","BV1me411n7eu","241638384","崩坏星穹铁道","2024-01-26 20:00:00","PatrickLmao","回頭看是真的哈人[崩坏3·终焉归始_窒息]","50","2024-03-29 15:40:36","214487014432","35962263"
"《崩坏：星穹铁道》OP：「不眠之夜」","BV1me411n7eu","241638384","崩坏星穹铁道","2024-01-26 20:00:00","幼儿园睡觉比赛冠军","酷狗十万在线人数收听，简直爆炸，张杰+崩铁牛牛的很安心","85","2024-01-28 13:35:44","205214267568","596146589"
"《崩坏：星穹铁道》OP：「不眠之夜」","BV1me411n7eu","241638384","崩坏星穹铁道","2024-01-26 20:00:00","团子-cd","现在再来看，英文版描述的是黄泉和砂金啊。 个人理解： 即便我可能会遗忘你和我是谁（黄泉经常会忘记一些事情） 你在主持一场无法逃脱的魔术，自己也不再有任何事情可做（砂金成为boss，押上全部的筹码甚至自己的性命） 反正自己也不再有任何可失去的人，只需净身前往那一边的世界（砂金和过去的自己道别后，只身一人前往真正的匹诺康尼）","77","2024-03-30 09:44:01","214588482224","269531386"
"《崩坏：星穹铁道》OP：「不眠之夜」","BV1me411n7eu","241638384","崩坏星穹铁道","2024-01-26 20:00:00","火月挽苏","现在热度已经过去，不管点赞多少立马翻唱[星星眼]","79","2024-08-12 18:23:12","237298196672","3537115988101893"
"《崩坏：星穹铁道》OP：「不眠之夜」","BV1me411n7eu","241638384","崩坏星穹铁道","2024-01-26 20:00:00","不败剑仙X","在开始自我介绍之前[脱单doge]，请容许我介绍一下兑换码: 7AZGNB2C77G QAHHPSKUM7N4 RSGG7AKVMP6Q 不用谢我，感谢义父吧！赞美理门！理门永存！[打call][打call][打call]","88","2024-01-26 20:20:38","204960733920","453456902"
"《崩坏：星穹铁道》OP：「不眠之夜」","BV1me411n7eu","241638384","崩坏星穹铁道","2024-01-26 20:00:00","吕康皓","点赞突破1000，我也去清唱一下。 事先说好鄙人，五音不全，声音不好听 愿B站的同志们手下留情啊，不要点不要点不要点。[撇嘴]","1795","2024-02-03 13:38:25","206174788256","3494372083501394"
"《崩坏：星穹铁道》OP：「不眠之夜」","BV1me411n7eu","241638384","崩坏星穹铁道","2024-01-26 20:00:00","cz_B战学习专用号","英文是在唱砂金吗…😢😢😢 愿母神三度为你阖眼      令你的血脉永远鼓动      旅途永远坦然      诡计永不败露","70","2024-03-31 10:56:01","214748720848","481972768"
"《崩坏：星穹铁道》OP：「不眠之夜」","BV1me411n7eu","241638384","崩坏星穹铁道","2024-01-26 20:00:00","--地狱拖拉机-","画了画流萤宝宝[崩坏3·光辉矢愿_安详][崩坏3·光辉矢愿_安详]","90","2024-02-22 23:18:14","209396763040","289206808"
"《崩坏：星穹铁道》OP：「不眠之夜」","BV1me411n7eu","241638384","崩坏星穹铁道","2024-01-26 20:00:00","胡萝卜泡咖啡","8G冲浪的杰哥哈哈哈哈哈哈哈[脱单doge]","84","2024-01-30 07:54:25","205483992384","288288769"
"《崩坏：星穹铁道》OP：「不眠之夜」","BV1me411n7eu","241638384","崩坏星穹铁道","2024-01-26 20:00:00","小鹿部_清野","真是轻松快乐又阳光啊烧鸡老师😎","1143","2024-02-08 17:13:36","207070544432","372782572"
"《崩坏：星穹铁道》OP：「不眠之夜」","BV1me411n7eu","241638384","崩坏星穹铁道","2024-01-26 20:00:00","月光予夜夏微凉","今天是1月31日，4天1200w播放，太恐怖了","67","2024-01-31 11:01:19","205663372096","390424543"
"《崩坏：星穹铁道》OP：「不眠之夜」","BV1me411n7eu","241638384","崩坏星穹铁道","2024-01-26 20:00:00","啧啧啧jxss","恭喜《不眠之夜》用时143小时零10分钟（不到七天）拿下星铁视频播放量第一！[星星眼]（今天双喜临门，1月27日零时上线qq音乐的音源收藏量已突破100万[打call]）","83","2024-02-01 19:11:08","205893523920","394895726"
"《崩坏：星穹铁道》OP：「不眠之夜」","BV1me411n7eu","241638384","崩坏星穹铁道","2024-01-26 20:00:00","苏SuRNAME","这是镜流，她很可爱","80","2024-02-17 02:22:06","208421306624","359929543"
"《崩坏：星穹铁道》OP：「不眠之夜」","BV1me411n7eu","241638384","崩坏星穹铁道","2024-01-26 20:00:00","是落辰啦","一半都开学了，肯定没热度了，点赞过100我上[doge][doge][doge]","34","2024-08-28 16:50:27","240678502224","3546744820337326"
"《崩坏：星穹铁道》OP：「不眠之夜」","BV1me411n7eu","241638384","崩坏星穹铁道","2024-01-26 20:00:00","娜娜娜娜娜娜愛你們","我就不信現在還有人在看 超過100就唱中文版，英文也可以!","68","2024-08-16 04:49:37","238022439328","667432463"
"《崩坏：星穹铁道》OP：「不眠之夜」","BV1me411n7eu","241638384","崩坏星穹铁道","2024-01-26 20:00:00","慕清隆_","烧鸡老师一句话都不能信，这是崩三玩家吸取的教训[笑哭]看见烧鸡老师我就感觉崩铁这 2.0 开拓者难逃一劫","9901","2024-01-26 20:29:38","204962061408","174945001"
"《崩坏：星穹铁道》OP：「不眠之夜」","BV1me411n7eu","241638384","崩坏星穹铁道","2024-01-26 20:00:00","宵宫宝藏女孩","不眠之夜目前是酷狗热搜第一，望各位开拓者周知[脱单doge][脱单doge][脱单doge]","76","2024-01-27 22:30:20","205135112672","510797879"
"《崩坏：星穹铁道》OP：「不眠之夜」","BV1me411n7eu","241638384","崩坏星穹铁道","2024-01-26 20:00:00","Frost酒冥","不知道有没有人注意？丹恒老师的梦境都是鱼耶。","80","2024-01-26 20:11:06","204959183536","287048115"
"《崩坏：星穹铁道》OP：「不眠之夜」","BV1me411n7eu","241638384","崩坏星穹铁道","2024-01-26 20:00:00","寂然秋","巡猎温馨小提示 下面有几个孙吧在反串，为了您的眼睛建议不要往下翻了","87","2024-05-09 17:17:27","220613297568","482436104"
"《崩坏：星穹铁道》OP：「不眠之夜」","BV1me411n7eu","241638384","崩坏星穹铁道","2024-01-26 20:00:00","我是芙宁娜的内裤","有人告诉我一下，前瞻过去多久？这点赞量会不会过于恐怖了？这是原神都没有达到过的速度吧？24万多的点赞量[再见]","174","2024-01-26 22:38:06","204983083344","3493117237922736"
"《崩坏：星穹铁道》OP：「不眠之夜」","BV1me411n7eu","241638384","崩坏星穹铁道","2024-01-26 20:00:00","光太浪丶","哥，网速挺快啊[妙啊]","75","2024-01-30 10:24:39","205498034848","227020635"
"《崩坏：星穹铁道》OP：「不眠之夜」","BV1me411n7eu","241638384","崩坏星穹铁道","2024-01-26 20:00:00","崩坏星穹铁道゜","所以英文版大概是砂金，不是流萤，中文版是流萤[思考]","30","2024-04-05 19:22:20","215555352368","1808375248"
"《崩坏：星穹铁道》OP：「不眠之夜」","BV1me411n7eu","241638384","崩坏星穹铁道","2024-01-26 20:00:00","红温のNAOH溶液","热度过去了，10赞唱[doge]","60","2024-06-18 22:57:40","226994916592","15012197"
"《崩坏：星穹铁道》OP：「不眠之夜」","BV1me411n7eu","241638384","崩坏星穹铁道","2024-01-26 20:00:00","艇仔鱼片粥","谁懂我笑点……","72","2024-01-30 19:24:31","205574010432","19849993"
"《崩坏：星穹铁道》OP：「不眠之夜」","BV1me411n7eu","241638384","崩坏星穹铁道","2024-01-26 20:00:00","bumanxinxin","阿B你？真压热度啊。。。官方视频不应该在第一个吗，刷新也出不来，非得往下扒拉扒拉","86","2024-01-27 17:28:39","205087775344","1453479028"
"《崩坏：星穹铁道》OP：「不眠之夜」","BV1me411n7eu","241638384","崩坏星穹铁道","2024-01-26 20:00:00","纸上写个伊","张杰b站官方账号已出不眠之夜mlog，欢迎各位开拓者看看歌曲演唱的幕后[打call][打call]","62","2024-01-31 20:41:27","205747986224","45065720"
"《崩坏：星穹铁道》OP：「不眠之夜」","BV1me411n7eu","241638384","崩坏星穹铁道","2024-01-26 20:00:00","张杰是双开门旺仔","搜不眠之夜，综合搜不到，非得点一下最多播放，张杰的歌一个月内遭遇两次B站压热度了。游戏粉真牛啊，不到24h500w了[笑哭]","1801","2024-01-27 17:16:14","205085895920","1212609282"
"《崩坏：星穹铁道》OP：「不眠之夜」","BV1me411n7eu","241638384","崩坏星穹铁道","2024-01-26 20:00:00","爱当小丑是这样的","啊?我就想进来听首歌，这5000+人你们什么情况？[笑哭]","59","2024-02-02 18:29:51","206051470912","19147075"
"《崩坏：星穹铁道》OP：「不眠之夜」","BV1me411n7eu","241638384","崩坏星穹铁道","2024-01-26 20:00:00","黑原時央","现在我知道为啥流萤敢在op里挡黄泉刀了[微笑]","60","2024-06-14 12:56:18","226250029072","470870949"
"《崩坏：星穹铁道》OP：「不眠之夜」","BV1me411n7eu","241638384","崩坏星穹铁道","2024-01-26 20:00:00","蓝色的小汽车","看来杰哥也染上不眠之夜了[脱单doge]","70","2024-01-30 06:33:40","205481210272","440821408"
"《崩坏：星穹铁道》OP：「不眠之夜」","BV1me411n7eu","241638384","崩坏星穹铁道","2024-01-26 20:00:00","依四不三","对于匹诺康尼的剧情我已经看到两点 ①编剧:烧鸡 ②OP简介: 梦境里那个声音笑着说：「带我离开。」 但我却亲手杀死了睡眠、忘记了时间。","9125","2024-01-26 20:30:53","204962351648","1545797592"
"《崩坏：星穹铁道》OP：「不眠之夜」","BV1me411n7eu","241638384","崩坏星穹铁道","2024-01-26 20:00:00","漫游星海间","本来以为英文版是流萤视角，但里面一句“反正自己也不再有任何可失去的人”让我心碎了一地，这不就是砂金吗[大哭]","66","2024-04-05 01:53:53","215454462432","3494369518685057"
"《崩坏：星穹铁道》OP：「不眠之夜」","BV1me411n7eu","241638384","崩坏星穹铁道","2024-01-26 20:00:00","好想喝扣啦","最逆天的一集，我寻思我听日语歌十几年了博士也在北海道大学读了四年就是感觉这次中英的比日语好听啊[热]","67","2024-01-28 12:45:40","205207350624","37905101"
"《崩坏：星穹铁道》OP：「不眠之夜」","BV1me411n7eu","241638384","崩坏星穹铁道","2024-01-26 20:00:00","古堰春晓","很幸运看过现场版","28","2024-04-11 12:07:54","216351799248","1236849447"
"《崩坏：星穹铁道》OP：「不眠之夜」","BV1me411n7eu","241638384","崩坏星穹铁道","2024-01-26 20:00:00","kjn1234567890","一百个赞翻唱不眠之夜（都过去这么久了应该不能唱了吧）[doge]","116","2024-07-22 19:15:36","232985288912","506966170"
"《崩坏：星穹铁道》OP：「不眠之夜」","BV1me411n7eu","241638384","崩坏星穹铁道","2024-01-26 20:00:00","残破丿灬岁月","7AZGNB2CL77G QAHHPSKUM7N4 RSGG7AKVMP6Q 拿走不谢[脱单doge] 另外，上半场黑天鹅，下半场花火[脱单doge]","71","2024-01-26 20:29:35","204962115200","36345904"
"《崩坏：星穹铁道》OP：「不眠之夜」","BV1me411n7eu","241638384","崩坏星穹铁道","2024-01-26 20:00:00","幻影shadow_","七夕在张杰演唱会听不眠之夜[脱单doge]","27","2024-08-11 17:51:01","237095784880","247631537"
"《崩坏：星穹铁道》OP：「不眠之夜」","BV1me411n7eu","241638384","崩坏星穹铁道","2024-01-26 20:00:00","装甲蝎-54321","这首歌对我造成了真实伤害[无语]这两天中招了发烧头疼，然后带着耳机听歌跟着鼓点一下一下的震的疼[笑哭]头一次听到参与感这么强的音乐[笑哭]","54","2024-01-27 09:07:21","205024566528","21045538"
"《崩坏：星穹铁道》OP：「不眠之夜」","BV1me411n7eu","241638384","崩坏星穹铁道","2024-01-26 20:00:00","-_卡戎_-","英文版是砂金视角吧","52","2024-04-04 14:18:45","215359257488","636596608"
"《崩坏：星穹铁道》OP：「不眠之夜」","BV1me411n7eu","241638384","崩坏星穹铁道","2024-01-26 20:00:00","可-爱の桃","乐si我了🤣🤣🤣","77","2024-02-05 11:12:16","206485725952","1362001909"
"《崩坏：星穹铁道》OP：「不眠之夜」","BV1me411n7eu","241638384","崩坏星穹铁道","2024-01-26 20:00:00","山竹Candy","有没有人和我一样过完主线专门回来看砂金的(  ߹꒳߹ )这次剧情我哭死","51","2024-03-31 16:02:57","214789679600","47224904"
"《崩坏：星穹铁道》OP：「不眠之夜」","BV1me411n7eu","241638384","崩坏星穹铁道","2024-01-26 20:00:00","宏-rainbow","兄弟们，热度该过去了（看见翻车的开拓者了），赞过66直接翻唱[doge][doge]","108","2024-08-10 20:24:38","236925069776","484446978"
"《崩坏：星穹铁道》OP：「不眠之夜」","BV1me411n7eu","241638384","崩坏星穹铁道","2024-01-26 20:00:00","添材少年就是我","花了几分钟画的，画渣，不喜勿喷。","2306","2024-02-04 12:12:57","206326910880","1478868664"
"《崩坏：星穹铁道》OP：「不眠之夜」","BV1me411n7eu","241638384","崩坏星穹铁道","2024-01-26 20:00:00","夕照深秋_","家人们官方还暗搓搓藏了一帧星宝[热词系列_知识增加] 全是细节","1157","2024-01-26 21:12:36","204969086400","400872148"
"《崩坏：星穹铁道》OP：「不眠之夜」","BV1me411n7eu","241638384","崩坏星穹铁道","2024-01-26 20:00:00","宁鸯","各位，抽花火要用桂乃芬，因为她准备了很多花活（火）儿给大家[脱单doge]","1318","2024-01-26 20:05:56","204958443840","1495703220"
"《崩坏：星穹铁道》OP：「不眠之夜」","BV1me411n7eu","241638384","崩坏星穹铁道","2024-01-26 20:00:00","鱼不是鱼吗","老米啊！😭再写一段词吧！杰哥啊！😭再唱两分钟吧！我不云了，我玩，我玩还不行吗！😭再多两分钟吧！😭不用两分钟，再多一分钟就可以，就一分钟！😭这两分半不够听啊😭老米啊！再让我多听一点吧！😭我错了！😭我不该从开服就观望观望到现在都不入坑还在云😭老米啊！我错了还不行吗😭，你就多写一段，让我再多听一段吧！😭","65","2024-02-01 19:24:49","205895565056","1106548499"
"《崩坏：星穹铁道》OP：「不眠之夜」","BV1me411n7eu","241638384","崩坏星穹铁道","2024-01-26 20:00:00","正版花火酱在此","[妙啊]","25","2024-05-08 22:27:31","220510018896","483616853"
"《崩坏：星穹铁道》OP：「不眠之夜」","BV1me411n7eu","241638384","崩坏星穹铁道","2024-01-26 20:00:00","一猫一狗幸福永久","英文版是砂金视角啊，心痛","50","2024-03-28 17:10:19","214358147840","57143736"
"《崩坏：星穹铁道》OP：「不眠之夜」","BV1me411n7eu","241638384","崩坏星穹铁道","2024-01-26 20:00:00","爱吃烧麦的浩然sama","现在应该没热度了，点赞200翻唱（说到做到）[脱单doge][脱单doge]","51","2024-08-28 12:06:36","240627919168","349452518"
"《崩坏：星穹铁道》OP：「不眠之夜」","BV1me411n7eu","241638384","崩坏星穹铁道","2024-01-26 20:00:00","左拥左然右拥砂金","愿母神为你三度阖眼，令你的血脉永远鼓动，旅途永远坦然，诡计永不败露，再见，卡卡瓦夏。","51","2024-03-28 23:13:05","214408405744","1242120393"
"《崩坏：星穹铁道》OP：「不眠之夜」","BV1me411n7eu","241638384","崩坏星穹铁道","2024-01-26 20:00:00","FL枫叶凌落","点赞过100，把这首歌的翻唱发出来[脱单doge]","202","2024-02-03 12:53:43","206167998144","31366603"
"《崩坏：星穹铁道》OP：「不眠之夜」","BV1me411n7eu","241638384","崩坏星穹铁道","2024-01-26 20:00:00","丹恒_饮月","杰哥这冲浪速度😂","59","2024-01-30 01:14:54","205468974128","402696574"
"《崩坏：星穹铁道》OP：「不眠之夜」","BV1me411n7eu","241638384","崩坏星穹铁道","2024-01-26 20:00:00","坡亚","复习了pv才发现米莎是被一条狗扑倒的，然后紧接着就出现了加拉赫，原来真的一切都在pv里了[笑哭]","49","2024-03-29 11:47:34","214460137600","1114863532"
"《崩坏：星穹铁道》OP：「不眠之夜」","BV1me411n7eu","241638384","崩坏星穹铁道","2024-01-26 20:00:00","景淮川sakura","张杰:你们这游戏讲的啥 米哈游:宇宙探索，主角一粉一绿一黄，回合制，有属性克制 张杰:嗨，那不就赛尔号吗？我以前唱过","3203","2024-01-26 20:33:06","204962683024","267295159"
"《崩坏：星穹铁道》OP：「不眠之夜」","BV1me411n7eu","241638384","崩坏星穹铁道","2024-01-26 20:00:00","私斋蚝油石粒L","有时候不得不承认崩铁玩家的强大[脱单doge]","58","2024-01-27 21:01:21","205120421824","518826565"
"《崩坏：星穹铁道》OP：「不眠之夜」","BV1me411n7eu","241638384","崩坏星穹铁道","2024-01-26 20:00:00","梓萝杬","话说怎么没见泯灭帮的人出场?他们不会真的全员都是（）吧?","58","2024-01-26 20:41:24","204964095248","484919872"
"《崩坏：星穹铁道》OP：「不眠之夜」","BV1me411n7eu","241638384","崩坏星穹铁道","2024-01-26 20:00:00","原魔之上","不是为什么评论区这么多翻唱的，要不我过点赞过十我也翻唱一波[脱单doge][脱单doge][脱单doge]","83","2024-02-04 16:55:05","206367389920","392054348"
"《崩坏：星穹铁道》OP：「不眠之夜」","BV1me411n7eu","241638384","崩坏星穹铁道","2024-01-26 20:00:00","花火大人一生推","翻到底了，纪念一下[doge][doge]","24","2024-07-29 09:56:41","234321267824","3546615742729079"
"《崩坏：星穹铁道》OP：「不眠之夜」","BV1me411n7eu","241638384","崩坏星穹铁道","2024-01-26 20:00:00","春晓玲想要盲女加强","现在应该没人看，我是砂金的狗！！！","48","2024-08-01 08:24:57","234935398640","384550313"
"《崩坏：星穹铁道》OP：「不眠之夜」","BV1me411n7eu","241638384","崩坏星穹铁道","2024-01-26 20:00:00","闲云叆叇","现在看来英文版歌词唱的确实是砂金了","48","2024-03-28 20:29:54","214384562080","507972971"
"《崩坏：星穹铁道》OP：「不眠之夜」","BV1me411n7eu","241638384","崩坏星穹铁道","2024-01-26 20:00:00","仿生人康斯坦丁","受不了张杰一点，还真给他真情实感上了","61","2024-01-30 00:33:24","205464602192","412947667"
"《崩坏：星穹铁道》OP：「不眠之夜」","BV1me411n7eu","241638384","崩坏星穹铁道","2024-01-26 20:00:00","谢旻韫mini","[爱心][爱心][爱心]","23","2024-01-29 12:05:09","205354975088","20795135"
"《崩坏：星穹铁道》OP：「不眠之夜」","BV1me411n7eu","241638384","崩坏星穹铁道","2024-01-26 20:00:00","颖感受痛苦","愿母神三度为你阖眼，令你的血脉鼓动，旅程永远坦途，诡计永不败露","47","2024-03-27 18:47:44","214232347840","1097687566"
"《崩坏：星穹铁道》OP：「不眠之夜」","BV1me411n7eu","241638384","崩坏星穹铁道","2024-01-26 20:00:00","ZB北洋","唉，别的角色厨都在讨论强度啥的，流萤厨都在讨论还能不能活了[笑哭]","54","2024-01-27 20:41:02","205117144192","1361809506"
"《崩坏：星穹铁道》OP：「不眠之夜」","BV1me411n7eu","241638384","崩坏星穹铁道","2024-01-26 20:00:00","車窗外这夜色流光溢彩","B站特有的不直接搜官号找歌，搜不眠之夜，二创曲都搜到了，也搜不到原曲。","55","2024-01-30 13:43:46","205526085248","2936756"
"《崩坏：星穹铁道》OP：「不眠之夜」","BV1me411n7eu","241638384","崩坏星穹铁道","2024-01-26 20:00:00","账号已注销","妈耶，现在还有6000+的人在听","55","2024-01-28 19:10:47","205259184496","3494359857105230"
