﻿"视频标题","视频BV号","视频AV号","作者","发布时间","评论用户名","评论内容","点赞数","评论时间","评论ID","用户ID"
"《崩坏：星穹铁道》乱破角色PV——「不乱不破」","BV1yyC1YQEpk","113327963376490","崩坏星穹铁道","2024-10-21 12:00:00","奶茶☆","乱破知道先扔闪 再进点 讲究","4050","2024-10-21 14:37:46","244899246705","777964"
"《崩坏：星穹铁道》乱破角色PV——「不乱不破」","BV1yyC1YQEpk","113327963376490","崩坏星穹铁道","2024-10-21 12:00:00","宵宵宵宵宵宵宵宵宵乐","为什么帕姆会把《崩坏：星穹铁道》改名成《崩坏：星穹铁蕉》？因为列车也算是一种“蕉”通工具[妙啊]","7367","2024-10-21 12:25:20","244891063169","471637483"
"《崩坏：星穹铁道》乱破角色PV——「不乱不破」","BV1yyC1YQEpk","113327963376490","崩坏星穹铁道","2024-10-21 12:00:00","巴丝特","我已经没法评价pv质量了，每个都是精品，一次更比一次好，就是很得心应手的那种优秀","7703","2024-10-21 12:38:58","244892106321","521975057"
"《崩坏：星穹铁道》乱破角色PV——「不乱不破」","BV1yyC1YQEpk","113327963376490","崩坏星穹铁道","2024-10-21 12:00:00","磁爆步兵54","南无三！何等激烈的Rappa！想必拥有忍者听力的各位一定享受到歌曲的美妙了罢！ 唔！刚刚吃下去的超有机·丰满油脂的鱼丸难道有问题！ 眼前出现了fantasy！渊上和桑博正在调配燃油饮？ 可恶啊，可恶的空洞，不许放歌↗↘→ 空间快爆炸，好想玩原神～云原神！ 柏妮斯，柏妮斯，柏尼斯，柏妮斯gogogo 啊~这灼热的真理~TeriTeri~ 进度软趴趴，好想玩原神～云原神！ 长满，燃油饮的小岛，蕉蕉 哒哒哒想玩原神云原神，TeriTeri~ 睡觉小猴真是好，柏尼斯go 吃完炽热的谏言就睡觉，蕉蕉 薇塔大人ᐠ( ᑒ )ᐟ 薇塔大人ᐠ( ᑒ )ᐟ 花火大人ᐠ( ᑒ )ᐟ 花火大人ᐠ( ᑒ )ᐟ","435","2024-10-21 12:00:23","245118149872","3443416"
"《崩坏：星穹铁道》乱破角色PV——「不乱不破」","BV1yyC1YQEpk","113327963376490","崩坏星穹铁道","2024-10-21 12:00:00","芙卡洛斯-枫丹水神","如果乱破碰到了流萤会发生非常可怕的事情。 因为乱破会称呼流萤为火萤忍者。","5106","2024-10-25 19:54:04","245204348913","1510422184"
"《崩坏：星穹铁道》乱破角色PV——「不乱不破」","BV1yyC1YQEpk","113327963376490","崩坏星穹铁道","2024-10-21 12:00:00","巧明哦","终于画完了😌 你们说我能抽到她吗[星星眼][星星眼]","170","2024-10-23 21:37:32","245068205105","3493078344141481"
"《崩坏：星穹铁道》乱破角色PV——「不乱不破」","BV1yyC1YQEpk","113327963376490","崩坏星穹铁道","2024-10-21 12:00:00","绳斤小生姜","共用素材库是吧？打碟都要一起？[吃瓜]","15","2024-10-21 12:04:27","244889522449","2049172691"
"《崩坏：星穹铁道》乱破角色PV——「不乱不破」","BV1yyC1YQEpk","113327963376490","崩坏星穹铁道","2024-10-21 12:00:00","Oo柒柒柒oO","绝区零:我要尝试跟姐姐们不一样的全新曲风 崩三:拿来吧你 原神:拿来吧你 星铁:拿来吧你 绝区零:...","18062","2024-10-21 19:14:41","245146622832","4526201"
"《崩坏：星穹铁道》乱破角色PV——「不乱不破」","BV1yyC1YQEpk","113327963376490","崩坏星穹铁道","2024-10-21 12:00:00","鱿鱼炖铁板","都做成这样了，还不弄个游戏出来给我玩😡 我看你这ping有点不稳定，你这样，搞个本地版给我，我来给你测测","1141","2024-10-21 12:10:12","244889829217","4832659"
"《崩坏：星穹铁道》乱破角色PV——「不乱不破」","BV1yyC1YQEpk","113327963376490","崩坏星穹铁道","2024-10-21 12:00:00","金角大王想吃肉","乱破那个第一视角看着像手柄的转视角，看着很晕","13","2024-10-21 12:51:30","245122331520","472065727"
"《崩坏：星穹铁道》乱破角色PV——「不乱不破」","BV1yyC1YQEpk","113327963376490","崩坏星穹铁道","2024-10-21 12:00:00","正在学习的宝的妹妹","这下不得不抽乱破了[doge_金箍][星星眼]","13","2024-10-21 22:52:08","244932579041","1501725676"
"《崩坏：星穹铁道》乱破角色PV——「不乱不破」","BV1yyC1YQEpk","113327963376490","崩坏星穹铁道","2024-10-21 12:00:00","夜半霜满天","妈的，这视频指定掺了冰！","11","2024-10-21 12:31:30","244891506657","248333061"
"《崩坏：星穹铁道》乱破角色PV——「不乱不破」","BV1yyC1YQEpk","113327963376490","崩坏星穹铁道","2024-10-21 12:00:00","故渊215","等等，你怎么把头像也换了啊[黎歌Neeko_巢窝]","12","2024-10-21 13:21:32","245124361648","28577122"
"《崩坏：星穹铁道》乱破角色PV——「不乱不破」","BV1yyC1YQEpk","113327963376490","崩坏星穹铁道","2024-10-21 12:00:00","菜菜捞捞米","像，太像了。简直一模一样。","296","2024-10-21 14:12:14","244897828385","1835315284"
"《崩坏：星穹铁道》乱破角色PV——「不乱不破」","BV1yyC1YQEpk","113327963376490","崩坏星穹铁道","2024-10-21 12:00:00","超越zx","四国语言，指开头小猴的呼噜声的差别[笑哭]","9003","2024-10-21 12:51:02","244893052897","12067664"
"《崩坏：星穹铁道》乱破角色PV——「不乱不破」","BV1yyC1YQEpk","113327963376490","崩坏星穹铁道","2024-10-21 12:00:00","chlaslas","《崩坏：星穹铁道》乱破角色PV——「不乱不破」（罗马音+原歌词+翻译） - HOYO-MiX/Reol (れをる) 作曲 Composer：崔瀚普TSAR...","6","2024-10-21 22:36:29","245162525904","1138003142"
"《崩坏：星穹铁道》乱破角色PV——「不乱不破」","BV1yyC1YQEpk","113327963376490","崩坏星穹铁道","2024-10-21 12:00:00","小枫叶风","来晚了[脱单doge]","40","2024-10-26 21:53:41","245293066401","1132480390"
"《崩坏：星穹铁道》乱破角色PV——「不乱不破」","BV1yyC1YQEpk","113327963376490","崩坏星穹铁道","2024-10-21 12:00:00","箫事","此事在雷女士演唱会亦有记载","156","2024-10-21 22:48:59","245163478880","1407234"
"《崩坏：星穹铁道》乱破角色PV——「不乱不破」","BV1yyC1YQEpk","113327963376490","崩坏星穹铁道","2024-10-21 12:00:00","タカト0207","米哈游真是有钱了啊，这pv质量是越来越高了，我都不敢想2.7的孙答应（sunday）和王贵人的pv质量得多高了[doge][OK][吃瓜]","3835","2024-10-21 12:07:01","244889660177","91640486"
"《崩坏：星穹铁道》乱破角色PV——「不乱不破」","BV1yyC1YQEpk","113327963376490","崩坏星穹铁道","2024-10-21 12:00:00","L_Occas","感觉最近原铁绝一个画风[笑哭] 涂鸦+潮酷+电音","7760","2024-10-21 18:15:12","245142091856","2068418"
"《崩坏：星穹铁道》乱破角色PV——「不乱不破」","BV1yyC1YQEpk","113327963376490","崩坏星穹铁道","2024-10-21 12:00:00","迪迪吖吖","实锤了 乱破开透视挂[生气][生气][生气]","247","2024-10-21 12:28:31","245120487664","66949528"
"《崩坏：星穹铁道》乱破角色PV——「不乱不破」","BV1yyC1YQEpk","113327963376490","崩坏星穹铁道","2024-10-21 12:00:00","AzureHead","很荣幸担任了「不乱不破」的词作，非常荣幸与偶像Reol合作！[鼓掌]乱破之道贯彻到底，wake me up⚡️⚡️","2146","2024-10-21 12:21:54","244890763665","1275211697"
"《崩坏：星穹铁道》乱破角色PV——「不乱不破」","BV1yyC1YQEpk","113327963376490","崩坏星穹铁道","2024-10-21 12:00:00","bili_49461456307","有框你不打？","7","2024-10-22 07:10:28","245179700288","442754822"
"《崩坏：星穹铁道》乱破角色PV——「不乱不破」","BV1yyC1YQEpk","113327963376490","崩坏星穹铁道","2024-10-21 12:00:00","要秃了呀崽","要求不高，下次请米津玄师 宇多田光 玉置浩二 vaundy ado 老匹 爹扣 王牛 刺头麻油 女王蜂 凛冽时雨 东京事变 藤井风 优里 back number 玉置浩二 YOSOBI 绿苹果 这些小众歌手就行[doge]","2010","2024-10-21 12:02:27","245118365568","518846901"
"《崩坏：星穹铁道》乱破角色PV——「不乱不破」","BV1yyC1YQEpk","113327963376490","崩坏星穹铁道","2024-10-21 12:00:00","小_漩","带框的都知道打了闪再拉，我的队友都不知道[辣眼睛]","9","2024-10-22 15:56:51","244974450001","41332380"
"《崩坏：星穹铁道》乱破角色PV——「不乱不破」","BV1yyC1YQEpk","113327963376490","崩坏星穹铁道","2024-10-21 12:00:00","符合FVR看","所以为什么连官方头像都换了啊[辣眼睛]","9","2024-10-21 19:16:40","244916496625","1690796964"
"《崩坏：星穹铁道》乱破角色PV——「不乱不破」","BV1yyC1YQEpk","113327963376490","崩坏星穹铁道","2024-10-21 12:00:00","谁坑谁","虽然不懂唱了什么，但感觉这个歌手唱功强得乱七八糟的[妙啊]","2846","2024-10-21 21:34:50","245157610336","4850013"
"《崩坏：星穹铁道》乱破角色PV——「不乱不破」","BV1yyC1YQEpk","113327963376490","崩坏星穹铁道","2024-10-21 12:00:00","灰仔呀灰仔","头像换了，不要啊我的三月七，我的赵相机","9","2024-10-21 15:24:17","245131295056","399665542"
"《崩坏：星穹铁道》乱破角色PV——「不乱不破」","BV1yyC1YQEpk","113327963376490","崩坏星穹铁道","2024-10-21 12:00:00","信秩序命途享七休人生","宝了个贝的你们巡海游侠是真的帅 乱破和波波都太帅了[大哭]","49","2024-10-23 21:24:15","245067250977","380500559"
"《崩坏：星穹铁道》乱破角色PV——「不乱不破」","BV1yyC1YQEpk","113327963376490","崩坏星穹铁道","2024-10-21 12:00:00","什么时候能吃饭啊呜","对面猴子是入机吧？会不会玩[doge][doge][doge]","8","2024-10-21 18:21:36","245142643808","80215206"
"《崩坏：星穹铁道》乱破角色PV——「不乱不破」","BV1yyC1YQEpk","113327963376490","崩坏星穹铁道","2024-10-21 12:00:00","A-time-","话说官方头像变成乱破了耶[星星眼]","8","2024-10-21 19:31:23","245147960640","1401889142"
"《崩坏：星穹铁道》乱破角色PV——「不乱不破」","BV1yyC1YQEpk","113327963376490","崩坏星穹铁道","2024-10-21 12:00:00","月影照清风","剧情真的好……过完直接爱上乱破了","25","2024-10-30 00:03:07","245802489136","388302825"
"《崩坏：星穹铁道》乱破角色PV——「不乱不破」","BV1yyC1YQEpk","113327963376490","崩坏星穹铁道","2024-10-21 12:00:00","小小小棺材","昨天崩铁被猴子入侵！换成了猴子头像， 今天乱破救场！换回乱破头像。很(๑•̀ㅂ•́)و✧  细节而且这个PV也是救场PV  你们看懂了么？","11310","2024-10-21 13:20:28","244895062305","32322988"
"《崩坏：星穹铁道》乱破角色PV——「不乱不破」","BV1yyC1YQEpk","113327963376490","崩坏星穹铁道","2024-10-21 12:00:00","是灵系啊","给我干哪里了，这还是崩铁吗？这是绝区零吗？","7","2024-10-21 19:42:12","245148828432","1552865822"
"《崩坏：星穹铁道》乱破角色PV——「不乱不破」","BV1yyC1YQEpk","113327963376490","崩坏星穹铁道","2024-10-21 12:00:00","星与观星之日","用电脑看的，结果pv结束的时候正好给我干蓝屏了[辣眼睛]","7","2024-10-22 18:09:37","244982390513","37189189"
"《崩坏：星穹铁道》乱破角色PV——「不乱不破」","BV1yyC1YQEpk","113327963376490","崩坏星穹铁道","2024-10-21 12:00:00","微笑控萝莉","只有崩铁和绝区零能随便换头像了吧[喽桑-故乡的撒库拉开了_拳拳]","7","2024-10-21 16:08:45","244903910433","203884"
"《崩坏：星穹铁道》乱破角色PV——「不乱不破」","BV1yyC1YQEpk","113327963376490","崩坏星穹铁道","2024-10-21 12:00:00","小-王_同-学","来了来了[配音演员小N_好耶][配音演员小N_好耶][配音演员小N_好耶]","7","2024-10-21 13:02:01","244893860561","1447686272"
"《崩坏：星穹铁道》乱破角色PV——「不乱不破」","BV1yyC1YQEpk","113327963376490","崩坏星穹铁道","2024-10-21 12:00:00","请静下心","先打闪光再拉出去","1826","2024-10-21 12:24:35","245120088928","30560740"
"《崩坏：星穹铁道》乱破角色PV——「不乱不破」","BV1yyC1YQEpk","113327963376490","崩坏星穹铁道","2024-10-21 12:00:00","忆繁疏影","快来个人把星铁的logoP这老哥胳臂上[小鲨鱼_吃瓜]","248","2024-10-21 12:08:13","245118839248","436810307"
"《崩坏：星穹铁道》乱破角色PV——「不乱不破」","BV1yyC1YQEpk","113327963376490","崩坏星穹铁道","2024-10-21 12:00:00","Z的火日立","这些简介写的也好好[保卫萝卜_哭哭][保卫萝卜_哭哭]","28","2024-10-23 22:27:10","245310454000","1910329332"
"《崩坏：星穹铁道》乱破角色PV——「不乱不破」","BV1yyC1YQEpk","113327963376490","崩坏星穹铁道","2024-10-21 12:00:00","布耶尔的大房子","绝区零带了个好头啊[滑稽]，现在原神新角色PV都带唱歌了，铁这边新角色也带唱歌了...就是不知道是不是常态化，要是以后一个新角色一首歌，那可就真无敌了[笑哭]","2789","2024-10-21 13:20:35","244895064673","62631261"
"《崩坏：星穹铁道》乱破角色PV——「不乱不破」","BV1yyC1YQEpk","113327963376490","崩坏星穹铁道","2024-10-21 12:00:00","左旋溜达鸡j","突然发现这PV不会就是乱破清除蕉蕉夺回崩铁账号的全流程吧...","14301","2024-10-21 14:01:50","244897322641","2421253"
"《崩坏：星穹铁道》乱破角色PV——「不乱不破」","BV1yyC1YQEpk","113327963376490","崩坏星穹铁道","2024-10-21 12:00:00","橘子长_Ora","谁给我一锤子给我敲醒到后天早上顺带再帮我把我号上的小月卡一领[笑哭][笑哭]","7","2024-10-21 18:37:17","245143727360","470937228"
"《崩坏：星穹铁道》乱破角色PV——「不乱不破」","BV1yyC1YQEpk","113327963376490","崩坏星穹铁道","2024-10-21 12:00:00","明末第一魅魔","这乱破真是又帅又可爱啊","27","2024-10-27 23:45:24","245639516608","1479520710"
"《崩坏：星穹铁道》乱破角色PV——「不乱不破」","BV1yyC1YQEpk","113327963376490","崩坏星穹铁道","2024-10-21 12:00:00","波杰克顺","过剧情冲浪撞猴子那边，配bgm真的爽翻了","16","2024-10-28 21:08:54","245447957921","291300487"
"《崩坏：星穹铁道》乱破角色PV——「不乱不破」","BV1yyC1YQEpk","113327963376490","崩坏星穹铁道","2024-10-21 12:00:00","碳酸橡木","我梦见一片蕉土 一只破土而生的芭蕉 他迎着蕉阳绽放，向我低语呢喃 小猴扑蕉，向蕉而生！","7","2024-10-22 18:25:16","245217577472","59416938"
"《崩坏：星穹铁道》乱破角色PV——「不乱不破」","BV1yyC1YQEpk","113327963376490","崩坏星穹铁道","2024-10-21 12:00:00","烛龙_天圣","这一帧可以当电脑壁纸，赛博朋克的感觉","914","2024-10-21 13:13:37","245123863344","290372416"
"《崩坏：星穹铁道》乱破角色PV——「不乱不破」","BV1yyC1YQEpk","113327963376490","崩坏星穹铁道","2024-10-21 12:00:00","僕はもう大人だよ","巡海游侠统一姿势[绝区零_震惊]","34","2024-10-23 23:57:26","245078075377","426143985"
"《崩坏：星穹铁道》乱破角色PV——「不乱不破」","BV1yyC1YQEpk","113327963376490","崩坏星穹铁道","2024-10-21 12:00:00","借你三两雪","乱破都知道进点前先丢闪，而你我的朋友，你只会干拉硬送","8","2024-10-21 22:28:54","244930824529","475524388"
"《崩坏：星穹铁道》乱破角色PV——「不乱不破」","BV1yyC1YQEpk","113327963376490","崩坏星穹铁道","2024-10-21 12:00:00","桐谷和人KIRITO君","米哈游员工是不是加班加疯了[笑哭]","8","2024-10-22 12:42:41","244963785361","8532158"
"《崩坏：星穹铁道》乱破角色PV——「不乱不破」","BV1yyC1YQEpk","113327963376490","崩坏星穹铁道","2024-10-21 12:00:00","日常金星神","问换头像的bro是第一天玩崩铁吗[喜极而泣]，前两天的睡蕉猴和之前的银狼花火都忘没了？","6","2024-10-22 12:01:28","245193270864","297575827"
"《崩坏：星穹铁道》乱破角色PV——「不乱不破」","BV1yyC1YQEpk","113327963376490","崩坏星穹铁道","2024-10-21 12:00:00","黎夏挽星","这汤姆给我干哪来了 这还是崩铁吗","6","2024-10-21 23:42:19","245167572784","419245647"
"《崩坏：星穹铁道》乱破角色PV——「不乱不破」","BV1yyC1YQEpk","113327963376490","崩坏星穹铁道","2024-10-21 12:00:00","九肆之言","协议通过，执行蕉土作战计划🤓","6","2024-10-21 22:22:45","245161336640","1648922027"
"《崩坏：星穹铁道》乱破角色PV——「不乱不破」","BV1yyC1YQEpk","113327963376490","崩坏星穹铁道","2024-10-21 12:00:00","Vero懒得想正经id","我以为是绝区零 弹幕一说才发现不是[猫你太美_老猫看手机]","6","2024-10-21 21:33:12","245157533184","1952341"
"《崩坏：星穹铁道》乱破角色PV——「不乱不破」","BV1yyC1YQEpk","113327963376490","崩坏星穹铁道","2024-10-21 12:00:00","冰降霜雨","开科学忍具了还先扔闪再背身出，她太想上分了","6","2024-10-21 20:02:22","245150416608","442982836"
"《崩坏：星穹铁道》乱破角色PV——「不乱不破」","BV1yyC1YQEpk","113327963376490","崩坏星穹铁道","2024-10-21 12:00:00","良月CL","闪烁的彩色在黑白画面中太突出太反差了，看得眼睛有点痛[捂脸]","6","2024-10-21 13:34:14","245125293168","322371512"
"《崩坏：星穹铁道》乱破角色PV——「不乱不破」","BV1yyC1YQEpk","113327963376490","崩坏星穹铁道","2024-10-21 12:00:00","恋色紫罗兰","第一次看到某某角色：不抽攒星琼抽版本大C 看到角色PV：抽！为什么不抽！","6","2024-10-21 12:23:56","245119990992","27224030"
"《崩坏：星穹铁道》乱破角色PV——「不乱不破」","BV1yyC1YQEpk","113327963376490","崩坏星穹铁道","2024-10-21 12:00:00","珀尔牛","纯路人，这就是绝区零的新角色pv吗？[崩坏：星穹铁道_吃瓜ing]","6","2024-10-21 14:04:51","244897562737","1668485"
"《崩坏：星穹铁道》乱破角色PV——「不乱不破」","BV1yyC1YQEpk","113327963376490","崩坏星穹铁道","2024-10-21 12:00:00","人形自走按键精灵","今早通勤的我belike:","32","2024-10-22 07:19:01","245179798928","3731428"
"《崩坏：星穹铁道》乱破角色PV——「不乱不破」","BV1yyC1YQEpk","113327963376490","崩坏星穹铁道","2024-10-21 12:00:00","迦娜鳞片","米哈游几乎啥画风都能驾驭啊，这才是最可怕的，而且都不复用素材","5980","2024-10-21 12:16:00","245119373424","346277135"
"《崩坏：星穹铁道》乱破角色PV——「不乱不破」","BV1yyC1YQEpk","113327963376490","崩坏星穹铁道","2024-10-21 12:00:00","海嗣爆破拳","这个声音和曲风 有点像reol 真是有品味啊 听得我都不禁拔旗了","6","2024-10-22 18:07:41","245216227408","3967308"
"《崩坏：星穹铁道》乱破角色PV——「不乱不破」","BV1yyC1YQEpk","113327963376490","崩坏星穹铁道","2024-10-21 12:00:00","白华澈","这pv一滴水没放 两斤黄酒熬出来的 绝了","2945","2024-10-21 21:11:27","244925002577","1685352469"
"《崩坏：星穹铁道》乱破角色PV——「不乱不破」","BV1yyC1YQEpk","113327963376490","崩坏星穹铁道","2024-10-21 12:00:00","清茶Knigh","质量非常高，虽然销量可能不好，但支持，做的很好，这么做（pv）绝对是优秀的","6650","2024-10-21 14:19:19","244898209265","18151987"
"《崩坏：星穹铁道》乱破角色PV——「不乱不破」","BV1yyC1YQEpk","113327963376490","崩坏星穹铁道","2024-10-21 12:00:00","人间失格","试验田啊试验田，米哈游啊米哈游[吃瓜][吃瓜]期待后续射击游戏新作了，虽然我fps苦手。","2189","2024-10-21 12:16:08","244890291073","12768397"
"《崩坏：星穹铁道》乱破角色PV——「不乱不破」","BV1yyC1YQEpk","113327963376490","崩坏星穹铁道","2024-10-21 12:00:00","坏雲","你已经成功做出一个PV了，是时候进军美少女第一人称射击游戏了","2418","2024-10-21 20:53:58","245154303776","354118644"
"《崩坏：星穹铁道》乱破角色PV——「不乱不破」","BV1yyC1YQEpk","113327963376490","崩坏星穹铁道","2024-10-21 12:00:00","西野明日風゙","米哈游我必须立刻玩到这个FPS[Mygo表情包_生气]","75","2024-10-21 12:57:13","245122623040","526255543"
"《崩坏：星穹铁道》乱破角色PV——「不乱不破」","BV1yyC1YQEpk","113327963376490","崩坏星穹铁道","2024-10-21 12:00:00","账号密码多少来着","过了剧情还能忍住不抽的都是神人","40","2024-10-23 18:48:33","245294020512","628366514"
"《崩坏：星穹铁道》乱破角色PV——「不乱不破」","BV1yyC1YQEpk","113327963376490","崩坏星穹铁道","2024-10-21 12:00:00","三千五抽没克拉拉","没关就是开了？[doge]","5","2024-10-23 02:34:22","245015109697","438248767"
"《崩坏：星穹铁道》乱破角色PV——「不乱不破」","BV1yyC1YQEpk","113327963376490","崩坏星穹铁道","2024-10-21 12:00:00","什么叫国际76","有框你不打？[doge]","30","2024-10-21 12:58:48","245122818560","628772204"
"《崩坏：星穹铁道》乱破角色PV——「不乱不破」","BV1yyC1YQEpk","113327963376490","崩坏星穹铁道","2024-10-21 12:00:00","巧明哦","发几张最近画的[脱单doge]","23","2024-10-22 21:00:54","244995253617","3493078344141481"
"《崩坏：星穹铁道》乱破角色PV——「不乱不破」","BV1yyC1YQEpk","113327963376490","崩坏星穹铁道","2024-10-21 12:00:00","BTHtoNight","过完剧情能不喜欢乱破的都是铁石心肠","43","2024-10-23 19:16:34","245296206448","103670631"
"《崩坏：星穹铁道》乱破角色PV——「不乱不破」","BV1yyC1YQEpk","113327963376490","崩坏星穹铁道","2024-10-21 12:00:00","神と夢","没想到乱破也加入了争夺崩铁账号运营权的战斗，这真是“蕉尖对乱芒”啊","4563","2024-10-21 12:10:32","245119059696","1133710501"
"《崩坏：星穹铁道》乱破角色PV——「不乱不破」","BV1yyC1YQEpk","113327963376490","崩坏星穹铁道","2024-10-21 12:00:00","烟雨纱城","小透不算透，小开不算开，我就问问你，这框帅不帅？[doge]","4","2024-10-21 21:41:27","245158127168","295650704"
"《崩坏：星穹铁道》乱破角色PV——「不乱不破」","BV1yyC1YQEpk","113327963376490","崩坏星穹铁道","2024-10-21 12:00:00","桃丫奈","[doge]","4","2024-10-21 18:58:35","245145463504","12128413"
"《崩坏：星穹铁道》乱破角色PV——「不乱不破」","BV1yyC1YQEpk","113327963376490","崩坏星穹铁道","2024-10-21 12:00:00","6-0-0-7","四国语音就这个猴子有变化","4","2024-10-21 12:10:27","245119057840","441368439"
"《崩坏：星穹铁道》乱破角色PV——「不乱不破」","BV1yyC1YQEpk","113327963376490","崩坏星穹铁道","2024-10-21 12:00:00","凌洛北Official","我去，这框，真帅吧","4","2024-10-22 01:55:47","244943059889","304744665"
"《崩坏：星穹铁道》乱破角色PV——「不乱不破」","BV1yyC1YQEpk","113327963376490","崩坏星穹铁道","2024-10-21 12:00:00","爵叫兽","不是这手模真有点好看吧，这么好看的手模不做FPS真的合理吗，老米[崩坏3_看书]","10723","2024-10-21 12:41:38","244892211361","28378796"
"《崩坏：星穹铁道》乱破角色PV——「不乱不破」","BV1yyC1YQEpk","113327963376490","崩坏星穹铁道","2024-10-21 12:00:00","无尽之海102","欢迎大家来龙湖U城打卡[打call][打call][打call][打call]","21","2024-11-17 13:15:15","247341981872","3493114222218109"
"《崩坏：星穹铁道》乱破角色PV——「不乱不破」","BV1yyC1YQEpk","113327963376490","崩坏星穹铁道","2024-10-21 12:00:00","cookie-NANA","！！！！！这也…太酷了吧！！！惊到了！[给心心][给心心][给心心][给心心][给心心][给心心]","96","2024-10-21 12:59:25","245122912176","30751170"
"《崩坏：星穹铁道》乱破角色PV——「不乱不破」","BV1yyC1YQEpk","113327963376490","崩坏星穹铁道","2024-10-21 12:00:00","黑猫龴","米哈游现在这种角色是不是为了后面的fps游戏做铺垫呢，原那边新角色也是和枪沾边呢，最近的角色都不一样呢，眼前一亮的感觉[思考]","4109","2024-10-21 12:36:35","244891882833","324314061"
"《崩坏：星穹铁道》乱破角色PV——「不乱不破」","BV1yyC1YQEpk","113327963376490","崩坏星穹铁道","2024-10-21 12:00:00","501stCT-7567REX","来了[脱单doge]","17","2024-10-21 12:28:31","244891266337","689932071"
"《崩坏：星穹铁道》乱破角色PV——「不乱不破」","BV1yyC1YQEpk","113327963376490","崩坏星穹铁道","2024-10-21 12:00:00","゚两仪式","还真是一位故人啊[原神_吃惊]","15","2024-10-23 13:44:12","245039047025","262452883"
"《崩坏：星穹铁道》乱破角色PV——「不乱不破」","BV1yyC1YQEpk","113327963376490","崩坏星穹铁道","2024-10-21 12:00:00","NIrvanaXcX","米哈游，求你快做一个fps游戏吧，守望先锋玩家看那几秒fps界面真的爽到了","15082","2024-10-21 12:10:16","245119052864","61214405"
"《崩坏：星穹铁道》乱破角色PV——「不乱不破」","BV1yyC1YQEpk","113327963376490","崩坏星穹铁道","2024-10-21 12:00:00","弦余鎏","我可怜的乱破宝宝啊啊啊啊[大哭]","18","2024-10-23 15:17:51","245280549664","476238032"
"《崩坏：星穹铁道》乱破角色PV——「不乱不破」","BV1yyC1YQEpk","113327963376490","崩坏星穹铁道","2024-10-21 12:00:00","樱庭云大王","乱：银枪修罗阁下，是时候贯彻忍道了！ bto：每次你这么喊我我都他宝贝的以为你联觉信标也娓娓动人了，不过你确实强的乱七八糟","3027","2024-10-21 12:37:46","245121202448","457676039"
"《崩坏：星穹铁道》乱破角色PV——「不乱不破」","BV1yyC1YQEpk","113327963376490","崩坏星穹铁道","2024-10-21 12:00:00","睡焦小猴爱吃香蕉","本来无感，过完剧情后直接抽了乱破0+1，就算她在怎么弱也抽！她值得！","13","2024-10-26 20:12:27","245285259153","3546783519082567"
"《崩坏：星穹铁道》乱破角色PV——「不乱不破」","BV1yyC1YQEpk","113327963376490","崩坏星穹铁道","2024-10-21 12:00:00","名全被占力","谁跟我组团去刀了原始博士和他的研究所？[阴险]","38","2024-10-23 18:17:00","245053872081","3494364854618894"
"《崩坏：星穹铁道》乱破角色PV——「不乱不破」","BV1yyC1YQEpk","113327963376490","崩坏星穹铁道","2024-10-21 12:00:00","NIrvanaXcX","米哈游越来越会玩了，在动作游戏里挖玩回合制（崩3的花火），回合制游戏里玩FPS（崩贴乱破），还有什么能限制你的创作吗[脱单doge][脱单doge]","5144","2024-10-21 12:28:38","245120438560","61214405"
"《崩坏：星穹铁道》乱破角色PV——「不乱不破」","BV1yyC1YQEpk","113327963376490","崩坏星穹铁道","2024-10-21 12:00:00","听到自己的故事","哈哈哈哈[阴险]","17","2024-10-23 23:31:53","245076306801","3546372995287458"
"《崩坏：星穹铁道》乱破角色PV——「不乱不破」","BV1yyC1YQEpk","113327963376490","崩坏星穹铁道","2024-10-21 12:00:00","挽雨_","过完主线了，乱破人格魅力很大，很好的巡海游侠，被拿捏了[笑哭]","40","2024-10-24 00:22:17","245079695825","520317551"
"《崩坏：星穹铁道》乱破角色PV——「不乱不破」","BV1yyC1YQEpk","113327963376490","崩坏星穹铁道","2024-10-21 12:00:00","幻动作珍藏","老米真是，啥东西都往任务导航里藏。这次任务中有段介绍就说明了乱破在当初应该是全部知情的，只是藏着没说。 这种类似前情提要和补充细节的东西直接给塞到了任务导航里，之前那个米哈伊尔的信也是，正常人谁每过一段剧情就看看任务导航啊[笑哭]","39","2024-10-24 00:17:01","245079338353","3546696816527386"
"《崩坏：星穹铁道》乱破角色PV——「不乱不破」","BV1yyC1YQEpk","113327963376490","崩坏星穹铁道","2024-10-21 12:00:00","软妹币不足114514","是的，我们崩坏：星穹铁道是一款以第一人称作战的射击游戏，在游戏玩家将扮演一位在宇宙中行侠仗义的忍者——AKA乱破，以追杀原始博士为终局目标的太空喜剧。","1155","2024-10-21 12:38:21","244892046577","316367656"
"《崩坏：星穹铁道》乱破角色PV——「不乱不破」","BV1yyC1YQEpk","113327963376490","崩坏星穹铁道","2024-10-21 12:00:00","区区一只Konata","太好啦，是巡海游侠乱破，我们有救了！","1167","2024-10-21 12:00:27","245118251184","335199533"
"《崩坏：星穹铁道》乱破角色PV——「不乱不破」","BV1yyC1YQEpk","113327963376490","崩坏星穹铁道","2024-10-21 12:00:00","搬板凳喝冰阔乐","开始觉得她剧情里好尬，突然后半段绝了，人设一下子立起来了。。。可惜没票，否则抽一个留着也不错（也是个可怜孩子）","36","2024-10-23 18:49:42","245294175744","14023745"
"《崩坏：星穹铁道》乱破角色PV——「不乱不破」","BV1yyC1YQEpk","113327963376490","崩坏星穹铁道","2024-10-21 12:00:00","小小猫猫害怕网暴","为什么没人吃啊","3","2024-10-21 22:23:15","244930237969","1927421754"
"《崩坏：星穹铁道》乱破角色PV——「不乱不破」","BV1yyC1YQEpk","113327963376490","崩坏星穹铁道","2024-10-21 12:00:00","巧明哦","哎，还没画完","7","2024-10-21 20:55:42","244923655905","3493078344141481"
"《崩坏：星穹铁道》乱破角色PV——「不乱不破」","BV1yyC1YQEpk","113327963376490","崩坏星穹铁道","2024-10-21 12:00:00","沙冰角","坏了，这位也是模因身","31","2024-10-23 21:23:39","245305767712","433596831"
"《崩坏：星穹铁道》乱破角色PV——「不乱不破」","BV1yyC1YQEpk","113327963376490","崩坏星穹铁道","2024-10-21 12:00:00","爱上大东方","质量高的吓人，所以老米赶紧出一个二次元第一人称射击游戏吧","1573","2024-10-21 12:50:51","244893122657","33522966"
"《崩坏：星穹铁道》乱破角色PV——「不乱不破」","BV1yyC1YQEpk","113327963376490","崩坏星穹铁道","2024-10-21 12:00:00","樓丅小黒","不是哥们，自从玩了米游，听到了好几个喜欢的日语歌手和原神合作的歌曲，这么精准索敌的吗","3436","2024-10-21 12:04:57","244889601089","506932577"
"《崩坏：星穹铁道》乱破角色PV——「不乱不破」","BV1yyC1YQEpk","113327963376490","崩坏星穹铁道","2024-10-21 12:00:00","MrTomas1","PV里已经开始开转了，所以米哈游的射击游戏什么时候能端上来","2133","2024-10-21 12:07:31","245118744512","23415907"
"《崩坏：星穹铁道》乱破角色PV——「不乱不破」","BV1yyC1YQEpk","113327963376490","崩坏星穹铁道","2024-10-21 12:00:00","飞霄姐姐多个梦女好吗","自从入了崩铁还有另一个游戏，真的感受到了在游戏里氪的金都会实实在在的在游戏里被回报到[鼓掌]创意风格好多，好玩爱玩，我要玩崩铁一辈子[给心心]","3109","2024-10-21 12:50:42","244893044833","1304661891"
"《崩坏：星穹铁道》乱破角色PV——「不乱不破」","BV1yyC1YQEpk","113327963376490","崩坏星穹铁道","2024-10-21 12:00:00","Sun零零Sun","看人物简介乱破其实什么都知道  但她还要继续进行忍者游戏，对吗？ ε=(´ο｀*)))唉苦茶大师","30","2024-10-23 19:57:10","245299165136","499168844"
"《崩坏：星穹铁道》乱破角色PV——「不乱不破」","BV1yyC1YQEpk","113327963376490","崩坏星穹铁道","2024-10-21 12:00:00","夕雾w","第三个全歌曲的PV！","2967","2024-10-21 12:34:42","244891662545","100357090"
"《崩坏：星穹铁道》乱破角色PV——「不乱不破」","BV1yyC1YQEpk","113327963376490","崩坏星穹铁道","2024-10-21 12:00:00","桃沢央奈","这次的剧情完美诠释了这四个字——不 乱 不 破","213","2024-10-24 00:22:40","245318982800","478909712"
"《崩坏：星穹铁道》乱破角色PV——「不乱不破」","BV1yyC1YQEpk","113327963376490","崩坏星穹铁道","2024-10-21 12:00:00","moshion走心","天翼3G就是快[脱单doge]","89","2024-10-21 12:49:06","244892849441","1762617455"
"《崩坏：星穹铁道》乱破角色PV——「不乱不破」","BV1yyC1YQEpk","113327963376490","崩坏星穹铁道","2024-10-21 12:00:00","七月魔法工坊","在最不被期待的版本塑造出了我最喜欢的角色","32","2024-10-27 01:47:53","245561670560","403806342"
"《崩坏：星穹铁道》乱破角色PV——「不乱不破」","BV1yyC1YQEpk","113327963376490","崩坏星穹铁道","2024-10-21 12:00:00","千彩云霞","不得不说崩铁的PV真的很强，原本对乱破只是正常好感，这个PV和歌曲一下子给我嗨起来了，好帅好可爱的小姐姐！像之前的波提欧也是，一看PV那种痞帅哇真的。能把前期没什么故事的角色特点展现的这么好这么吸引眼球，崩铁你一定要越做越好呀！[星星眼]","4634","2024-10-21 12:25:14","245120108016","484808611"
"《崩坏：星穹铁道》乱破角色PV——「不乱不破」","BV1yyC1YQEpk","113327963376490","崩坏星穹铁道","2024-10-21 12:00:00","西陋","过完剧情再听真的很不一样","24","2024-10-23 23:01:06","245313124800","178128211"
"《崩坏：星穹铁道》乱破角色PV——「不乱不破」","BV1yyC1YQEpk","113327963376490","崩坏星穹铁道","2024-10-21 12:00:00","流星山兮","这还小成本，制作一般？那什么是大成本呢开头这个弹幕我请问问？","10","2024-10-21 14:37:03","244899236065","12567072"
"《崩坏：星穹铁道》乱破角色PV——「不乱不破」","BV1yyC1YQEpk","113327963376490","崩坏星穹铁道","2024-10-21 12:00:00","申鹤的良人","猜一下，下一个巡海侠是锦衣卫风格[doge][doge]","826","2024-10-21 12:01:28","244889164545","544194087"
"《崩坏：星穹铁道》乱破角色PV——「不乱不破」","BV1yyC1YQEpk","113327963376490","崩坏星穹铁道","2024-10-21 12:00:00","菱川真琴01","看得出你们是真的想做fps类，这样吧，先做个崩坏枪域让大家玩玩怎么样[调皮]","3373","2024-10-21 12:04:02","245118441328","9495043"
"《崩坏：星穹铁道》乱破角色PV——「不乱不破」","BV1yyC1YQEpk","113327963376490","崩坏星穹铁道","2024-10-21 12:00:00","DD想要变得可爱","我草老米！！！！你是真的用心了 不是有弹幕说中间几张CG有giga的beyond the way的曲绘风格吗 这就扒下来供大家参考（图截得很糊见谅","10","2024-10-21 23:06:26","245164891280","407727727"
"《崩坏：星穹铁道》乱破角色PV——「不乱不破」","BV1yyC1YQEpk","113327963376490","崩坏星穹铁道","2024-10-21 12:00:00","快乐铁男托尼","意难平，蕉蕉才接管账号17个小时就被乱破摘了桃子，不对，摘了香蕉[傲娇]","1995","2024-10-21 12:03:31","244889399473","5267556"
"《崩坏：星穹铁道》乱破角色PV——「不乱不破」","BV1yyC1YQEpk","113327963376490","崩坏星穹铁道","2024-10-21 12:00:00","破烂熊本熊","这什么游戏，好想玩！","25","2024-10-21 12:04:32","245118507040","25649620"
"《崩坏：星穹铁道》乱破角色PV——「不乱不破」","BV1yyC1YQEpk","113327963376490","崩坏星穹铁道","2024-10-21 12:00:00","孤暝厄月","本来以为就是个中二少女，结果推剧情发现是个从一开始就受到伤害的孩子，我以为就是个玩梗的版本啊喂为什么要让我掉小珍珠[跪了]乱破眼中的故事和后面现实中发生的事前后呼应的时候真的鸡皮疙瘩的都起来了[委屈]好孩子，这次歪了，复刻一定接你回家[大哭] 然后，什么时候能锤爆原始博士[崩坏：星穹铁道-匹诺康尼_雪衣]","29","2024-10-23 22:49:53","245073444321","856081"
"《崩坏：星穹铁道》乱破角色PV——「不乱不破」","BV1yyC1YQEpk","113327963376490","崩坏星穹铁道","2024-10-21 12:00:00","C波波罗","可惜了，放平时我包抽的，已经把我惊艳到了，但是实在放不下后边两位，果咩","7","2024-10-21 16:52:42","244906578017","34924584"
"《崩坏：星穹铁道》乱破角色PV——「不乱不破」","BV1yyC1YQEpk","113327963376490","崩坏星穹铁道","2024-10-21 12:00:00","星空中的浮尘","难怪波提欧说她强的乱七八糟的，这色彩碰撞，画面表现，转场过场确实很乱[笑哭]","7","2024-10-21 22:41:19","245162898688","41373123"
"《崩坏：星穹铁道》乱破角色PV——「不乱不破」","BV1yyC1YQEpk","113327963376490","崩坏星穹铁道","2024-10-21 12:00:00","你猜POWER","reol比较出名的歌： 《第六感》 《平面镜》 《劣等上等》 《mede:mede》 《赤裸裸》 《切っ先》 《ちるちる》","2301","2024-10-21 12:01:37","244889295809","1960011873"
"《崩坏：星穹铁道》乱破角色PV——「不乱不破」","BV1yyC1YQEpk","113327963376490","崩坏星穹铁道","2024-10-21 12:00:00","夜裡的微火","大嵐神在上 帕朵在左 宵宮在右 保佑我抱亂破回家吧 順帶專武一起","1966","2024-10-21 12:17:06","244890355393","1702363360"
"《崩坏：星穹铁道》乱破角色PV——「不乱不破」","BV1yyC1YQEpk","113327963376490","崩坏星穹铁道","2024-10-21 12:00:00","宝贝银狼单推人","孩子们，我炸了","12","2024-11-16 23:14:04","246973040513","3493140772162397"
"《崩坏：星穹铁道》乱破角色PV——「不乱不破」","BV1yyC1YQEpk","113327963376490","崩坏星穹铁道","2024-10-21 12:00:00","狐狸小狼两手抓","乱破宝宝是一个会写歌会打碟的多才多艺的女子","19","2024-10-26 15:54:56","245265959041","1311122068"
"《崩坏：星穹铁道》乱破角色PV——「不乱不破」","BV1yyC1YQEpk","113327963376490","崩坏星穹铁道","2024-10-21 12:00:00","永爱芙芙老婆","乱破经常说“大岚神在上”，所以她就是……唱跳rap大岚求[doge]","888","2024-10-21 12:00:52","244889153329","249477052"
"《崩坏：星穹铁道》乱破角色PV——「不乱不破」","BV1yyC1YQEpk","113327963376490","崩坏星穹铁道","2024-10-21 12:00:00","独钓_江月","米游社截屏的高清2k壁纸，后图是我改过的，需要的拿，留个赞","2799","2024-10-22 08:18:19","245181692288","512275246"
"《崩坏：星穹铁道》乱破角色PV——「不乱不破」","BV1yyC1YQEpk","113327963376490","崩坏星穹铁道","2024-10-21 12:00:00","想带星野去海洋馆","有乱破队伍里 就千万别带布洛妮娅 因为乱破会涂鸦（屠鸭）","26","2024-10-21 21:00:57","245154920912","3546687257709219"
"《崩坏：星穹铁道》乱破角色PV——「不乱不破」","BV1yyC1YQEpk","113327963376490","崩坏星穹铁道","2024-10-21 12:00:00","kiku手里的雪花","今天三月七up角色试用谢谢让我回到了最初@崩坏星穹铁道","12","2024-11-13 17:45:39","246697734065","1801224876"
"《崩坏：星穹铁道》乱破角色PV——「不乱不破」","BV1yyC1YQEpk","113327963376490","崩坏星穹铁道","2024-10-21 12:00:00","BTHtoNight","我不管，乱破以后就是我女儿了[大哭]","26","2024-10-24 13:03:43","245350046752","103670631"
"《崩坏：星穹铁道》乱破角色PV——「不乱不破」","BV1yyC1YQEpk","113327963376490","崩坏星穹铁道","2024-10-21 12:00:00","寻找一个理想乡","谢谢你米哈游！！很好的生日礼物！","10","2024-10-23 14:28:29","245278066992","353868345"
"《崩坏：星穹铁道》乱破角色PV——「不乱不破」","BV1yyC1YQEpk","113327963376490","崩坏星穹铁道","2024-10-21 12:00:00","蒋校长亲莅指导本站","你们食不食人呐！过完剧情给我整的难受的睡不着了！[大哭][大哭]","30","2024-10-24 00:12:47","245078942977","1707606053"
"《崩坏：星穹铁道》乱破角色PV——「不乱不破」","BV1yyC1YQEpk","113327963376490","崩坏星穹铁道","2024-10-21 12:00:00","祐希--ryuuki","过剧情前:啥玩意好尬 过剧情后:此事在银河忍法帖中亦有记载","28","2024-10-25 02:32:01","245399728320","23404923"
"《崩坏：星穹铁道》乱破角色PV——「不乱不破」","BV1yyC1YQEpk","113327963376490","崩坏星穹铁道","2024-10-21 12:00:00","Shuxi_Yang","我的烧缸，这是我玩的游戏吗？好陌生的感觉呀","5","2024-10-21 17:13:54","245137770832","487172611"
"《崩坏：星穹铁道》乱破角色PV——「不乱不破」","BV1yyC1YQEpk","113327963376490","崩坏星穹铁道","2024-10-21 12:00:00","windgamer05","那我缺的🍌🍌这块谁给我补啊[脱单doge][脱单doge][脱单doge]","5","2024-10-22 00:03:03","244937773857","1026222783"
"《崩坏：星穹铁道》乱破角色PV——「不乱不破」","BV1yyC1YQEpk","113327963376490","崩坏星穹铁道","2024-10-21 12:00:00","晓影zerua","我长耳朵就是为了听这等仙乐的口牙，豪庭，太豪庭了，Reol yyds[大哭]","5","2024-10-21 22:37:02","244931456977","55440392"
"《崩坏：星穹铁道》乱破角色PV——「不乱不破」","BV1yyC1YQEpk","113327963376490","崩坏星穹铁道","2024-10-21 12:00:00","糖醋油赞子","可恶的巡海游侠，居然消除了我的控制","5","2024-10-21 17:24:23","244908526145","12129592"
"《崩坏：星穹铁道》乱破角色PV——「不乱不破」","BV1yyC1YQEpk","113327963376490","崩坏星穹铁道","2024-10-21 12:00:00","DXZZJLL","Reol的歌音量得开到80％以上","5","2024-10-21 15:57:17","244903261585","1208919173"
"《崩坏：星穹铁道》乱破角色PV——「不乱不破」","BV1yyC1YQEpk","113327963376490","崩坏星穹铁道","2024-10-21 12:00:00","葬河贪","“Wake me up”从梦中美好醒来，也要在麻木的现实醒来","5","2024-10-21 15:49:01","244902925985","94606973"
"《崩坏：星穹铁道》乱破角色PV——「不乱不破」","BV1yyC1YQEpk","113327963376490","崩坏星穹铁道","2024-10-21 12:00:00","不存在的22z","求你了出个fps吧，大家什么都会做的[大哭]","5","2024-10-21 12:41:02","244892290545","5361550"
"《崩坏：星穹铁道》乱破角色PV——「不乱不破」","BV1yyC1YQEpk","113327963376490","崩坏星穹铁道","2024-10-21 12:00:00","花川言夏","炫酷logo还把电脑屏幕干碎了[笑哭][笑哭]","5","2024-10-21 12:31:43","244891523921","1282536892"
"《崩坏：星穹铁道》乱破角色PV——「不乱不破」","BV1yyC1YQEpk","113327963376490","崩坏星穹铁道","2024-10-21 12:00:00","汤不愣","太帅了，帅的不像个PV，更像是看reol新曲的手书曲绘+mmd的感觉，是属于老二次元的帅，妈呀，感觉回到当年没那么多鱼龙混杂，单纯搞二次元的时候了，泪目了","10","2024-10-21 13:53:45","245126420944","179393173"
"《崩坏：星穹铁道》乱破角色PV——「不乱不破」","BV1yyC1YQEpk","113327963376490","崩坏星穹铁道","2024-10-21 12:00:00","愚不可及啦","好家伙，从原神5.1蹦迪再到绝区零洗脑蹦迪，刚走出赛博迪吧，这又开始嗨了，米家玩家还是吃的太好了，都给我蹦起来减肥[笑哭]","5","2024-10-22 01:59:28","245174814288","326376646"
"《崩坏：星穹铁道》乱破角色PV——「不乱不破」","BV1yyC1YQEpk","113327963376490","崩坏星穹铁道","2024-10-21 12:00:00","幼儿园扛把子z","不是，中文PV一句中文没听到[疑惑]","5","2024-10-21 23:45:18","245167922224","439594323"
"《崩坏：星穹铁道》乱破角色PV——「不乱不破」","BV1yyC1YQEpk","113327963376490","崩坏星穹铁道","2024-10-21 12:00:00","苍穹Universe","银河忍法千变万化，猎凶猎煞！护冤护弱！不乱不破！为忍为侠！   歌曲演唱：Reol   中文CV： 乱破——金娜   日文CV： 乱破——潘惠美   英文CV： 乱破——Kendell Byrd   韩文CV： 乱破——김유림","5","2024-10-21 14:37:40","245128705088","3546580208585043"
"《崩坏：星穹铁道》乱破角色PV——「不乱不破」","BV1yyC1YQEpk","113327963376490","崩坏星穹铁道","2024-10-21 12:00:00","八荒行者","来早了，冷笑话还没想好，我先把简介复制一下  银河忍法千变万化，猎凶猎煞！护冤护弱！不乱不破！为忍为侠！   歌曲演唱：Reol   中文CV： 乱破——金娜   日文CV： 乱破——潘惠美   英文CV： 乱破——Kendell Byrd   韩文CV： 乱破——김유림","5","2024-10-21 12:01:15","245118210464","124053905"
"《崩坏：星穹铁道》乱破角色PV——「不乱不破」","BV1yyC1YQEpk","113327963376490","崩坏星穹铁道","2024-10-21 12:00:00","芝麻酥口味猫猫饼","本来想安心等周天和停云的[藏狐]看了PV又想抽乱破了，坏了[藏狐]","5","2024-10-22 12:56:18","244964735953","291270797"
"《崩坏：星穹铁道》乱破角色PV——「不乱不破」","BV1yyC1YQEpk","113327963376490","崩坏星穹铁道","2024-10-21 12:00:00","祢馬","第二次换头像了，上一个还是银狼","5","2024-10-21 21:12:08","244925021937","3546607026965268"
"《崩坏：星穹铁道》乱破角色PV——「不乱不破」","BV1yyC1YQEpk","113327963376490","崩坏星穹铁道","2024-10-21 12:00:00","随心.蓝","银河忍法千变万化，猎凶猎煞！护冤护弱！不乱不破！为忍为侠！歌曲演唱：Reol中文CV：  乱破——金娜日文CV：  乱破——潘惠美英文CV：  乱破——Kendell Byrd韩文CV：  乱破——김유림","5","2024-10-21 12:30:30","244891478385","1743261"
"《崩坏：星穹铁道》乱破角色PV——「不乱不破」","BV1yyC1YQEpk","113327963376490","崩坏星穹铁道","2024-10-21 12:00:00","小林能唱能跳","不会三体人又入侵崩铁了吧头像都换了","5","2024-10-21 16:36:44","245135351760","515213707"
"《崩坏：星穹铁道》乱破角色PV——「不乱不破」","BV1yyC1YQEpk","113327963376490","崩坏星穹铁道","2024-10-21 12:00:00","腊月三十七","pv一看都是夸的，抽卡一问都是不抽的","5","2024-10-21 14:45:44","245129119392","142568505"
"《崩坏：星穹铁道》乱破角色PV——「不乱不破」","BV1yyC1YQEpk","113327963376490","崩坏星穹铁道","2024-10-21 12:00:00","鳞落尘","1080p糊得跟360p一样，影视飓风的含金量还在上升[笑哭]","5","2024-10-21 13:52:55","245126295536","449207925"
"《崩坏：星穹铁道》乱破角色PV——「不乱不破」","BV1yyC1YQEpk","113327963376490","崩坏星穹铁道","2024-10-21 12:00:00","吾妻花火狂三","给你们讲个笑话。你们猜穿的最破烂的是谁？答案是乱破，为什么呢？因为又（乱）又（破）[doge_金箍]。","5","2024-10-21 18:48:57","245144686224","3546750694460210"
"《崩坏：星穹铁道》乱破角色PV——「不乱不破」","BV1yyC1YQEpk","113327963376490","崩坏星穹铁道","2024-10-21 12:00:00","自信的哥布林王","猴子都被乱破打跑了，现在官号是乱破的了[吃瓜]","5","2024-10-21 12:43:19","244892488465","3493283066022466"
"《崩坏：星穹铁道》乱破角色PV——「不乱不破」","BV1yyC1YQEpk","113327963376490","崩坏星穹铁道","2024-10-21 12:00:00","星泉kurumi","你别说，后劲很大[妙啊][妙啊]现在不听浑身难受","20","2024-10-29 16:51:34","245505972049","350677382"
"《崩坏：星穹铁道》乱破角色PV——「不乱不破」","BV1yyC1YQEpk","113327963376490","崩坏星穹铁道","2024-10-21 12:00:00","绘琉影","强度是一版本的事，但是帅，却是一辈子的事","6","2024-10-21 20:41:56","245153470048","248576939"
"《崩坏：星穹铁道》乱破角色PV——「不乱不破」","BV1yyC1YQEpk","113327963376490","崩坏星穹铁道","2024-10-21 12:00:00","你爸单挑猛犸象","人家乱破都知道冲点丢烟，你的兄弟只会无脑乱冲然后白给刷抖音[脱单doge]","5","2024-10-23 06:47:06","245254428176","1306566637"
"《崩坏：星穹铁道》乱破角色PV——「不乱不破」","BV1yyC1YQEpk","113327963376490","崩坏星穹铁道","2024-10-21 12:00:00","死机飞侠乐迪","连乱破都知道进点要先丢个闪，而你，我的朋友，你无脑干拉[微笑]","9","2024-10-29 10:51:04","245742267952","1143275419"
"《崩坏：星穹铁道》乱破角色PV——「不乱不破」","BV1yyC1YQEpk","113327963376490","崩坏星穹铁道","2024-10-21 12:00:00","小天小天","发现一个有意思的点。乱破的血量是3154 .3154是我们DOTA2的梗。当初NB战队记Roshan刷新时间31分54秒，结果不小心打在了公屏上。结果对手秘密战队真的在31分钟开启五人团战阵亡四人。 因此戏称为3154的暗号。","4795","2024-10-21 13:14:16","245124016336","475445"
"《崩坏：星穹铁道》乱破角色PV——「不乱不破」","BV1yyC1YQEpk","113327963376490","崩坏星穹铁道","2024-10-21 12:00:00","O_oヾ","我懂啦[大笑]猴子就相当于病毒，昨天官号中病毒了，今天被乱破清了，pv就是清理的全过程","5","2024-10-22 00:29:02","245170750048","401622411"
"《崩坏：星穹铁道》乱破角色PV——「不乱不破」","BV1yyC1YQEpk","113327963376490","崩坏星穹铁道","2024-10-21 12:00:00","试图叫醒自己","崩铁这剧情真他妈吊，每上一个角色喜欢一个","24","2024-10-27 13:21:04","245339583473","293974561"
"《崩坏：星穹铁道》乱破角色PV——「不乱不破」","BV1yyC1YQEpk","113327963376490","崩坏星穹铁道","2024-10-21 12:00:00","磨萤身患者","看到铁字跟零开始卷pv放mv的时候我就放心了，期待以后的质量[星星眼]","1248","2024-10-21 12:19:00","244890572209","16203373"
"《崩坏：星穹铁道》乱破角色PV——「不乱不破」","BV1yyC1YQEpk","113327963376490","崩坏星穹铁道","2024-10-21 12:00:00","为你妄登神","能不能管管内鬼，推流都推到这个视频下面了……","5","2024-10-22 15:08:59","245205149568","53549822"
"《崩坏：星穹铁道》乱破角色PV——「不乱不破」","BV1yyC1YQEpk","113327963376490","崩坏星穹铁道","2024-10-21 12:00:00","貓貓派","本來覺得亂破的腰好瑟 但過完劇情瑟不起來 想認她當女兒[笑哭]","27","2024-10-24 13:42:13","245352412448","416343606"
"《崩坏：星穹铁道》乱破角色PV——「不乱不破」","BV1yyC1YQEpk","113327963376490","崩坏星穹铁道","2024-10-21 12:00:00","但这就是咸鱼","竖屏标语帅[doge]","7","2024-10-22 01:24:02","245173404208","390431347"
"《崩坏：星穹铁道》乱破角色PV——「不乱不破」","BV1yyC1YQEpk","113327963376490","崩坏星穹铁道","2024-10-21 12:00:00","阿灯不太亮","乱破小时候其实很胆小，有一次她蛀牙了去牙科诊所，拔牙的时候非常痛，于是她哭着对医生姐姐说：牙医姐，我不想死[崩坏3·终焉归始_指点]","20","2024-10-22 14:41:45","244970575137","55434671"
"《崩坏：星穹铁道》乱破角色PV——「不乱不破」","BV1yyC1YQEpk","113327963376490","崩坏星穹铁道","2024-10-21 12:00:00","影之侍","乱破的pv是不破不乱 那到底是乱还是不乱[doge]","547","2024-10-21 12:01:26","244889291137","14075464"
"《崩坏：星穹铁道》乱破角色PV——「不乱不破」","BV1yyC1YQEpk","113327963376490","崩坏星穹铁道","2024-10-21 12:00:00","阿里乌斯の老师橘前辈","[笑哭]我嘞个村里人啊","10","2024-10-24 17:53:18","245124859217","34291694"
"《崩坏：星穹铁道》乱破角色PV——「不乱不破」","BV1yyC1YQEpk","113327963376490","崩坏星穹铁道","2024-10-21 12:00:00","金winter---","谁懂？双厨狂喜。s1mple丢龙狙名场面！！[Mygo表情包_Love]","8","2024-10-22 17:26:53","245213238992","76609209"
"《崩坏：星穹铁道》乱破角色PV——「不乱不破」","BV1yyC1YQEpk","113327963376490","崩坏星穹铁道","2024-10-21 12:00:00","Levy_Wendell","不知道吞了多少Mad区up，老米这pv做的纯纯的炫技好吧[怪我咯]","5","2024-10-21 23:43:44","245167767232","50754040"
"《崩坏：星穹铁道》乱破角色PV——「不乱不破」","BV1yyC1YQEpk","113327963376490","崩坏星穹铁道","2024-10-21 12:00:00","丶阳光的浪下去","很荣幸担任了「不乱不破」的听众，非常荣幸与Reol合作！[鼓掌]乱破之道贯彻到底，wake me up⚡️⚡️","60","2024-10-21 12:24:53","244891054017","101681095"
"《崩坏：星穹铁道》乱破角色PV——「不乱不破」","BV1yyC1YQEpk","113327963376490","崩坏星穹铁道","2024-10-21 12:00:00","我太正经了怎么办","乱破在战斗中只怕一样东西，那就是“规则”。你知道为什么吗？因为人们常说：“规则”就是用来打“破”的[脱单doge]","2336","2024-10-21 12:03:38","245118431008","2122911627"
"《崩坏：星穹铁道》乱破角色PV——「不乱不破」","BV1yyC1YQEpk","113327963376490","崩坏星穹铁道","2024-10-21 12:00:00","胡作妃为的桃","不对，你不是小猴，你是谁？ 小猴撑住啊，我这就来救亻 乱破大人ᐠ( ᑒ )ᐟ 乱破大人ᐠ( ᑒ )","5","2024-10-22 23:05:18","245004743377","441780863"
"《崩坏：星穹铁道》乱破角色PV——「不乱不破」","BV1yyC1YQEpk","113327963376490","崩坏星穹铁道","2024-10-21 12:00:00","略略小雨","过完剧情知道她为什么是这样的说话方式之后更喜欢她了[大哭]爱死天流！","23","2024-10-25 10:54:48","245413491440","390120426"
"《崩坏：星穹铁道》乱破角色PV——「不乱不破」","BV1yyC1YQEpk","113327963376490","崩坏星穹铁道","2024-10-21 12:00:00","牧月-忍冬","有乱破队伍里 就千万别带布洛妮娅 因为乱破会涂鸦（屠鸭）[doge]","1067","2024-10-21 12:06:35","244889647761","111202477"
"《崩坏：星穹铁道》乱破角色PV——「不乱不破」","BV1yyC1YQEpk","113327963376490","崩坏星穹铁道","2024-10-21 12:00:00","米哈游我的草神呢","米哈游,我要第一人称视角[崩坏3·终焉归始_燃起来了]","1041","2024-10-21 12:20:39","245119810272","3493257898101412"
"《崩坏：星穹铁道》乱破角色PV——「不乱不破」","BV1yyC1YQEpk","113327963376490","崩坏星穹铁道","2024-10-21 12:00:00","Lanlan兰_","（涉及剧透，慎看）- - - - - 今天刚过完乱破剧情，再回来听一遍，歌词里面的“自绝望中苏醒”和wake me up都指乱破离开实验室吧。还有她面对灰白色的数据大楼，也代表了她的过去吧。乱破应该还有实验室的记忆的，但是她还是坚持着她的忍道，跟随着她老师未竟的路，说着奇奇怪怪的话语，看起来乐观又开朗，其实身上背负着重重枷锁，巡海游侠的过去不会都这么悲怆但又积极吧，这种才是最让人难过的啊。还有不乱不破也很符合乱破的过往啊，她过去作为三号的生活被打乱，但是她就是打破了实验室，加入了巡海游侠开始了巡猎的征程","45","2024-10-23 18:23:52","245292110096","92405221"
"《崩坏：星穹铁道》乱破角色PV——「不乱不破」","BV1yyC1YQEpk","113327963376490","崩坏星穹铁道","2024-10-21 12:00:00","Sm封烨","老米你这次剧情写的太牛逼了[保佑]","28","2024-10-24 03:10:08","245085192417","539845882"
"《崩坏：星穹铁道》乱破角色PV——「不乱不破」","BV1yyC1YQEpk","113327963376490","崩坏星穹铁道","2024-10-21 12:00:00","青烟一心","今天上号收到的短信，双厨狂喜了。","12","2024-10-24 10:03:21","245098815681","214016476"
"《崩坏：星穹铁道》乱破角色PV——「不乱不破」","BV1yyC1YQEpk","113327963376490","崩坏星穹铁道","2024-10-21 12:00:00","玄同------","这pv质量，在所有pv至少前三","1504","2024-10-21 12:08:52","245118780912","441424918"
"《崩坏：星穹铁道》乱破角色PV——「不乱不破」","BV1yyC1YQEpk","113327963376490","崩坏星穹铁道","2024-10-21 12:00:00","lssblyp01","很喜欢这个故事，以一个版本把乱破竖起来，还把一些老角色高光拉上（波提欧上大分，知更鸟继续同谐领衔人物）要欢乐有欢乐要冲突有冲突要悲惨有悲惨，首尾呼应，正义必胜，一点都不突兀的合家欢剧情，这个故事实在太好了","23","2024-10-24 02:57:51","245324771232","3763145"
"《崩坏：星穹铁道》乱破角色PV——「不乱不破」","BV1yyC1YQEpk","113327963376490","崩坏星穹铁道","2024-10-21 12:00:00","留浪鱼","苦茶大师真是个大好人啊[大哭]","26","2024-10-23 23:49:35","245316629568","298436527"
"《崩坏：星穹铁道》乱破角色PV——「不乱不破」","BV1yyC1YQEpk","113327963376490","崩坏星穹铁道","2024-10-21 12:00:00","Ref_rain77","调了张自己满意的色调做壁纸[傲娇]","8","2024-10-23 07:09:07","245254605344","25689020"
"《崩坏：星穹铁道》乱破角色PV——「不乱不破」","BV1yyC1YQEpk","113327963376490","崩坏星穹铁道","2024-10-21 12:00:00","雨过西风","看完了剧情，乱破好惨一姑娘。 抱抱宝宝。祝你早日成功手刃仇敌，祝你在宇宙间能一直顺利地贯彻自己的“忍道”。[墨镜]（词汇匮乏憋不出啥好听的话，只能真心地祝愿你万事顺意了。）","1569","2024-10-23 23:37:37","245076793761","1081156959"
"《崩坏：星穹铁道》乱破角色PV——「不乱不破」","BV1yyC1YQEpk","113327963376490","崩坏星穹铁道","2024-10-21 12:00:00","笃筝","玩原神的时候用宵宫一发十连就出了，很爽。","6","2024-11-01 02:09:24","245977687888","1136437545"
"《崩坏：星穹铁道》乱破角色PV——「不乱不破」","BV1yyC1YQEpk","113327963376490","崩坏星穹铁道","2024-10-21 12:00:00","咩鱼家的游击士","看完剧情更喜欢了，人设也全是XP爆炸[藏狐]","22","2024-10-23 18:29:32","245292578000","3805255"
"《崩坏：星穹铁道》乱破角色PV——「不乱不破」","BV1yyC1YQEpk","113327963376490","崩坏星穹铁道","2024-10-21 12:00:00","_Anachronism_","借用某些人的话，最喜欢的歌手又要和最讨厌的公司联动了吗，唉，白月光","635","2024-10-21 12:02:39","245118370848","74359435"
"《崩坏：星穹铁道》乱破角色PV——「不乱不破」","BV1yyC1YQEpk","113327963376490","崩坏星穹铁道","2024-10-21 12:00:00","芙芙的小水懒","抽到乱破了也祝大家1+1[给心心]","9","2024-11-02 21:11:20","245847108353","1826620563"
"《崩坏：星穹铁道》乱破角色PV——「不乱不破」","BV1yyC1YQEpk","113327963376490","崩坏星穹铁道","2024-10-21 12:00:00","我只是个路过的捷德","想亲亲乱破怎么办？ 可以对已经陷入属性异常状态的敌人，再次施加其他类型的属性异常效果，这样就能覆盖原本的异常状态，而且还可以触发吻乱（紊乱）[doge]","722","2024-10-21 12:00:55","245118324656","224723034"
"《崩坏：星穹铁道》乱破角色PV——「不乱不破」","BV1yyC1YQEpk","113327963376490","崩坏星穹铁道","2024-10-21 12:00:00","清水蓝鹿","米哈游做fps吧大家什么都会做的","4","2024-10-22 20:10:38","245225942496","30844330"
"《崩坏：星穹铁道》乱破角色PV——「不乱不破」","BV1yyC1YQEpk","113327963376490","崩坏星穹铁道","2024-10-21 12:00:00","水深Zzz","所以这其实是抢回账号的过程是吗[doge]","4","2024-10-22 18:17:32","245217004640","29025901"
"《崩坏：星穹铁道》乱破角色PV——「不乱不破」","BV1yyC1YQEpk","113327963376490","崩坏星穹铁道","2024-10-21 12:00:00","Ksiezyc","这pv这质量才300w，b站有眼无珠","4","2024-10-22 17:24:25","245213023184","33827430"
"《崩坏：星穹铁道》乱破角色PV——「不乱不破」","BV1yyC1YQEpk","113327963376490","崩坏星穹铁道","2024-10-21 12:00:00","北风不是北疯","本来打算跳的，我智识和虚数都已经够多了，这下怎么搞啊[大哭]","4","2024-10-21 21:04:57","245155195808","436182934"
"《崩坏：星穹铁道》乱破角色PV——「不乱不破」","BV1yyC1YQEpk","113327963376490","崩坏星穹铁道","2024-10-21 12:00:00","趴p拉p","Reol[大哭][大哭][大哭][大哭]雷女士和崩铁合作，我做梦都想不到","4","2024-10-21 18:55:07","245145200720","359749905"
"《崩坏：星穹铁道》乱破角色PV——「不乱不破」","BV1yyC1YQEpk","113327963376490","崩坏星穹铁道","2024-10-21 12:00:00","LostRosa","听的我reol瘾犯了,怎么这么短,刚要爽","4","2024-10-21 16:01:35","245133271216","2499938"
"《崩坏：星穹铁道》乱破角色PV——「不乱不破」","BV1yyC1YQEpk","113327963376490","崩坏星穹铁道","2024-10-21 12:00:00","两克好奇心","竟然是4k画质，强度不会和黄泉飞霄流萤对标吧","4","2024-10-21 15:08:16","245130435152","1323590431"
"《崩坏：星穹铁道》乱破角色PV——「不乱不破」","BV1yyC1YQEpk","113327963376490","崩坏星穹铁道","2024-10-21 12:00:00","siusiuqiqi","崩铁你也是好起来了请我们Reol来唱歌了🎤[打call][星星眼]","4","2024-10-21 12:19:15","245119619088","348959447"
"《崩坏：星穹铁道》乱破角色PV——「不乱不破」","BV1yyC1YQEpk","113327963376490","崩坏星穹铁道","2024-10-21 12:00:00","Lucky_SAKURA","Reol+AzureHead & 堀江 晶太+TSAR=[支持][支持]🍌","4","2024-10-22 16:04:54","244974799073","4356368"
"《崩坏：星穹铁道》乱破角色PV——「不乱不破」","BV1yyC1YQEpk","113327963376490","崩坏星穹铁道","2024-10-21 12:00:00","月流烟褚","you！休想勾引我抽乱破，[墨镜][墨镜]顶死就是看这个视频解馋[墨镜][墨镜][墨镜]","4","2024-10-22 13:28:34","244966706913","1871471250"
"《崩坏：星穹铁道》乱破角色PV——「不乱不破」","BV1yyC1YQEpk","113327963376490","崩坏星穹铁道","2024-10-21 12:00:00","啊晟丶","求求出個FPS吧大家什麼都會做的[委屈]","4","2024-10-22 02:42:24","244944074801","697547182"
"《崩坏：星穹铁道》乱破角色PV——「不乱不破」","BV1yyC1YQEpk","113327963376490","崩坏星穹铁道","2024-10-21 12:00:00","___Speechless___","我操啊reol和kemu和崩铁我怎么会做这样的梦","4","2024-10-22 00:32:45","244939495121","249102468"
"《崩坏：星穹铁道》乱破角色PV——「不乱不破」","BV1yyC1YQEpk","113327963376490","崩坏星穹铁道","2024-10-21 12:00:00","电击小子ZiZi","乱破吞噬了蕉蕉，因为乱破cv是娜娜，她不喜欢不娜娜[脱单doge]","4","2024-10-21 20:33:24","244922177937","651915873"
"《崩坏：星穹铁道》乱破角色PV——「不乱不破」","BV1yyC1YQEpk","113327963376490","崩坏星穹铁道","2024-10-21 12:00:00","溏心芥末","片尾l@ogo越来越帅了，个人感觉黄泉之后又一个帅到我的logo(关注点清奇)[星星眼][星星眼]","4","2024-10-21 20:21:46","244921362897","521219997"
