{
  "video_info": {
    "title": "【Ai翻唱/宵崎奏】我的鸡它八岁了",
    "bvid": "BV1sCBWYLEWA",
    "aid": 113536135070954,
    "author": "桃井恨莉",
    "pub_date": "2024-11-24 12:56:48"
  },
  "comments_data": [
    {
      "user": "IAanuziK",
      "content": "仿佛误入病区了(",
      "likes": 3,
      "reply_time": "2024-11-24 21:48:42",
      "rpid": "247625069361",
      "mid": "33355978"
    },
    {
      "user": "Calcium_钙",
      "content": "这才是能拯救其他鸡的音乐",
      "likes": 10,
      "reply_time": "2024-11-24 19:58:23",
      "rpid": "247616212689",
      "mid": "3546602503408382"
    },
    {
      "user": "有地宁宁",
      "content": "说实话这标题癫的我都不敢点进来",
      "likes": 33,
      "reply_time": "2024-11-24 13:07:17",
      "rpid": "247938260480",
      "mid": "497423402"
    },
    {
      "user": "哈皮小凡",
      "content": "mfy听完释怀的似了",
      "likes": 2,
      "reply_time": "2024-11-24 20:15:36",
      "rpid": "247971795808",
      "mid": "509712100"
    },
    {
      "user": "烤批25h精致睡眠",
      "content": "神人恨莉[笑哭]",
      "likes": 2,
      "reply_time": "2024-11-24 19:34:55",
      "rpid": "247968400336",
      "mid": "513952532"
    },
    {
      "user": "朝比奈的鱼缸",
      "content": "啊？",
      "likes": 0,
      "reply_time": "2024-11-24 23:31:16",
      "rpid": "247988508096",
      "mid": "660829810"
    },
    {
      "user": "cornxing",
      "content": "感觉不太对劲。",
      "likes": 0,
      "reply_time": "2024-11-24 21:32:43",
      "rpid": "247623713169",
      "mid": "1973344976"
    },
    {
      "user": "闪光飞机云",
      "content": "老大 能不能做个全曲的 小时候听这首歌被拯救了",
      "likes": 0,
      "reply_time": "2024-11-24 23:29:08",
      "rpid": "247988290528",
      "mid": "397514846"
    },
    {
      "user": "HerikoDeltana",
      "content": "this is true music",
      "likes": 0,
      "reply_time": "2024-11-24 20:40:00",
      "rpid": "247973814720",
      "mid": "507947803"
    },
    {
      "user": "騦念",
      "content": "啊？",
      "likes": 0,
      "reply_time": "2024-11-24 20:25:35",
      "rpid": "247972595968",
      "mid": "1331682031"
    },
    {
      "user": "空灵之铃",
      "content": "@醉蝶飞白 mfy：有被knd的🐔拯救",
      "likes": 0,
      "reply_time": "2024-11-24 20:55:13",
      "rpid": "247620689057",
      "mid": "255936778"
    },
    {
      "user": "25点夜音见-小气走",
      "content": "[哦呼]",
      "likes": 0,
      "reply_time": "2024-11-24 21:51:42",
      "rpid": "247979720800",
      "mid": "631647430"
    },
    {
      "user": "实名上网秋山澪",
      "content": "拯救其他鸡的音乐",
      "likes": 1,
      "reply_time": "2024-11-24 17:57:06",
      "rpid": "247959911648",
      "mid": "397524320"
    },
    {
      "user": "-lazurite",
      "content": "无敌了",
      "likes": 0,
      "reply_time": "2024-11-24 18:24:39",
      "rpid": "247962280208",
      "mid": "12605723"
    },
    {
      "user": "新冰ano酱",
      "content": "逆天",
      "likes": 0,
      "reply_time": "2024-11-24 17:24:08",
      "rpid": "247957293728",
      "mid": "518356939"
    },
    {
      "user": "万魔殿会长羽沼まこと",
      "content": "我过生日就收到了这个歌",
      "likes": 0,
      "reply_time": "2024-11-24 20:40:27",
      "rpid": "247619613633",
      "mid": "525663752"
    },
    {
      "user": "爱丽丝不会ai代打雀魂",
      "content": "这才是真正的音乐.jpg",
      "likes": 0,
      "reply_time": "2024-11-24 15:38:22",
      "rpid": "247949528672",
      "mid": "196226331"
    },
    {
      "user": "心好累心好累好累啊",
      "content": "@戸山香澄・ [星星眼]",
      "likes": 0,
      "reply_time": "2024-11-24 16:40:51",
      "rpid": "247600446769",
      "mid": "481887758"
    },
    {
      "user": "安息稻",
      "content": "？，？[doge][doge]",
      "likes": 0,
      "reply_time": "2024-11-24 13:38:35",
      "rpid": "247940884240",
      "mid": "3492972723177700"
    },
    {
      "user": "虾仁芹菜_Official",
      "content": "[Mygo表情包_不会吧？]",
      "likes": 0,
      "reply_time": "2024-11-24 12:58:46",
      "rpid": "247584645777",
      "mid": "1965499988"
    },
    {
      "user": "snowy雪奈",
      "content": "恨莉高强度更新",
      "likes": 0,
      "reply_time": "2024-11-24 13:00:44",
      "rpid": "247937640288",
      "mid": "1070762015"
    },
    {
      "user": "鳶潇",
      "content": "[16岁生贺_燃尽了]",
      "likes": 0,
      "reply_time": "2024-11-24 13:00:55",
      "rpid": "247584814689",
      "mid": "3493265007446191"
    }
  ],
  "total_comments": 22
}