{
  "video_info": {
    "title": "《崩坏：星穹铁道》「2024星铁LIVE」演唱会官方录播完整版",
    "bvid": "BV1ZH4y1V7AE",
    "aid": 1054074499,
    "author": "崩坏星穹铁道",
    "pub_date": "2024-05-06 12:00:00"
  },
  "comments_data": [
    {
      "user": "这里没有羊驼",
      "content": "在现场[辣眼睛]也没人告诉我说要喷彩带，打call的时候直接喷我一嘴",
      "likes": 287,
      "reply_time": "2024-05-06 16:10:14",
      "rpid": "220165831104",
      "mid": "11275201"
    },
    {
      "user": "楚轩灵",
      "content": "我嘞个AI字幕啊[笑哭]",
      "likes": 249,
      "reply_time": "2024-05-06 12:42:51",
      "rpid": "220142995680",
      "mid": "456860947"
    },
    {
      "user": "亚麻大甘茶喵柑饼",
      "content": "太棒啦！",
      "likes": 212,
      "reply_time": "2024-05-06 14:37:23",
      "rpid": "220156556304",
      "mid": "106431355"
    },
    {
      "user": "厦门胡歌",
      "content": "做得好，有奖励[墨镜]",
      "likes": 155,
      "reply_time": "2024-05-06 13:04:05",
      "rpid": "220146160608",
      "mid": "26746557"
    },
    {
      "user": "剑与吾王同在",
      "content": "观看指南[给心心]\n00:01~04:29卡芙卡\n04:34~08:48三月七\n08:56~12:08星间旅行\n12:19~13:32姬子\n15:36~18:27银狼和末日兽\n18:27~20:18托帕\n24:16~27:42踏上旅行\n33:32~34:59希儿\n35:07~37:34说唱\n41:12~44:59野火\n49:54~54:02水龙吟\n57:04~58:47镜流\n58:47~1:01:04刃\n1:07:01~1:08:59尾巴大爷\n1:09:23~1:17:38幻胧\n1:17:51~1:20:35景元\n1:21:12~1:24:24滑稽之骨\n1:24:24~1:28:29致暗淡星\n1:33:58~1:37:21使一颗心免于哀伤\n1:37:21~1:40:29在银河中孤独摇摆\n1:43:02~1:45:08萨姆\n1:45:08~1:47:43花火\n1:48:08~1:51:12不眠之夜\n1:53:37~1:58:09星神\n最后祝各位开拓者一周年快乐！",
      "likes": 1354,
      "reply_time": "2024-05-06 12:43:32",
      "rpid": "220143028432",
      "mid": "675564061"
    },
    {
      "user": "尾翼稳定回旋穿甲狗",
      "content": "记录优素老师的电眼逼人[喜极而泣]",
      "likes": 62,
      "reply_time": "2024-05-06 20:14:34",
      "rpid": "220198387760",
      "mid": "284441076"
    },
    {
      "user": "十分甚至九分好评",
      "content": "你怎么还在……不对，你怎么才来？",
      "likes": 104,
      "reply_time": "2024-05-06 12:00:46",
      "rpid": "220136916224",
      "mid": "252053163"
    },
    {
      "user": "雾影热爱学习",
      "content": "现场怪来啦，非常惊喜非常喜欢的一台音乐会，虚拟投影，垃圾桶舞团，舞狮舞剑顶盘子，现场水龙吟，现场的一颗心免于哀伤，灯光舞美编排每一项效果都特别特别好。大屏幕几乎没有放过游戏原切片，全部都是结合灯光舞台重新剪辑的，太用心了[脱单doge]结束的时候全场还一起喊了好多遍愿此行终抵群星，不知道录播里有没有消掉，还没看到那\n最大的缺点是明年你能不能开八场啊，你知不知道为了抢这张票我有多拼命[大哭]",
      "likes": 3455,
      "reply_time": "2024-05-06 12:56:45",
      "rpid": "220145040688",
      "mid": "11914259"
    },
    {
      "user": "眼睛腿儿",
      "content": "今年难得有机会我抢了两张票和我妈一起去的，我玩的很嗨妈妈也玩的很嗨，两个人出来嗓子都哑了哈哈哈哈，妈妈还帮我录了水龙吟和刃的全程！！晚上回到家她还一直在看水龙吟的录像说这个好这个好哈哈哈哈。\n还有当时那个哥们喊我是流萤的狗的时候，我妈迅速问我：他喊的什么？ 我：[辣眼睛]嗯……这个……没法给你解释…… 我妈：哦好那我懂了[OK]  等等你懂了什么啊？？？",
      "likes": 311,
      "reply_time": "2024-05-06 12:23:04",
      "rpid": "220139974960",
      "mid": "7011700"
    },
    {
      "user": "冷门牢囚绝活手法玩家",
      "content": "演唱会结束后广播里说应援棒要统一回收。我撕心裂肺地大喊:“凭什么要夺走我的球棒！规则就是用来打破的！我要带回家我要带回家我要带回家！”旁边的人跟我说这个可以带回家的，不要这么老实，于是我就带走了，，现在想来真是个明智的决定，超喜欢这个球棒的说！\n（我发到的立牌是砂金，正好是自己喜欢的。演唱会开始前大家都在交换成自己想要的，不过没什么人像原神音乐会上那样喊话，可能崩铁玩家比较内向？）",
      "likes": 23,
      "reply_time": "2024-05-07 21:54:37",
      "rpid": "220359185584",
      "mid": "1034343783"
    },
    {
      "user": "牧月-忍冬",
      "content": "《踏上旅程》完整版\n歌的A段是简单的人声+吉他的慢拍伴奏，传统公路片的风格，本质上是体现对过去的不舍和对未知的迷茫、恐惧。这样的情绪也符合刚踏上列车的开拓者的情绪。\n歌的B段就是官方在这次音乐会上的另外创作了，采取了交响乐的形式，情绪非常高昂。可以理解为经历了数个宇宙，开拓者的目标逐渐明确，不再迷茫恐惧，而是朝着目标不断前进。\n很好的一首歌，通过编曲形式的变化充分体现了经历了游戏剧情后的开拓者的心境变化\n\n歌曲本就是一种表达方式，在此意义上与传统的文学作品没有区别。文以载道同样能在歌曲这一表现形式上适用，好的歌曲就应该能表达，而不是简单的感官刺激。迪论先生作为歌手获得诺贝尔文学奖其实就是很好的例证。\n\n践行了游戏的主旨：愿此行终抵群星",
      "likes": 36,
      "reply_time": "2024-05-06 12:01:54",
      "rpid": "220137061760",
      "mid": "111202477"
    },
    {
      "user": "笑夜生",
      "content": "00：53 卡芙卡pv\n04：35 三月七pv\n08：51 星间旅行\n12：18 姬子pv\n13：36 太空漫步\n15：34 即兴演出＋银狼の小曲\n18：24 托帕pv\n20：26 空间站战斗の小曲\n22：17 末日兽boss\n24：13 Take the Journey（续写交响上大分）\n27：50 帕姆互动环节\n29：02 贝洛伯格上城区bgm\n30：32 行政区bgm\n31：05 博物馆bgm\n32：14 下城区bgm（垃圾桶打架）\n33：30 希儿\n35：02 希露瓦pv＋下城区说唱npc\n37：40 永冬岭bgm\n39：14 造物引擎，启动！\n41：06 野火（划重点）\n45：04 帕姆抽奖环节\n47：55 鳞渊境＋水龙吟（划重点）\n54：15 星槎海＋长乐天bgm 邀挽明月成宵宴＋双人舞\n57：00 镜流pv\n58：45 刃pv（无缝衔接，连起来看效果更佳）\n1：01：01 雷车动地（仙舟战斗bgm）\n1：03：10 金人巷bgm片时酣＋舞狮\n1：04：47 金人巷bgm＋杂技\n1：06：49 藿藿pv＋空竹cos鬼火＋尾巴大爷抽象表演\n1：09：11 景元元水幕投影＋幻胧友情赞助旁白\n1：11：22 蝉喓歌（划重点）\n1：17：42 景元pv\n1：21：09 Funny Bone\n1：24：30 致：黯淡星\n1：28：56 钟表小子＋黄金的时刻bgm\n1：31：37 苏乐达の小曲\n1：33：50 知更鸟 使一颗心免于哀伤\n1：37：27 知更鸟 在银河中孤独摇摆\n1：40：40 忘了是哪个地图的bgm\n1：41：27 钟表小子和哈努兄弟\n1：43：01 我将，点燃大海！（萨姆出场）\n1：45：10 花火pv\n1：48：09 不眠之夜（划重点）\n1：53：37 星穹铁道启动\n1：54：49 各位星神的小曲\n1：56：20 全员立绘",
      "likes": 29,
      "reply_time": "2024-05-06 14:11:36",
      "rpid": "220154088496",
      "mid": "101108586"
    },
    {
      "user": "瞌睡叔叔",
      "content": "他似乎下一秒就会变身",
      "likes": 20,
      "reply_time": "2024-05-06 12:38:11",
      "rpid": "220142204080",
      "mid": "396534"
    },
    {
      "user": "一拂晓一",
      "content": "真不错！是音质修复版本的音乐会视频！！原来五一假期都在修视频么[脱单doge]",
      "likes": 25,
      "reply_time": "2024-05-06 12:03:09",
      "rpid": "220137172496",
      "mid": "185576"
    },
    {
      "user": "活力阿屑",
      "content": "猜你在找：[脱单doge]",
      "likes": 20,
      "reply_time": "2024-05-06 20:40:12",
      "rpid": "220202331664",
      "mid": "662721148"
    },
    {
      "user": "学习の时间",
      "content": "AI字幕君你...hhhh\n心海在外面真的要保護好自己啊[笑哭]",
      "likes": 20,
      "reply_time": "2024-05-06 20:22:23",
      "rpid": "220199620976",
      "mid": "195913338"
    },
    {
      "user": "布偶yummi",
      "content": "省流：致黯淡星声音正常，不眠之夜有互动，有些人别太自以为是了",
      "likes": 854,
      "reply_time": "2024-05-06 12:03:14",
      "rpid": "220137225664",
      "mid": "263085250"
    },
    {
      "user": "直播中心管理员",
      "content": "卡芙卡 《戏剧性反讽》   0:56\n三月七 来拍照吧  4:39\n三月七的小魔法   6:01\n1.《星间旅行》 茶理理   8:56\n姬子 《追星星的人》12:22\n黑塔空间站 《太空漫步》 13:40\n银狼《即兴演出》 15:37\n扑满的小曲  18:25\n黑塔空间站 战斗bgm系列   20:29\n2.《踏上旅途》Anthony Lynch   25:16\n帕姆帕姆帕  27:57\n贝洛伯格 《余烬》《炉火》  29:06\n贝洛伯格 下层区系列bgm  32:17\n希儿 《一夜无事》 33:32\n3.《引爆在黎明将现》 孙瑄阳Xtina  35:05\n贝洛伯格 永冬岭系列bgm  37:42",
      "likes": 24,
      "reply_time": "2024-05-06 12:20:05",
      "rpid": "220139614880",
      "mid": "389638997"
    },
    {
      "user": "派_six",
      "content": "在现场 真的超震撼",
      "likes": 23,
      "reply_time": "2024-05-06 12:03:08",
      "rpid": "220137111968",
      "mid": "640526625"
    },
    {
      "user": "超限奥秘",
      "content": "这不搞个“充电专享”，懂不懂转圈捏[doge][doge]",
      "likes": 21,
      "reply_time": "2024-05-06 12:05:32",
      "rpid": "220137432240",
      "mid": "50072451"
    },
    {
      "user": "三日月団子",
      "content": "你真的不打算出碟吗[辣眼睛]\n真正的粉丝已经学会手搓蓝光原盘了[脱单doge]",
      "likes": 16,
      "reply_time": "2024-06-05 08:59:56",
      "rpid": "224754062080",
      "mid": "198710"
    },
    {
      "user": "直播中心管理员",
      "content": "导航施工完毕\n\n卡芙卡 《戏剧性反讽》   0:56\n三月七 来拍照吧  4:39\n三月七的小魔法   6:01\n1.《星间旅行》 茶理理   8:56\n姬子 《追星星的人》12:22\n黑塔空间站 《太空漫步》 13:40\n银狼《即兴演出》 15:37\n扑满的小曲  18:25\n黑塔空间站 战斗bgm系列   20:29\n2.《踏上旅途》Anthony Lynch   25:16\n帕姆帕姆帕  27:57\n贝洛伯格 《余烬》《炉火》  29:06\n贝洛伯格 下层区系列bgm  32:17\n希儿 《一夜无事》 33:32\n3.《引爆在黎明将现》 孙瑄阳Xtina  35:05\n贝洛伯格 永冬岭系列bgm  37:42\n4.《野火》Jonathan Steingard   41:07\n帕姆帕姆帕 45:08\n海若隐珠 47:59\n5.《水龙吟》优素  50:00\n仙舟『罗浮』 长乐天bgm 54:18\n镜流 57:05\n刃58:47\n罗浮战斗bgm《雷车动地》1:01:05\n仙舟罗浮系列曲艺bgm 1:03:13\n藿藿 1:06:51\n将军小曲 1:09:17\n6.舞乐蝉歌艺术团  1:15:09\n景元《天地为秤》1:21:28\n帕姆 1:24:29 \n7.《Funny Bone》1:21:10\n8.《致：黯淡星》1:24:33\n匹诺康尼 黄金的时刻bgm 1:28:39\n9.《使一颗心免于哀伤》Chevy 1:33:51\n我是流萤的狗 1:37:17\n10.《在银河中孤独摇摆》Chevy 1:37:29\n匹诺康尼 钟表小子与哈努兄弟 1:40:42\n星核猎手萨姆 战斗bgm 1:42:50\n花火《独角戏》1:45:55\n11.《不眠之夜》Jake Miller 1:47:52\n安可 《星穹铁道》 1:53:40",
      "likes": 163,
      "reply_time": "2024-05-06 12:49:46",
      "rpid": "220144083424",
      "mid": "389638997"
    },
    {
      "user": "ARREBO1-",
      "content": "那个～ 我也想要[傲娇]",
      "likes": 16,
      "reply_time": "2024-05-06 12:07:55",
      "rpid": "220137779744",
      "mid": "1536333296"
    },
    {
      "user": "夏色祭Offiicial",
      "content": "啊？这是音质修复的吗，你这么快[惊讶]这就是星穹列车的速度吗",
      "likes": 567,
      "reply_time": "2024-05-06 12:01:48",
      "rpid": "220136989696",
      "mid": "7776073"
    },
    {
      "user": "神出鬼没的天小劫",
      "content": "这回大家可都听清楚了吧，现场并没有直播那样翻车，声音都听得清，互动的时候大家也都合唱了没有冷场，氛围还是挺好的，不过我身边有个老哥和一个妹子全程双手抱胸一句话不说，打call也不拿，安安静静的听完了整场，我也是很佩服！我这么个社恐人士都跟着嗨起来了[笑哭]图是我的位置",
      "likes": 14,
      "reply_time": "2024-05-07 03:09:37",
      "rpid": "220249109680",
      "mid": "1686348"
    },
    {
      "user": "渊落凛空",
      "content": "电眼逼人！",
      "likes": 14,
      "reply_time": "2024-05-06 23:53:49",
      "rpid": "220233465056",
      "mid": "172309402"
    },
    {
      "user": "绿色黄瓜味的木子米酱",
      "content": "浩瀚宇宙以群星谱写璀璨之歌，让我们静心聆听这回荡于银河的动人之声吧～",
      "likes": 2284,
      "reply_time": "2024-05-06 12:00:58",
      "rpid": "220136925136",
      "mid": "342768288"
    },
    {
      "user": "一梦三年ymsn",
      "content": "b站还是幽默啊，非大会员的画质和音质和米游社的差距还是大的很，建议不是很在意弹幕的，可以去米游社播放",
      "likes": 60,
      "reply_time": "2024-05-06 17:16:30",
      "rpid": "220173282720",
      "mid": "9936285"
    },
    {
      "user": "开一辈子崩铁live",
      "content": "办一辈子星铁live吧，我什么都会做的[委屈][委屈]",
      "likes": 152,
      "reply_time": "2024-05-06 12:03:39",
      "rpid": "220137291792",
      "mid": "620083071"
    },
    {
      "user": "是君凌不是君绫",
      "content": "为了防止各位在听歌软件上找不到对应歌曲，这只up特地整理了对应的歌名，麻烦各位看看\n第一次做课代表qwq，纯粹自己听出来的，给个赞好吗）[大哭][大哭][大哭]",
      "likes": 351,
      "reply_time": "2024-05-06 18:36:40",
      "rpid": "220183886976",
      "mid": "1227986478"
    },
    {
      "user": "WYX2023xm",
      "content": "外国网友评论：钱拿去交税，zf发动战争。钱氪给星琼，米哈游举办音乐会[doge]",
      "likes": 190,
      "reply_time": "2024-05-06 12:01:14",
      "rpid": "220136935536",
      "mid": "294099923"
    },
    {
      "user": "路兮的追番日记",
      "content": "太帅了啊啊啊啊啊，还有舞蹈动作恰到好处~",
      "likes": 264,
      "reply_time": "2024-05-06 13:01:41",
      "rpid": "220145840592",
      "mid": "631244745"
    },
    {
      "user": "旅人と石の羽根",
      "content": "时间排序的别往下翻了，评论区有2级号猴子贴脸剧透2.2版本剧情画面",
      "likes": 43,
      "reply_time": "2024-05-07 10:53:34",
      "rpid": "220273175104",
      "mid": "3048457"
    },
    {
      "user": "黄昏下的谢暮",
      "content": "终于到我了[鼓掌]",
      "likes": 12,
      "reply_time": "2024-05-06 12:45:45",
      "rpid": "220143448448",
      "mid": "1203203017"
    },
    {
      "user": "猷巍wyy",
      "content": "哦我美丽的卡妈[大笑]是谁在现场用两个银枝换了两个知更鸟再换了个卡妈回来的，哦是我啊，那没事了[脱单doge]",
      "likes": 12,
      "reply_time": "2024-05-06 12:05:05",
      "rpid": "220137482304",
      "mid": "441940087"
    },
    {
      "user": "Rachel-Raven",
      "content": "老师，对不起[笑哭]",
      "likes": 12,
      "reply_time": "2024-05-06 14:09:01",
      "rpid": "220153846960",
      "mid": "299585415"
    },
    {
      "user": "板鸭_hhh",
      "content": "这是我是真的现场怪[hanser_暗中观察]",
      "likes": 11,
      "reply_time": "2024-05-06 13:04:40",
      "rpid": "220146144464",
      "mid": "507899820"
    },
    {
      "user": "壹絮春",
      "content": "怎么会有人评论像夜店，一时之间不知道该说是文化太低还是眼界太低😦",
      "likes": 24,
      "reply_time": "2024-05-06 15:17:32",
      "rpid": "220160536448",
      "mid": "44829017"
    },
    {
      "user": "流星亦有归处",
      "content": "我才不想听那个[傲娇][傲娇]",
      "likes": 11,
      "reply_time": "2024-05-06 17:27:48",
      "rpid": "220174654080",
      "mid": "104165752"
    },
    {
      "user": "麋失鹿",
      "content": "01:33:39 \n使一颗心免于哀伤+在宇宙中孤独摇摆\n08:51 星间旅行\n\n23:57 踏上旅途\n\n35:02 引爆在黎明将现\n\n41:05 野火\n\n...",
      "likes": 11,
      "reply_time": "2024-05-06 12:55:08",
      "rpid": "220144810432",
      "mid": "66708240"
    },
    {
      "user": "天银杏下",
      "content": "笑死我了，这个ai识别的字幕，他也撕裂我❤️",
      "likes": 13,
      "reply_time": "2024-05-06 13:46:21",
      "rpid": "220151383792",
      "mid": "443279289"
    },
    {
      "user": "用头起昵称",
      "content": "可以坐等一句话嘛[星星眼][星星眼]",
      "likes": 11,
      "reply_time": "2024-05-06 13:02:20",
      "rpid": "220145870896",
      "mid": "1517767293"
    },
    {
      "user": "月下不想睡大街",
      "content": "莫名其妙，我站那儿哭了。\n我去过的游戏音乐会也不少。去年《原神》音乐会，我就在幕后。一个舞台，一个个乐手上去，指挥手势一起。声音震撼得很，连音乐的质地都变了。\n游戏音乐会，这几年是真的多。大家办得都走心，都有自己的想法，投入还个顶个的大。\n但让我哭的，唯这一次。\n看着节目结束，场馆渐渐暗下来，我总觉得，米哈游办音乐会，好像真是和以前不大一样了。这米哈游是年年亏年年做，还要年年都不一样。一次两次就算了，年年如此……\n那就说明，这帮人是真有一些特别的东西要给到玩家。聊了几年我觉着，米哈游要给玩家的东西始终就一个：身份。\n一个音乐人告诉我，星铁live是给玩家一种审美的自豪；\n一个核心玩家说，这音乐会是给玩家一种特殊标签……\n也许他们说的都对。因为看得出，米哈游自己每年也在琢磨。\n第一年算尝试，自由得很。这帮人跟做音乐节似的，按风格去攒音乐，就是要让玩家蹦跶个爽、听个爽。\n这里的身份，是音乐逼格。",
      "likes": 38,
      "reply_time": "2024-05-06 12:11:51",
      "rpid": "220138312976",
      "mid": "130669341"
    },
    {
      "user": "我只是个路过的捷德",
      "content": "大热天的给大家讲个冷笑话\n为什么花火让我们不要相信流萤的话？因为流萤说的话都是流言[doge]",
      "likes": 337,
      "reply_time": "2024-05-06 12:01:55",
      "rpid": "220137123392",
      "mid": "224723034"
    },
    {
      "user": "ArsenicLatte",
      "content": "53:01 我要是优素我都要裂开了[笑哭]",
      "likes": 81,
      "reply_time": "2024-05-06 12:55:19",
      "rpid": "220144885472",
      "mid": "649070"
    },
    {
      "user": "_哦斯超人",
      "content": "600张票，2.3全砸[脱单doge][脱单doge][脱单doge]",
      "likes": 35,
      "reply_time": "2024-05-06 14:13:25",
      "rpid": "220154212176",
      "mid": "400645766"
    },
    {
      "user": "坨坨他呆地",
      "content": "效率这么高？？？",
      "likes": 41,
      "reply_time": "2024-05-06 12:00:32",
      "rpid": "220136842000",
      "mid": "29668335"
    },
    {
      "user": "凌凌一",
      "content": "1：24：28",
      "likes": 18,
      "reply_time": "2024-05-06 12:01:05",
      "rpid": "220136786496",
      "mid": "6833654"
    },
    {
      "user": "崩坏星弯轶道",
      "content": "比阳光更明亮的[笑哭]",
      "likes": 66,
      "reply_time": "2024-05-06 15:25:12",
      "rpid": "220161445744",
      "mid": "604960773"
    },
    {
      "user": "LALA_LUCKY_",
      "content": "时间轴[tv_doge]\n卡芙卡组曲《卡农》《戏剧性反讽》 00:53\n三月七pv 来拍照吧  04:37 \n三月七的小魔法  06:00\n1.《星间旅行》 茶理理  08:52\n姬子 《追星星的人》12:19\n黑塔空间站 《太空漫步》 13:38\n空间站组曲《即兴演出》《有点意思》《专家教学》 15:35\n扑满的小曲 《危机预知》18:23\n黑塔空间站 战斗bgm《灭虐的黎明》   20:28",
      "likes": 18,
      "reply_time": "2024-05-06 13:08:20",
      "rpid": "220146622880",
      "mid": "107165491"
    },
    {
      "user": "花不真月亦不温",
      "content": "说破音走调之类的，应该没怎么现场live，其实这种情况在唱到最高潮的时候是挺常见的，况且这些配音演员还不是特别专业顶尖的歌手。平时我们在软件上听到的歌都是后期调音师精心调制过才能完美呈现出来的。你自己可以尝试一下很大声的唱高音，是完全把嗓子放开的那种，你会发现根本把控不住[笑哭]",
      "likes": 338,
      "reply_time": "2024-05-06 12:01:18",
      "rpid": "220136962480",
      "mid": "1387091256"
    },
    {
      "user": "SYRAX-SUES",
      "content": "导航施工完毕\n\n卡芙卡 《戏剧性反讽》   0:56\n三月七 来拍照吧  4:39\n三月七的小魔法   6:01\n1.《星间旅行》 茶理理   8:56\n姬子 《追星星的人》12:22\n黑塔空间站 《太空漫步》 13:40\n银狼《即兴演出》 15:37\n扑满的小曲  18:25\n黑塔空间站 战斗bgm系列   20:29\n2.《踏上旅途》Anthony Lynch   25:16\n帕姆帕姆帕  27:57\n贝洛伯格 《余烬》《炉火》  29:06\n贝洛伯格 下层区系列bgm  32:17\n希儿 《一夜无事》 33:32\n3.《引爆在黎明将现》 孙瑄阳Xtina  35:05\n贝洛伯格 永冬岭系列bgm  37:42\n4.《野火》Jonathan Steingard   41:07\n帕姆帕姆帕 45:08\n海若隐珠 47:59\n5.《水龙吟》优素  50:00\n仙舟『罗浮』 长乐天bgm 54:18\n镜流 57:05\n刃58:47\n罗浮战斗bgm《雷车动地》1:01:05\n仙舟罗浮系列曲艺bgm 1:03:13\n藿藿 1:06:51\n将军小曲 1:09:17\n6.舞乐蝉歌艺术团  1:15:09\n景元《天地为秤》1:21:28\n帕姆 1:24:29 \n7.《Funny Bone》1:21:10\n8.《致：黯淡星》1:24:33\n匹诺康尼 黄金的时刻bgm 1:28:39\n9.《使一颗心免于哀伤》Chevy 1:33:51\n我是流萤的狗 1:37:17\n10.《在银河中孤独摇摆》Chevy 1:37:29\n匹诺康尼 钟表小子与哈努兄弟 1:40:42\n星核猎手萨姆 战斗bgm 1:42:50\n花火《独角戏》1:45:55\n11.《不眠之夜》Jake Miller 1:47:52\n安可 《星穹铁道》 1:53:40\n不知道为什么好几个评论删了，这是转载",
      "likes": 97,
      "reply_time": "2024-05-06 13:01:36",
      "rpid": "220145676656",
      "mid": "412989421"
    },
    {
      "user": "缘风起_",
      "content": "音乐超清晰，观众声音也清晰，不愧是官方版本",
      "likes": 111,
      "reply_time": "2024-05-06 12:02:46",
      "rpid": "220137200816",
      "mid": "563513119"
    },
    {
      "user": "同游者吴武陵龚古",
      "content": "00：53 卡芙卡pv\n04：35 三月七pv\n08：51 星间旅行\n12：18 姬子pv\n13：36 太空漫步\n15：34 即兴演出＋银狼の小曲\n18：24 托帕pv\n20：26 空间站战斗の小曲\n22：17 末日兽boss\n24：13 Take the Journey（续写交响上大分）\n27：50 帕姆互动环节\n29：02 贝洛伯格上城区bgm\n30：32 行政区bgm\n31：05 博物馆bgm\n32：14 下城区bgm（垃圾桶打架）\n33：30 希儿\n35：02 希露瓦pv＋下城区说唱npc\n37：40 永冬岭bgm\n39：14 造物引擎，启动！\n41：06 野火（划重点）\n45：04 帕姆抽奖环节\n47：55 鳞渊境＋水龙吟（划重点）\n54：15 星槎海＋长乐天bgm 邀挽明月成宵宴＋双人舞\n57：00 镜流pv\n58：45 刃pv（无缝衔接，连起来看效果更佳）\n1：01：01 雷车动地（仙舟战斗bgm）\n1：03：10 金人巷bgm片时酣＋舞狮\n1：04：47 金人巷bgm＋杂技\n1：06：49 藿藿pv＋空竹cos鬼火＋尾巴大爷抽象表演\n1：09：11 景元元水幕投影＋幻胧友情赞助旁白\n1：11：22 蝉喓歌（划重点）\n1：17：42 景元pv\n1：21：09 Funny Bone\n1：24：30 致：黯淡星\n1：28：56 钟表小子＋黄金的时刻bgm\n1：31：37 苏乐达の小曲\n1：33：50 知更鸟 使一颗心免于哀伤\n1：37：27 知更鸟 在银河中孤独摇摆\n1：40：40 忘了是哪个地图的bgm\n1：41：27 钟表小子和哈努兄弟\n1：43：01 我将，点燃大海！（萨姆出场）\n1：45：10 花火pv\n1：48：09 不眠之夜（划重点）\n1：53：37 星穹铁道启动\n1：54：49 各位星神的小曲\n1：56：20 全员立绘",
      "likes": 45,
      "reply_time": "2024-05-06 15:18:20",
      "rpid": "220160723920",
      "mid": "334386631"
    },
    {
      "user": "ZianTT",
      "content": "开场： 卡芙卡组曲 - 卡农 00:00:51 卡芙卡组曲 - 戏剧性反讽 00:01:15  PART 1 空间站： 三月七PV - 来拍照吧 00:0...",
      "likes": 11,
      "reply_time": "2024-05-13 22:26:25",
      "rpid": "221303170608",
      "mid": "531718444"
    },
    {
      "user": "黑黯之潮",
      "content": "中午好！单抽出金的开拓者们[星星眼]",
      "likes": 254,
      "reply_time": "2024-05-06 12:01:20",
      "rpid": "220136797472",
      "mid": "39313679"
    },
    {
      "user": "闭倒舞飞B站快",
      "content": "令人忍俊不禁，ai魅力时刻。论ai为什么不能被人类替代[doge]",
      "likes": 34,
      "reply_time": "2024-05-06 22:55:28",
      "rpid": "220223988736",
      "mid": "444773209"
    },
    {
      "user": "羅海英",
      "content": "00：00 开场\n00：50 卡芙卡\n04：35 三月七\n08：50 星间旅行\n12：25 追星星的人\n15：35 银狼小曲\n18：25 托帕小曲\n20：25 反物质军团\n24：10 踏上旅途\n27：50 帕姆\n29：05 贝洛伯格\n32：15 垃圾桶\n33：35 希儿\n35：05 引爆在黎明将现\n37：40 永冬岭\n41：10 野火\n45：05 帕姆抽奖\n48：00 海若隐珠\n49：50 水龙吟\n54：15 长乐天二人转\n57：00 镜流\n58：45 刃\n1：01：00 雷车动地\n1：03：10 片时酣 舞谛听\n1：04：50 金人巷杂技\n1：06：50 尾巴+杂技\n1：09：15 幻胧\n1：11：20 蝉喓歌\n1：17：40 景元\n1：20：45 帕姆\n1：21：05 Funny Bone 滑稽之骨\n1：24：30 致：黯淡星\n1：28：35 帕姆 仙舟结束\n1：28：55 米老表\n1：29：15 黄金时刻\n1：31：35 苏乐达\n1：34：00 使一颗心免于哀伤\n1：37：25 在银河中孤独摇摆\n1：40：40 钟表默剧\n1：43：00 点燃大海\n1：45：10 花火\n1：48：09 不眠之夜\n1：53：00 帕姆+群星的预言+角色展示\n1：58：05 结束放表（包含各节目真名）",
      "likes": 14,
      "reply_time": "2024-05-06 16:14:38",
      "rpid": "220166350528",
      "mid": "294835784"
    },
    {
      "user": "亦桥君",
      "content": "又回来看演唱会了5555然后现在和搭子已经是男女朋友了[捂眼]啊啊啊啊超喜欢他＋去演唱会玩的时候超开心。。。[保卫萝卜_哇]",
      "likes": 10,
      "reply_time": "2024-05-29 18:33:37",
      "rpid": "223752381440",
      "mid": "26501743"
    },
    {
      "user": "赏晴湖听风",
      "content": "人生第一次演唱会，真的非常令人难忘！！！",
      "likes": 10,
      "reply_time": "2024-05-06 13:22:55",
      "rpid": "220148472096",
      "mid": "1290943729"
    },
    {
      "user": "夜寒Cn重叠版",
      "content": "给大家看看后排的[崩坏3_干杯]",
      "likes": 13,
      "reply_time": "2024-05-22 01:13:11",
      "rpid": "222576953744",
      "mid": "360399285"
    },
    {
      "user": "幽灵王子兔",
      "content": "这么看直播那天B站真的大锅，没跑调的都让直播收音跑调了[笑哭][笑哭]",
      "likes": 13,
      "reply_time": "2024-06-03 21:58:15",
      "rpid": "224556893456",
      "mid": "20603901"
    },
    {
      "user": "尼德霍鎶",
      "content": "费拉不堪的b站，自己收音问题导致当时观感那么差，现在终于舒服啦",
      "likes": 13,
      "reply_time": "2024-05-07 14:23:10",
      "rpid": "220299470800",
      "mid": "94212913"
    },
    {
      "user": "我永远喜欢景元将军",
      "content": "最喜欢的一集",
      "likes": 29,
      "reply_time": "2024-05-06 12:00:18",
      "rpid": "220136754768",
      "mid": "1768405399"
    },
    {
      "user": "風兮_丢卞",
      "content": "听到野火才想起来今天是母亲节，各位兄弟们看到不要忘记祝母亲节日快乐呀[七濑胡桃_我超可爱][七濑胡桃_我超可爱]",
      "likes": 13,
      "reply_time": "2024-05-12 09:25:21",
      "rpid": "221029976688",
      "mid": "66720017"
    },
    {
      "user": "滑稽剧场版",
      "content": "如果有些弹幕让你不爽。 请你也不要在弹幕上回复什么xxx  爬     你直接举报就好。   因为影响观感的不只是他，还有你这些反驳的弹幕",
      "likes": 13,
      "reply_time": "2024-05-06 12:09:55",
      "rpid": "220138114528",
      "mid": "291816115"
    },
    {
      "user": "格拉默老兵烘焙烧烤店",
      "content": "聊聊鸟唱的《使一颗心免于哀伤》这首歌，看个演唱会整不会了，我用球棒想都知道有人要吵起来，是个玩家都知道歌曲设定上是知更鸟唱的，但是是个玩家也都明白这歌在游戏里官方给谁用了，\n老米自己写的歌，把名头给知更鸟，然后把歌在剧情里用给流萤，歌和老米有直接关系，和知更鸟有直接关系，和流萤也有直接关系，讨论归属权之前别真把米给忘了，那么一切以官方在剧情和其他地方的态度为准，而目前看来就是歌手和MV女主之间的关系，\n老米给鸟的不止有这一首歌，但是对于鸟来说一首歌都不能少，任何人把这首歌切割鸟的行为都很逆天，可是仅仅是发了流萤和相关的东西就被骂不也是纯双标吗？\n有人刷鸟，有人刷流萤，本来并不冲突，可是就是有人心里的占有欲作祟看不惯别人在弹幕里搞事，我的评价是收收味",
      "likes": 13,
      "reply_time": "2024-05-07 00:36:25",
      "rpid": "220238957952",
      "mid": "100913094"
    },
    {
      "user": "是彩虹呀__",
      "content": "施工一下：\n\n0:52开场的卡农\n1:15卡芙卡\n4:35三月七\n8:52星间旅行\n12:15姬子\n13:32空间站的小曲 太空漫步\n15:32银狼\n18:22托帕\n20:22空间站战斗BGM\n24:12列车BGM 踏上旅途\n29:02贝洛伯格\n32:12下层区+垃圾桶表演\n33:30希儿\n35:00希露瓦 引爆在黎明将现 rap\n37:38永冬岭\n39:12永冬岭历战余响BGM\n41:12野火\n47:55海若隐珠\n50:12水龙吟\n54:10罗浮\n56:57镜流\n58:46刃\n1:00:55仙舟战斗BGM 雷车动地\n1:03:07仙舟的小曲+舞狮\n1:06:50霍霍+杂技\n1:09:12虚构叙事的小曲 幻胧语音放送\n1:11:20蝉喓歌\n1:17:40景元\n1:20:45二创曲 FUNNY BONE 滑稽之骨\n1:24:26二创曲 致：黯淡星\n1:28:52匹诺康尼的小曲+表演\n1:33:40使一颗心免于哀伤\n1:37:25在银河中孤独摇摆\n1:40:32匹诺康尼的小曲+表演\n1:42:43萨姆\n1:45:05花火\n1:47:50不眠之夜（英文版）安可\n1:53:13登录",
      "likes": 35,
      "reply_time": "2024-05-06 14:18:42",
      "rpid": "220154753056",
      "mid": "482185972"
    },
    {
      "user": "星屑が帰る時",
      "content": "战斗，爽！[脱单doge]",
      "likes": 14,
      "reply_time": "2024-05-06 12:01:54",
      "rpid": "220136995040",
      "mid": "10417018"
    },
    {
      "user": "IJN_Hibiki",
      "content": "0:01:15 卡芙卡\n0:04:30 三月七（来，拍照啦PV）\n0:08:45 星间旅行\n0:12:20 姬子（追星星的人PV）\n0:13:35 太空漫步\n0:15:30 即兴演出+银狼（有点意思PV）\n0:18:22 托帕&账账（专家教学PV）\n0:20:20 危机预知（空间站的战斗小曲）\n0:22:15 灾虐的黎明（末日兽，你的第一个周本）\n0:24:14 踏上旅途（列车的小曲）\n0:27:49 帕姆出场 （雅利洛六号转场）\n0:29:04 余烬 （上城区的小曲）\n0:30:26 炉火（此时开拓者正在翻垃圾桶）\n0:32:15 喧哗（磐岩镇的小曲，由抽象垃圾桶为您演绎）\n0:33:30 希儿（一夜无事PV）\n0:35:05 引爆在黎明将现（八十八度矿底）\n0:37:40 永冬（大战将启）\n0:39:12 严寒行军（一阶段）\n0:41:05 野火（可可利亚经典曲目）\n0:45:04 帕姆出场（仙舟转场）\n0:47:55 海若隐珠（仙舟的小曲）\n0:49:50 水龙吟 序\n0:50:20 水龙吟（保护我方心海）",
      "likes": 12,
      "reply_time": "2024-05-06 15:47:36",
      "rpid": "220163532304",
      "mid": "185837863"
    },
    {
      "user": "茶妖_",
      "content": "敢于把二创也接纳到官方的演唱会我只能说mhy真的会做事",
      "likes": 13006,
      "reply_time": "2024-05-06 16:50:04",
      "rpid": "220170185520",
      "mid": "233987670"
    },
    {
      "user": "BestPaimon",
      "content": "真是令人惊叹，民族的和世界的，古代的和现代的，优雅的和癫狂的，如此厚重的文化，连同复杂多样的情感，交汇展现于这一片舞台，以飨观众[保卫萝卜_哇]",
      "likes": 13,
      "reply_time": "2024-05-06 14:13:22",
      "rpid": "220154272944",
      "mid": "294775260"
    },
    {
      "user": "宵宫宝藏女孩",
      "content": "我觉得大家都是奔这几个节目去的\n1:16卡妈首先点燃全场，请各位聆听妈声一片\n4:35小三月闪亮登场\n8:52星间旅行双语版，茶叔带我们梦回启程盛典\n15:35银狼小妈让赛博风席卷整个舞台\n24:14踏上旅途 一年过去了，我们依旧会在开拓的旅途上越走越远，直到抵达那个……\n33:29一夜无事 希儿！我的希儿！！！\n35:05引爆在黎明将现（希露瓦pv+机械部落说唱）来点不一样的气氛吧，摇摆起来！\n37:40永冬岭的小曲 压迫感来袭，大战将至\n41:07野火 贝洛伯格最强音，是多少人用到水龙吟甚至是使一颗心免于哀伤出来之前的列车曲目。还记得当年陪我们第一次打可可利亚的那些伙伴们吗？我先来：火主，娜塔，绀海组\n50:22水龙吟 一首火出圈的中文EP。龙王开海，饮月君临。咱铁道也要有自己的水龙！\n57:05镜流角色pv曲 就让这一轮月华，照彻万川！\n58:46刃叔角色pv曲丝滑衔接，谨以此剑，为你送葬！唢呐一响，智商清场，天灵盖都给掀翻喽\n1:09:14现虚构叙事准备曲，幻陇boss战准备曲，依旧是压迫感十足，景元将军的背影真的好心疼\n1:11:25蝉喓歌 幻陇Boss战曲目（分三阶段）三阶段曲调由平缓→逐渐压抑紧张→激昂，表现不同阶段战斗双方的优劣，仙舟翾翔，云骑常胜！吾等必将誓死追随帝弓司命！！！\n1:17:52景元将军角色pv曲 终究是我将军一人抗下所有，往昔故友如今均不像从前那般……\n1:24:32致黯淡星 当年最感动的一部二创，洛奇永远的真男人！还有今年在自走棋随到了他们的好结局差点泪崩了真的。（大毛唱的好好听！可惜抢不到票[大哭]）\n1:33:52Chevy献唱使一颗心免于哀伤 在银河间孤独摇摆 期待专辑发布！！！\n1:48:03不眠之夜英文版 不要有偏见说不如杰哥哦，JM唱的明明很好！\n1:53:40游戏登录界面&开门的小曲，每天都听，但永远听不烦\n1:56:21目前所有仔机角色立绘展示，别忘了这些陪伴我们一起开拓的伙伴们！\n祝崩铁一周年快乐！愿此行，终抵群星！！！",
      "likes": 13,
      "reply_time": "2024-05-06 12:40:22",
      "rpid": "220142583888",
      "mid": "510797879"
    },
    {
      "user": "真是帮大忙了",
      "content": "压播放是不是太离谱了，每次点进来都几万人，现在才不到100w播放[藏狐]",
      "likes": 15,
      "reply_time": "2024-05-06 23:02:23",
      "rpid": "220225269840",
      "mid": "39213380"
    },
    {
      "user": "Hyacinth_yt",
      "content": "1:33:48 「知更鸟」现场演出指路   歌手：chevy\n\n蓝色字幕君已就位，已配好中英双字幕于弹幕池底端，看不到的开拓者可以调整弹幕设置显示底端弹幕，或降低屏蔽等级 愿各位开拓者看的开心。\n\n「知更鸟小姐可是家喻户晓的银河大明星！没有中英文的双语字幕怎么行！」",
      "likes": 13,
      "reply_time": "2024-05-06 23:20:38",
      "rpid": "220228322384",
      "mid": "26682475"
    },
    {
      "user": "丶丨酱油",
      "content": "传送门整理：\n0:00:50 卡妈专场\n0:04:35 三月七专场\n0:08:47 星间旅行（崩铁OP茶理理）\n0:12:19 姬子阿姐印象曲\n0:13:35 空间站小曲儿\n0:15:35 银狼专场！！！！\n0:18:23 买榜姐托帕专场！！！！！！\n0:20:26 虚卒小曲儿（空间站战斗音乐）\n0:22:17 暴打末日兽\n0:24:10 踏上旅途（正式启程！）\n0:27:47 帕姆报道！小N开唠！\n0:29:02 初见贝洛伯格\n0:32:10 下城区垃圾桶大战\n0:33:29 希儿专场\n0:35:00 希露瓦+说唱rap\n0:37:40 雪原背景+决战可可利亚之前音乐\n0:39:12 造物引擎小曲儿\n0:41:06 野火\n0:45:02 帕姆抽奖环节\n0:47:55 仙舟罗浮登场，鳞渊境\n0:50:10 水龙吟开场！\n0:54:15 星槎海BGM\n0:57:02 镜流直接照彻万川\n0:58:45 阿刃专场\n1:01:01 仙舟战斗BGM（大鼓帅炸了）\n1:03:10 双谛听大闹金人巷\n1:06:55 尾巴大爷登场！\n1:07:49 尾巴大爷戏谛听\n1:09:10 景元过场，幻胧登台\n1:11:20 蝉喓歌\n1:15:35 仙舟翾翔，云骑常胜！ 景元破敌！\n1:17:42 景元专场，云骑军威武！\n1:20:43 帕姆登场说了几句帕！\n1:21:08 滑稽之骨（桑博二创）\n1:24:31 小缘喵女王登场，致：暗淡星（这个开头有声音很清楚哈哈）\n1:28:58 钟表小子登场！匹诺康尼BGM\n1:33:40 chevy，寰宇巨星知更鸟小姐献唱两首！好听爆了！！！\n1:40:40 米老表再次登台，他的好兄弟登场，发出一声很酷的哼！\n1:42:47 流萤登场！她将点燃大海！\n1:45:10 花火专场，乐子人的主场！\n1:47:51 不眠之夜！\n1:53:10 列车长帕姆再次登台，界面登陆小曲儿。愿此行，终抵群星！！\n1:58:00 众人向现场观众道谢！崩铁一周年快乐！！！",
      "likes": 13,
      "reply_time": "2024-05-06 13:43:31",
      "rpid": "220151000064",
      "mid": "50669548"
    },
    {
      "user": "早睡丶晚起",
      "content": "过了这么久还有300人在看[tv_目瞪口呆]",
      "likes": 12,
      "reply_time": "2024-05-31 00:27:51",
      "rpid": "223952622720",
      "mid": "33551720"
    },
    {
      "user": "普通の椰子",
      "content": "对不起，我不厚道的笑了",
      "likes": 8,
      "reply_time": "2024-05-13 21:12:25",
      "rpid": "221290763808",
      "mid": "1468621839"
    },
    {
      "user": "北極の南",
      "content": "到我了到我了[星星眼][星星眼][星星眼]",
      "likes": 8,
      "reply_time": "2024-05-06 18:23:45",
      "rpid": "220182041328",
      "mid": "20721683"
    },
    {
      "user": "民国豌豆",
      "content": "舞台上怎么没有那个掌管摇滚的神？[妙啊][妙啊]",
      "likes": 11,
      "reply_time": "2024-05-06 12:01:37",
      "rpid": "220136979488",
      "mid": "484465441"
    },
    {
      "user": "八奈见可爱捏_",
      "content": "这里是野生的传送锚点\n卡芙卡妈妈  0:00:58\n星间旅行    0:08:53\n空间站の小曲  0:13:35\n踏上旅途    0:24:13\n野火        0:41:05\n水龙吟      0:50:20\n刃          0:58:45\n蝉喓歌      1:11:23\n景元        1:17:49\n致：黯淡星  1:24:30\n使一颗心免于哀伤  1:33:53\n在银河中孤独摇摆  1:37:25\n萨姆         1:42:55\n花火         1:45:05\n不眠之夜     1:48:05",
      "likes": 30,
      "reply_time": "2024-05-06 12:45:35",
      "rpid": "220143355888",
      "mid": "1985394108"
    },
    {
      "user": "老师说我没他胖",
      "content": "带节奏的不一定都是那个邪教游戏玩家 就好像精神病院里都是精神病 但精神病不一定都在精神病院里 大家简单举报就好 别骂回去了",
      "likes": 15,
      "reply_time": "2024-05-07 11:09:42",
      "rpid": "220274917248",
      "mid": "11236703"
    },
    {
      "user": "nagooo",
      "content": "在现场 真的效果太棒了 从全场一起喊三月七开始就热泪盈眶 灯光亮起的时候千万个不愿意散场 感谢所有工作人员的付出 希望每一年都能和开拓者们相聚一堂！",
      "likes": 8,
      "reply_time": "2024-05-06 15:05:50",
      "rpid": "220159473648",
      "mid": "19119126"
    },
    {
      "user": "虚无_申鹤",
      "content": "我知道你们在找什么，不用谢。\n1:17:48",
      "likes": 11,
      "reply_time": "2024-05-24 16:17:52",
      "rpid": "222947588224",
      "mid": "10131136"
    },
    {
      "user": "lM_P已存在",
      "content": "想说的话太多了，到了嘴边（或者说手边）反而语无伦次了起来，在这个盛大演出的背后我能看到的是无数挥洒才华的玩家和制作人，所有演出的节目或者说游戏中所涵盖的知识面极其广泛且深厚。我们的游戏产业和IP并不发达，在我们的印象中，这种音乐的是高雅的，我们游戏玩家是低俗的，但其实这些研究高雅音乐和艺术的人又何尝不可能是游戏玩家呢？这种超大场景和布置需要极其庞大的统筹策划能力，游戏玩家和爱好者们的另一个身份可以在舞台上交融，当灵魂与才华共鸣的时候，所创作的作品的震撼是无与伦比的。\n从流浪地球的热爱到开发电影工业化，也有黑神话团队开发国风3A游戏的，米哈游愿意下如此投入去进行文化产业的挖掘和培养，我看到了中国文化产业可挖掘的深厚潜力与苏醒，我每次都会痛苦自己为什么不能早些了解，渴望自己能够参与到文化氛围的建设中，并为此落泪。\n我现在刚刚进入游戏行业，我希望自己以后能够尽自己所能，当一颗螺丝钉也好，电池也好，在能够留下一笔痕迹的作品中写下自己的署名。",
      "likes": 11,
      "reply_time": "2024-05-07 21:06:54",
      "rpid": "220351787312",
      "mid": "3859963"
    },
    {
      "user": "胡桃桃不会嗷",
      "content": "41:07 母亲节金曲（doge）\n50:06 心海不妙曲（doge）\n01:37:26 知更鸟！！\n01:43:10 点燃大海！！",
      "likes": 7,
      "reply_time": "2024-05-06 12:21:15",
      "rpid": "220139671424",
      "mid": "227308289"
    },
    {
      "user": "梨花白与龙舌兰",
      "content": "规则，就是用来打破的！[保卫萝卜_哇][保卫萝卜_哇][保卫萝卜_哇]\n可惜戒断反应还在，后劲太大了[保卫萝卜_哭哭][保卫萝卜_哭哭][保卫萝卜_哭哭]",
      "likes": 6,
      "reply_time": "2024-05-07 12:24:43",
      "rpid": "220284305248",
      "mid": "373185770"
    },
    {
      "user": "啊不就是这样",
      "content": "53:19 不用谢[妙啊]",
      "likes": 6,
      "reply_time": "2024-05-06 12:24:54",
      "rpid": "220140235280",
      "mid": "382521941"
    },
    {
      "user": "云隐于夜",
      "content": "在现场！",
      "likes": 6,
      "reply_time": "2024-05-06 13:06:21",
      "rpid": "220146366176",
      "mid": "159543103"
    },
    {
      "user": "春日影高手抹茶猫咪",
      "content": "中午12点到现在还有1.9w正在看，结果告诉我播放量没破百万，怎么绘世呢？",
      "likes": 12,
      "reply_time": "2024-05-06 23:41:34",
      "rpid": "220231541056",
      "mid": "296735001"
    },
    {
      "user": "happy_hhhh",
      "content": "指路：53:19",
      "likes": 1869,
      "reply_time": "2024-05-06 12:08:36",
      "rpid": "220137905328",
      "mid": "62023349"
    },
    {
      "user": "攒星罐子",
      "content": "我还以为鸟pv要来了[笑哭]",
      "likes": 10,
      "reply_time": "2024-05-06 12:00:27",
      "rpid": "220136760672",
      "mid": "1313049986"
    },
    {
      "user": "文鸢23333333",
      "content": "百万修音[香奈美·追寻那道光 应援装扮_让我看看]茶叔我记得当时是破了3次音的，全修好了",
      "likes": 10,
      "reply_time": "2024-05-06 12:24:18",
      "rpid": "220140201392",
      "mid": "483598349"
    },
    {
      "user": "Mr暗逐",
      "content": "当时直播大概是这样",
      "likes": 456,
      "reply_time": "2024-05-06 15:29:27",
      "rpid": "220161764624",
      "mid": "52765287"
    },
    {
      "user": "对_立_立_",
      "content": "卡妈真的给了我个惊喜！\n现场真的超级无敌震撼！！\n希望星穹铁道可以和我们一起走下去！",
      "likes": 5056,
      "reply_time": "2024-05-06 13:30:47",
      "rpid": "220149571152",
      "mid": "445013387"
    },
    {
      "user": "太会聊天真君",
      "content": "好痒啊，我魔阴身要发作了，大家救救我",
      "likes": 9,
      "reply_time": "2024-05-31 08:27:52",
      "rpid": "223976202096",
      "mid": "388568514"
    },
    {
      "user": "Zenszas",
      "content": "英配CV们提到过，Chevy早年一直坚持给hoyofair投稿创作，后来终于被米哈游官方问想不想来给我们唱歌\n二创的歌姬们加油共勉[脱单doge]",
      "likes": 10,
      "reply_time": "2024-05-06 12:12:09",
      "rpid": "220138420768",
      "mid": "2153264"
    },
    {
      "user": "彦卿保护协会会长",
      "content": "0：53 有声音开始\n01：22 卡妈音乐\n01：41 卡妈出场\n04：09 卡妈说话\n04：34 三月七音乐\n06：00 三月七出场\n08：52 星间旅行\n12：25 姬子音乐\n13：35 空间站音乐（太空漫步）\n15：36 银狼音乐\n19：23 托帕音乐\n20：28 空间站战斗小曲\n22：24 末日兽小曲\n24：14 踏上旅途（26：13 激昂，燃起来了）\n27：54 帕姆出场\n29：04 上城区音乐\n32：14 下城区音乐，垃圾桶出场\n33：25 希儿音乐\n35：04 在黎明将现，希露瓦音乐（05： 21 说唱）\n37：42 永冬岭小曲\n41：08 野火\n45：08 帕姆出场，抽奖环节\n47：57 仙舟小曲\n49：51 水龙吟预备\n50：22 水龙吟",
      "likes": 31,
      "reply_time": "2024-05-06 12:59:20",
      "rpid": "220145342560",
      "mid": "515853341"
    },
    {
      "user": "直播中心管理员",
      "content": "课代表来了\n\n卡芙卡 《戏剧性反讽》   0:56\n三月七 来拍照吧  4:39\n三月七的小魔法   6:01\n1.《星间旅行》 茶理理   8:56\n姬子 《追星星的人》12:22\n黑塔空间站 《太空漫步》 13:40\n银狼《即兴演出》 15:37\n扑满的小曲  18:25\n黑塔空间站 战斗bgm系列   20:29\n2.《踏上旅途》Anthony Lynch   25:16\n帕姆帕姆帕  27:57\n贝洛伯格 《余烬》《炉火》  29:06\n贝洛伯格 下层区系列bgm  32:17\n希儿 《一夜无事》 33:32\n3.《引爆在黎明将现》 孙瑄阳Xtina  35:05\n贝洛伯格 永冬岭系列bgm  37:42\n4.《野火》Jonathan Steingard   41:07\n帕姆帕姆帕 45:08\n海若隐珠 47:59\n5.《水龙吟》优素  50:00",
      "likes": 9,
      "reply_time": "2024-05-06 12:39:51",
      "rpid": "220142459984",
      "mid": "389638997"
    },
    {
      "user": "斋忆_",
      "content": "看见有仙舟导航，那我做个前面的\n00:52 开场 卡妈小提琴solo+PV+言灵\n04:34 小三月PV+“一个全场都变成三月七的魔法”\n08:51 星间旅行\n12:17 姬子阿姐PV+空间站的小曲\n15:34 狼一直银PV+碟一直打+托帕.胀胀PV\n20:30 空间站（反物质军团+末日兽）战斗曲\n24:16 踏上旅途（加长改编版）yyds\n27:50 N酱现场配帕姆互动帕，话说列车长真的会说这么多帕吗\n29:00 贝洛伯格的小曲+王下一桶之争\n33:42 希儿.没有姓PV\n35:00 引爆在黎明出现+希露瓦PV（融合得恰到好处）\n37:40 永冬岭的小曲+造物引擎的小曲\n41:07 野火（我就是为了这盘醋包的这个传送门饺子）[给心心][给心心][给心心]\n45:05 帕姆抽奖（最羡慕现场的环节）",
      "likes": 9,
      "reply_time": "2024-05-06 15:12:46",
      "rpid": "220160078768",
      "mid": "286392444"
    },
    {
      "user": "洛水仙客",
      "content": "@鸣潮",
      "likes": 8,
      "reply_time": "2024-05-31 20:34:03",
      "rpid": "224066261184",
      "mid": "1172135871"
    },
    {
      "user": "能给个啵啵吗",
      "content": "说尬的就赶紧滚一边去，还有时间在那儿打字",
      "likes": 8,
      "reply_time": "2024-05-10 23:27:20",
      "rpid": "220824490976",
      "mid": "443643741"
    },
    {
      "user": "子夜きとう",
      "content": "幽默",
      "likes": 7,
      "reply_time": "2024-05-06 18:49:35",
      "rpid": "220185868992",
      "mid": "35858774"
    },
    {
      "user": "逸吻情深",
      "content": "chevy小姐姐之前是素人，应该没有什么大舞台的表演经验吧，但是这次演唱会的舞台感太棒了，从容自信，演唱也很专业，真的是在闪闪发光~[给心心]",
      "likes": 9257,
      "reply_time": "2024-05-06 14:12:02",
      "rpid": "220154170208",
      "mid": "474306832"
    },
    {
      "user": "十栗紫",
      "content": "不是  还有人在看啊  469个人  还在看的可以回我一句吗[脱单doge]",
      "likes": 8,
      "reply_time": "2024-05-25 00:55:59",
      "rpid": "223027199792",
      "mid": "1418593690"
    },
    {
      "user": "我不梓到啊",
      "content": "[C酱兔兔纪念装扮_很急][C酱兔兔纪念装扮_很急][C酱兔兔纪念装扮_呜]悲报，我花半个多小时打的轴因为字太多不知道哪个词违被限了，没有人点赞呜呜",
      "likes": 8,
      "reply_time": "2024-05-06 14:22:16",
      "rpid": "220155200624",
      "mid": "5613114"
    },
    {
      "user": "昕宁花乱",
      "content": "身为一位已经转业的舞台灯光师，看到那几盏不受控的光束灯心里还是一颤[微笑]没办法，灯太多了信号容易串",
      "likes": 8,
      "reply_time": "2024-05-07 12:58:53",
      "rpid": "220289698512",
      "mid": "12552069"
    },
    {
      "user": "Altoris233",
      "content": "[微笑]没想到这么好看。追番都快追不动的老二次元坐着不动看了两个小时",
      "likes": 8,
      "reply_time": "2024-05-06 21:57:29",
      "rpid": "220214451280",
      "mid": "3468241"
    },
    {
      "user": "天气很酷",
      "content": "弹幕《直播明显就是麦克风问题，也不能怪B站》[大笑]",
      "likes": 10,
      "reply_time": "2024-05-06 17:50:25",
      "rpid": "220177432016",
      "mid": "477049443"
    },
    {
      "user": "西厉他红",
      "content": "（转自另一chevy录播视频下本人评论）\n（祝各位看到这条的开拓者保底不歪，十连双金！）\n刚从上海飞回成都，有幸抢到了S档A2区的票，内场发言就是非常非常稳，很美很美的声音。刚开始的几句有一点点明显的紧张造成的声带干涩，但仍然发挥稳定。越到后面状态越好，场景切换为筑梦边境的副歌部分时我一个单曲循环几百遍的听众没听出来差别。后面到第二首歌就完全放开了，很可爱很热情的在和舞美还有观众互动，笑容真的非常治愈，观演完感觉人刚泡完温泉还洗了热水澡，整个人干干净净被从疲惫里捞上来。\n上海的晚风吹过我发梢的时候，我一边等网约车一边忍不住掉眼泪，真的是提了一手的伴手礼周边和包然后突然哭的手忙脚乱的，但是在眼泪之余又由衷地感到一种剔透的喜悦。谢谢chevy，谢谢知更鸟小姐，谢谢所有制作人员。\n我心目中的知更鸟就应该是这样，真心希望明年给她配一件更美的裙子，更大的舞台，更棒的舞美。真的太棒了。在这个年代能看到这样的内容，看到有人唱这样的歌给我听。\n我近半年生活遭遇了巨变，一度崩溃得爬不起来。但之前2.0剧情过完我就确信前瞻说的演唱会和嘉年华我一定要去。\n这是我今年以来最开心的三天。\n明年我也会来听知更鸟小姐唱歌的。\n谢谢米哈游。",
      "likes": 8,
      "reply_time": "2024-05-06 13:07:48",
      "rpid": "220146661888",
      "mid": "28593148"
    },
    {
      "user": "望月水母_zz",
      "content": "想听使一颗心免于哀伤的请移步1：34：00[花园花铃表情包_举手！]",
      "likes": 7,
      "reply_time": "2024-05-06 12:02:10",
      "rpid": "220137072752",
      "mid": "443067384"
    },
    {
      "user": "晨兴Amory",
      "content": "没抢到票，5月1日晚上全程站在门口听的，隔音效果非常好，什么都听不到，终于有录播版本了，太棒了[给心心]",
      "likes": 7,
      "reply_time": "2024-05-06 12:09:09",
      "rpid": "220138014224",
      "mid": "450941386"
    },
    {
      "user": "Deepasi",
      "content": "前几天明明弹幕气氛挺好的怎么现在又有小可爱在弹幕里争免于哀伤是谁的曲子，但凡认真过了剧情或者看了米发的ep……",
      "likes": 10,
      "reply_time": "2024-05-14 01:24:56",
      "rpid": "221328944176",
      "mid": "428419"
    },
    {
      "user": "梦蝶-1108",
      "content": "08:50  星间旅行\n24:12  踏上旅途\n35:00  引爆在黎明将现 [打call]\n41:04  野火\n49:40  水龙吟\n1:03:10  仙舟文艺汇演 [福]\n1:09:15  幻胧\n1:11:20  蝉喓歌\n1:17:40  仙舟翾翔！云骑常胜！ [奋斗]\n1:21:04  Funny Bone 滑稽之骨\n1:24:30  致：黯淡星\n1:28:55  匹诺康尼歌舞秀 [呲牙]\n1:33:40  使一颗心免于哀伤\n1:37:25  在银河中孤独摇摆\n1:40:40  发出一声很酷的“哼” [墨镜]\n1:42:44  我将，点燃大海！\n1:45:10  花火大人登场～\n1:47:50  不眠之夜唯一真神[喜欢]\n1:51:30  安可环节\n1:52:30  哦哦哦哦哦哦哦！\n1:53:30  愿此行，终抵群星！ [给心心]\n1:57:57  谢幕环节",
      "likes": 7,
      "reply_time": "2024-05-06 14:42:39",
      "rpid": "220157174528",
      "mid": "3537118886365956"
    },
    {
      "user": "飘飘漂瓢瞟_奴良1007x",
      "content": "我喜欢的\n开场卡芙卡0：55\n空间站战斗曲20：27\n踏上旅途24：13\n下城区32：15\n希儿33：29\n上山打可可莉娅37：40\n野火41：06\n水龙吟50：22\n刃58：45\n打幻胧1：09：12\n蝉喓歌1：11：22\nfunny bone 1：21：08\n致黯淡星1：24：32\n使一颗心免于哀伤1：33：55\n花火1：45：08\n不眠之夜1：48：09",
      "likes": 7,
      "reply_time": "2024-05-06 14:27:31",
      "rpid": "220155569136",
      "mid": "262896102"
    },
    {
      "user": "小邋遢zzzz",
      "content": "如果说前半段和后半段歌手演唱的一部分音乐让我很激动的话，对比起来仙舟整体的内容都让我感到好震撼，老米你怎么这么会做国风啊，把赛博仙侠和民俗文化结合的好好，很优秀的文化输出了，又感动又骄傲[原神_哇]",
      "likes": 7,
      "reply_time": "2024-05-06 22:15:11",
      "rpid": "220217427472",
      "mid": "23391803"
    },
    {
      "user": "化里",
      "content": "分享个很搞笑的事情：\n星穹铁道在某些平台上会有一个景元丹恒相关的剪辑广告。后来微博上有人给它换了个音轨，换成了《致黯淡星》，然后被一些老外看见了，这帮老外看到这个视频的发布者顶着星穹铁道的图标头像，视频下面还有下载链接，以为这是官方的，于是在x上就有了“米哈游用致黯淡星给景丹cp打call”的谣言。这次演唱会唱了致黯淡星，我本想去x上看看老外的评价，结果全是景丹cp内容，把我看傻了[辣眼睛]",
      "likes": 7,
      "reply_time": "2024-05-06 21:40:48",
      "rpid": "220211932800",
      "mid": "1519880616"
    },
    {
      "user": "蛋黄的狗_",
      "content": "来力~",
      "likes": 7,
      "reply_time": "2024-05-06 12:01:01",
      "rpid": "220136867648",
      "mid": "104976653"
    },
    {
      "user": "丶Kanna",
      "content": "难以想象，从发布到现在一直都是几万+在线，晚上11点半了总播放87.9w",
      "likes": 7,
      "reply_time": "2024-05-06 23:38:23",
      "rpid": "220231009632",
      "mid": "1723044"
    },
    {
      "user": "伊克斯的梦呓",
      "content": "完全被chevy圈粉了，唱的好稳，人也好甜，邻家女孩那种可爱的甜[打call][打call][打call]",
      "likes": 7,
      "reply_time": "2024-05-06 23:24:09",
      "rpid": "220228845776",
      "mid": "1790837"
    },
    {
      "user": "规则",
      "content": "每次进来都是1万多在线观看，结果一天过去了只有120万播放，这就是米站[笑哭]",
      "likes": 8,
      "reply_time": "2024-05-07 21:39:49",
      "rpid": "220356927696",
      "mid": "505423"
    },
    {
      "user": "゙゚河野华",
      "content": "中午看到更新，没有看，现在养肥了弹幕看，果然没有让我失望\n“九月二十一”\n“带头冲锋”\n“我是造物引擎的狗”\n...\n我真的太喜欢充满弹幕的氛围了，大家都好会，谢谢各位B友们[打call][给心心]",
      "likes": 9,
      "reply_time": "2024-05-06 20:39:20",
      "rpid": "220202054720",
      "mid": "12040857"
    },
    {
      "user": "是梅小酒",
      "content": "6：40 三月的灯光环节现场看到是这样的 超级好看！",
      "likes": 138,
      "reply_time": "2024-05-06 14:07:09",
      "rpid": "220153683232",
      "mid": "227410538"
    },
    {
      "user": "随安walnut",
      "content": "转载\n00：53 卡芙卡pv\n04：35 三月七pv\n08：51 星间旅行\n12：18 姬子pv\n13：36 太空漫步\n15：34 即兴演出＋银狼の小曲\n18：24 托帕pv\n20：26 空间站战斗の小曲\n22：17 末日兽boss\n24：13 Take the Journey（续写交响上大分）\n27：50 帕姆互动环节\n29：02 贝洛伯格上城区bgm\n30：32 行政区bgm\n31：05 博物馆bgm\n32：14 下城区bgm（垃圾桶打架）\n33：30 希儿\n35：02 希露瓦pv＋下城区说唱npc\n37：40 永冬岭bgm\n39：14 造物引擎，启动！\n41：06 野火（划重点）\n45：04 帕姆抽奖环节\n47：55 鳞渊境＋水龙吟（划重点）\n54：15 星槎海＋长乐天bgm 邀挽明月成宵宴＋双人舞\n57：00 镜流pv\n58：45 刃pv（无缝衔接，连起来看效果更佳）\n1：01：01 雷车动地（仙舟战斗bgm）\n1：03：10 金人巷bgm片时酣＋舞狮\n1：04：47 金人巷bgm＋杂技\n1：06：49 藿藿pv＋空竹cos鬼火＋尾巴大爷抽象表演\n1：09：11 景元元水幕投影＋幻胧友情赞助旁白\n1：11：22 蝉喓歌（划重点）\n1：17：42 景元pv\n1：21：09 Funny Bone\n1：24：30 致：黯淡星\n1：28：56 钟表小子＋黄金的时刻bgm\n1：31：37 苏乐达の小曲\n1：33：50 知更鸟 使一颗心免于哀伤\n1：37：27 知更鸟 在银河中孤独摇摆\n1：40：40 忘了是哪个地图的bgm\n1：41：27 钟表小子和哈努兄弟\n1：43：01 我将，点燃大海！（萨姆出场）\n1：45：10 花火pv\n1：48：09 不眠之夜（划重点）\n1：53：37 星穹铁道启动\n1：54：49 各位星神的小曲\n1：56：20 全员立绘",
      "likes": 8,
      "reply_time": "2024-05-06 17:32:04",
      "rpid": "220175022960",
      "mid": "3493091874966371"
    },
    {
      "user": "小酱油琵琵莕",
      "content": "听个歌曲网上一群弹幕非要争是谁的，真是一群孩子，像是拼命证明自己是对的，任性的样子",
      "likes": 8,
      "reply_time": "2024-05-24 02:50:27",
      "rpid": "222879045488",
      "mid": "202298379"
    },
    {
      "user": "流年念清",
      "content": "贡献一张我觉得拍的超棒的卡芙卡妈咪！！！以及真的唱了，我还记得大家喊了点燃大海啊啊啊啊现在回想还是好激动",
      "likes": 5,
      "reply_time": "2024-05-07 21:40:35",
      "rpid": "220357125936",
      "mid": "21016535"
    },
    {
      "user": "默兮笙",
      "content": "这是怎么回事[思考]",
      "likes": 5,
      "reply_time": "2024-05-07 20:09:04",
      "rpid": "220343166784",
      "mid": "362255309"
    },
    {
      "user": "你呼叫的袅音已睡着",
      "content": "崩坏星穹铁道启动！！！！！！",
      "likes": 5,
      "reply_time": "2024-05-06 19:57:47",
      "rpid": "220196014208",
      "mid": "94154617"
    },
    {
      "user": "猫以超级好",
      "content": "现场怪来了！[doge]这辈子第一次看演唱会就是位置绝好又这么炸裂的现场！！卡妈投影出来现场都喊疯了[星星眼]真的是人生无憾了[大哭][大哭][大哭]老米你是真的牛！！！",
      "likes": 5,
      "reply_time": "2024-05-06 18:06:16",
      "rpid": "220179592128",
      "mid": "44352962"
    },
    {
      "user": "粢饭吃甜不吃咸",
      "content": "[脱单doge]",
      "likes": 5,
      "reply_time": "2024-05-06 13:28:21",
      "rpid": "220149222992",
      "mid": "1415547741"
    },
    {
      "user": "潘-dora",
      "content": "你们怎么知道我在现场[脱单doge][响指]",
      "likes": 5,
      "reply_time": "2024-05-06 13:10:09",
      "rpid": "220146964576",
      "mid": "35438905"
    },
    {
      "user": "英奎奎奎",
      "content": "这次真在现场！！",
      "likes": 5,
      "reply_time": "2024-05-06 12:25:16",
      "rpid": "220140337344",
      "mid": "13675537"
    },
    {
      "user": "玖天玉河星梦月",
      "content": "《使一颗心免于哀伤》米哈游在演唱会背景动画里的小心思：\n是官方发糖哦，如童话一般的粉色云朵伴随着流萤当导游带开拓者一路遇到的事物如橡木蛋糕 1:34:48 等一一飘过（按时间顺序对应）、后面还有螺旋阶梯里的流萤身影 1:35:48、流萤的秘密基地 1:36:06。",
      "likes": 5,
      "reply_time": "2024-05-06 12:17:58",
      "rpid": "220139291312",
      "mid": "10805928"
    },
    {
      "user": "江雨婷ovo",
      "content": "准备回家了！嘉年华呵演唱会都在现场[惊喜][惊喜][惊喜]",
      "likes": 5,
      "reply_time": "2024-05-06 12:03:09",
      "rpid": "220137172560",
      "mid": "176062363"
    },
    {
      "user": "影行高山",
      "content": "虽然我们开玩笑说是五一放完假上班才发，但其实看得出来是导播组加班剪出来的，效果和音质都不错。辛苦了。",
      "likes": 3106,
      "reply_time": "2024-05-06 13:08:07",
      "rpid": "220146551680",
      "mid": "1720134735"
    },
    {
      "user": "坏メ东东丶",
      "content": "要什么迪士尼乐园，米哈游乐园不好玩吗",
      "likes": 6,
      "reply_time": "2024-06-04 14:25:47",
      "rpid": "224644516768",
      "mid": "23140267"
    },
    {
      "user": "柯零_",
      "content": "是谁还在边写作业边三刷",
      "likes": 6,
      "reply_time": "2024-06-03 21:42:39",
      "rpid": "224554227632",
      "mid": "522135078"
    },
    {
      "user": "年花花花哦",
      "content": "米哈游敢出音游我就敢玩 别逼我跪下来求你",
      "likes": 6,
      "reply_time": "2024-06-03 08:25:10",
      "rpid": "224454294160",
      "mid": "501712341"
    },
    {
      "user": "我永远喜欢景元将军",
      "content": "47:55 猜你想看",
      "likes": 6,
      "reply_time": "2024-05-06 12:01:22",
      "rpid": "220136966032",
      "mid": "1768405399"
    },
    {
      "user": "小司雨",
      "content": "现场因为要加班去不了一点，没想到生日这天能端上来，[崩坏3_幸福][崩坏3_幸福]",
      "likes": 6,
      "reply_time": "2024-05-06 16:29:38",
      "rpid": "220167892752",
      "mid": "28391945"
    },
    {
      "user": "九型之翼",
      "content": "这样质量的演出居然可以免费看[藏狐]汗流浃背了",
      "likes": 7,
      "reply_time": "2024-05-19 01:12:33",
      "rpid": "222106109216",
      "mid": "2186566"
    },
    {
      "user": "木夕儿的柴郡猫",
      "content": "如果说崩铁音乐会薄纱东京奥运开幕式，还有一点众说纷纭的空间，那薄纱昨晚的巴黎奥运开幕式，已经毫无争议。实在太抽象了[捂脸]",
      "likes": 944,
      "reply_time": "2024-07-27 13:13:22",
      "rpid": "233943496080",
      "mid": "33577958"
    },
    {
      "user": "Synaosi",
      "content": "实在搞不懂使一颗心刷流萤有什么好吵的，一个角色曲，一个歌手，两个都能刷都没毛病。\n真要那么争下去，各种动画游戏的插入曲角色曲都得拿出来说了[疑惑] 不能谈角色不能谈歌手\n打个比方，以后出现We are东方神起版，弹幕都刷海贼王，结果粉丝仙后说刷什么海贼王，这是东方神起唱的；另一边only my railgun出来弹幕刷炮姐，结果粉丝说刷什么炮姐，这是南条爱乃的歌，你们觉得这合适吗[疑惑]\n别搞什么小圈子出警，都是一起玩游戏的，各刷各的，又不是辱人引战内容有什么好争的",
      "likes": 7,
      "reply_time": "2024-05-09 21:11:19",
      "rpid": "220647688480",
      "mid": "4334611"
    },
    {
      "user": "十里鹤鸣铃",
      "content": "我只能说以后b站直播再见！！！米游社我来啦！",
      "likes": 6,
      "reply_time": "2024-05-07 09:33:34",
      "rpid": "220265350000",
      "mid": "6733013"
    },
    {
      "user": "无可言说之",
      "content": "认真听歌ing\n\n希望《使一颗心免于哀伤》不要再吵了\n很简单\n事实上，这首歌毫无疑问与两者均有关联\n把她同任意一个角色切割开都是不可想象的",
      "likes": 7,
      "reply_time": "2024-05-06 23:01:28",
      "rpid": "220225219952",
      "mid": "435079285"
    },
    {
      "user": "为霜涵",
      "content": "好听爱听，好看爱看，下次还来",
      "likes": 7,
      "reply_time": "2024-05-06 12:12:02",
      "rpid": "220138367696",
      "mid": "88080614"
    },
    {
      "user": "无穷的旅途",
      "content": "水龙吟这个是原唱的老师吗，太强大了",
      "likes": 947,
      "reply_time": "2024-05-06 21:47:36",
      "rpid": "220213047024",
      "mid": "12874889"
    },
    {
      "user": "拾光丨依然",
      "content": "野火、水龙吟、不眠之夜、确实很燃，\n但有些旋律一响起，眼眶就红了。\n尤其是在城市边境，流萤的秘密基地。\n我飞越千山万水而来，这是最接近她的地方。\n夜色流光溢彩，惟见萤火飞舞。",
      "likes": 1579,
      "reply_time": "2024-05-06 12:31:22",
      "rpid": "220141228240",
      "mid": "392430570"
    },
    {
      "user": "Nagisa酱-渚",
      "content": "在现场，最后立绘出来直接泪目了，真的很感动帕！希望能陪星铁一路走下去，愿此行，终抵群星！",
      "likes": 3336,
      "reply_time": "2024-05-06 12:14:39",
      "rpid": "220138764576",
      "mid": "442762131"
    },
    {
      "user": "疯子FAUA",
      "content": "看了星铁演唱会只能说米哈游对自家二创真的很好，可以登上他的舞台，演绎，歌唱",
      "likes": 4351,
      "reply_time": "2024-05-06 12:34:39",
      "rpid": "220141763104",
      "mid": "507684297"
    },
    {
      "user": "M10A1",
      "content": "自从17年去东京参加演唱会之后，我已经太久太久没这样感动过了。\n短短的2个小时，在人生的尺度上不过须臾，但也是足以铭记一辈子的瞬间。感谢米哈游，感谢各位表演者，感谢在场的每一位观众，共同构成了这一场绚丽的烟火。\n愿此行，终抵群星！",
      "likes": 610,
      "reply_time": "2024-05-07 10:02:06",
      "rpid": "220267970128",
      "mid": "301981"
    },
    {
      "user": "抓星星泡饭捏",
      "content": "观看指南[给心心]\n00:01~04:29卡芙卡\n04:34~08:48三月七\n08:56~12:08星间旅行\n12:19~13:32姬子\n15:36~18:27银狼和末日兽\n18:27~20:18托帕\n24:16~27:42踏上旅行\n33:32~34:59希儿\n35:07~37:34说唱\n41:12~44:59野火\n49:54~54:02水龙吟\n57:04~58:47镜流\n58:47~1:01:04刃\n1:07:01~1:08:59尾巴大爷\n1:09:23~1:17:38幻胧\n1:17:51~1:20:35景元\n1:21:12~1:24:24滑稽之骨\n1:24:24~1:28:29致暗淡星\n1:33:58~1:37:21使一颗心免于哀伤\n1:37:21~1:40:29在银河中孤独摇摆\n1:43:02~1:45:08萨姆\n1:45:08~1:47:43花火\n1:48:08~1:51:12不眠之夜\n1:53:37~1:58:09星神\n最后祝各位开拓者一周年快乐！",
      "likes": 8,
      "reply_time": "2024-05-06 20:03:48",
      "rpid": "220196836464",
      "mid": "1048127222"
    },
    {
      "user": "笑傻哥",
      "content": "😡你看这个观看人数，再看这个播放量，像话吗！",
      "likes": 6,
      "reply_time": "2024-05-08 20:21:45",
      "rpid": "220490217248",
      "mid": "383271406"
    },
    {
      "user": "铃暮Moor",
      "content": "在现场",
      "likes": 4,
      "reply_time": "2024-05-07 06:37:59",
      "rpid": "220253942432",
      "mid": "1886231551"
    },
    {
      "user": "渴喝可",
      "content": "愿此行，终抵群星",
      "likes": 4,
      "reply_time": "2024-05-07 01:12:49",
      "rpid": "220242603232",
      "mid": "286808338"
    },
    {
      "user": "独爱萤宝",
      "content": "谁懂啊，这一幕直接被chevy小姐姐迷住了[给心心]",
      "likes": 4,
      "reply_time": "2024-05-07 00:07:59",
      "rpid": "220235476176",
      "mid": "1768703782"
    },
    {
      "user": "ヾLalalalaNaノ",
      "content": "从发视频开始在线观看都没下过1w这个播放量……？",
      "likes": 6,
      "reply_time": "2024-05-06 21:11:42",
      "rpid": "220207155728",
      "mid": "1615091675"
    },
    {
      "user": "福尔马崊",
      "content": "登我的戒断反应更严重了[大哭][大哭][大哭]，跟一场梦一样[大哭][大哭][大哭][大哭][大哭][大哭][大哭]",
      "likes": 4,
      "reply_time": "2024-05-06 17:52:14",
      "rpid": "220177678240",
      "mid": "646213308"
    },
    {
      "user": "宇文璞玉哟",
      "content": "最可爱镜头",
      "likes": 4,
      "reply_time": "2024-05-06 14:33:03",
      "rpid": "220156129216",
      "mid": "443057835"
    },
    {
      "user": "优菈小姐",
      "content": "心海 你在哪里",
      "likes": 4,
      "reply_time": "2024-05-06 14:05:34",
      "rpid": "220153411872",
      "mid": "61627718"
    },
    {
      "user": "优菈小姐",
      "content": "心海 你在哪里",
      "likes": 4,
      "reply_time": "2024-05-06 14:05:34",
      "rpid": "220153411872",
      "mid": "61627718"
    },
    {
      "user": "supercoko",
      "content": "太high了，还有卡妈的惊喜[崩坏3·终焉归始_燃起来了]",
      "likes": 4,
      "reply_time": "2024-05-06 13:39:04",
      "rpid": "220150577072",
      "mid": "1963386"
    },
    {
      "user": "我最喜欢杰西卡了0v0",
      "content": "太可惜死兆将至导播没切这一帧的远景了，阿刃的大屏帅得我头皮发麻",
      "likes": 4,
      "reply_time": "2024-05-06 12:56:14",
      "rpid": "220144932928",
      "mid": "294054417"
    },
    {
      "user": "-Hokori-",
      "content": "很幸运这次能抢到票，希望明年能在别的地方也多开几场[香奈美·追寻那道光 应援装扮_打call]",
      "likes": 4,
      "reply_time": "2024-05-06 12:22:50",
      "rpid": "220139823888",
      "mid": "33127428"
    },
    {
      "user": "-星和流萤-",
      "content": "音乐会太好看了，线下氛围真的很好[崩坏3·终焉归始_燃起来了][崩坏3·终焉归始_电力充足]",
      "likes": 4,
      "reply_time": "2024-05-06 12:17:39",
      "rpid": "220139180800",
      "mid": "499520745"
    },
    {
      "user": "TRCStudioDean",
      "content": "在现场[脱单doge]",
      "likes": 4,
      "reply_time": "2024-05-06 12:10:07",
      "rpid": "220138179648",
      "mid": "70464240"
    },
    {
      "user": "夜海没有夜",
      "content": "看台一位[崩坏：星穹铁道_打招呼]",
      "likes": 4,
      "reply_time": "2024-05-06 12:03:34",
      "rpid": "220137288128",
      "mid": "524471807"
    },
    {
      "user": "逐一发送车车",
      "content": "在现场[脱单doge]",
      "likes": 4,
      "reply_time": "2024-05-06 12:35:08",
      "rpid": "220141734608",
      "mid": "15482776"
    },
    {
      "user": "Coffee_咖啡Spirit",
      "content": "歌曲导航:\n00:24:13     踏上旅途\n00:41:06     野火\n00:49:47     水龙吟\n1:33:42       使一颗心免于哀伤\n1:37:14       我是流萤的狗\n1:48:05       不眠之夜\n1:53:40       游戏启动曲",
      "likes": 6,
      "reply_time": "2024-05-12 18:11:49",
      "rpid": "221105688800",
      "mid": "363139200"
    },
    {
      "user": "可叹落叶飘零y",
      "content": "米家的潜力还是很大的，怎么感觉以后餐饮界、影视界、音乐界都能插一脚的感觉。",
      "likes": 4609,
      "reply_time": "2024-05-06 12:17:37",
      "rpid": "220139111776",
      "mid": "391490641"
    },
    {
      "user": "凉笙野",
      "content": "希望我十年后能有机会看到米哈游建立一个属于自己ip的主题乐园[酸了]环球影城去过 迪士尼去过 但是如果是去米哈游的 我一定会比去环球和迪士尼更开心[打call]",
      "likes": 3304,
      "reply_time": "2024-05-06 14:32:02",
      "rpid": "220156097952",
      "mid": "554387577"
    },
    {
      "user": "想变欧222",
      "content": "不是没办法去现场，而是录播更有性价比[墨镜]",
      "likes": 1000,
      "reply_time": "2024-05-06 12:35:30",
      "rpid": "220141754096",
      "mid": "34216208"
    },
    {
      "user": "音岚inran",
      "content": "自留歌单\n00:01~04:29卡芙卡\n04:34~08:48三月七\n08:56~12:08星间旅行\n12:19~13:32姬子\n15:36~18:27银狼和末日兽\n18:27~20:18托帕\n24:16~27:42踏上旅行\n33:32~34:59希儿\n35:07~37:34说唱\n41:12~44:59野火\n49:54~54:02水龙吟\n57:04~58:47镜流\n58:47~1:01:04刃\n1:07:01~1:08:59尾巴大爷\n1:09:23~1:17:38幻胧\n1:17:51~1:20:35景元\n1:21:12~1:24:24滑稽之骨\n1:24:24~1:28:29致暗淡星\n1:33:58~1:37:21使一颗心免于哀伤\n1:37:21~1:40:29在银河中孤独摇摆\n1:43:02~1:45:08萨姆\n1:45:08~1:47:43花火\n1:48:08~1:51:12不眠之夜\n1:53:37~1:58:09星神\n最后祝各位开拓者一周年快乐！",
      "likes": 7,
      "reply_time": "2024-05-27 20:42:13",
      "rpid": "223472646560",
      "mid": "641517607"
    },
    {
      "user": "只顾星月",
      "content": "真的能感受到米哈游策划是真心地爱着他们的游戏啊[委屈]",
      "likes": 3513,
      "reply_time": "2024-05-06 12:07:19",
      "rpid": "220137670912",
      "mid": "456116483"
    },
    {
      "user": "半盏寒酥狐影微",
      "content": "镜流和刃那里谁说的《冰风组曲》[笑哭]",
      "likes": 445,
      "reply_time": "2024-05-07 02:13:46",
      "rpid": "220246837552",
      "mid": "502069418"
    },
    {
      "user": "白墨湫",
      "content": "在现场！放两张姬子阿姐pv曲时的绝美星河！我永远喜欢崩铁！愿此行，终抵群星！",
      "likes": 2026,
      "reply_time": "2024-05-06 12:53:54",
      "rpid": "220144720288",
      "mid": "14025662"
    },
    {
      "user": "吃面少女阿卡丽",
      "content": "这下真的在现场了",
      "likes": 3,
      "reply_time": "2024-05-07 23:36:34",
      "rpid": "220375628368",
      "mid": "37072276"
    },
    {
      "user": "末明洛空",
      "content": "官方视频直接搜是搜不出来的大家有什么头绪吗？",
      "likes": 3,
      "reply_time": "2024-05-07 13:13:13",
      "rpid": "220291699856",
      "mid": "479986191"
    },
    {
      "user": "里外加里外",
      "content": "hires就是清楚，比直播好太多了。雷电眼还在，但是流萤的狗被修了[惊讶]",
      "likes": 3,
      "reply_time": "2024-05-07 00:18:44",
      "rpid": "220236850528",
      "mid": "604653766"
    },
    {
      "user": "我就是曹某",
      "content": "1:86:49 美哦",
      "likes": 3,
      "reply_time": "2024-05-06 21:22:33",
      "rpid": "220208799232",
      "mid": "2070472"
    },
    {
      "user": "愿此生无忧无虑",
      "content": "返图，演唱会太棒啦，非常值，办一辈子演唱会吧！[崩坏：星穹铁道_哭]",
      "likes": 3,
      "reply_time": "2024-05-06 16:06:58",
      "rpid": "220165545632",
      "mid": "1667417069"
    },
    {
      "user": "屿莳yus_",
      "content": "我我我[惊喜]许个生日愿望下次一定要抢到票",
      "likes": 3,
      "reply_time": "2024-05-06 15:39:25",
      "rpid": "220162778544",
      "mid": "10082110"
    },
    {
      "user": "Dreamer_1to6",
      "content": "你的神秘习惯是？[脱单doge]",
      "likes": 3,
      "reply_time": "2024-05-06 15:12:32",
      "rpid": "220160110800",
      "mid": "266208384"
    },
    {
      "user": "阿比酱世界第一可爱_",
      "content": "卡芙卡妈妈，星核长脸上了怎么办[崩坏：星穹铁道_吃瓜ing]",
      "likes": 3,
      "reply_time": "2024-05-06 14:26:12",
      "rpid": "220155534256",
      "mid": "6888228"
    },
    {
      "user": "粒子particles",
      "content": "这个游戏是有 2 个主词条么[微笑]",
      "likes": 3,
      "reply_time": "2024-05-06 12:39:42",
      "rpid": "220142393856",
      "mid": "95771916"
    },
    {
      "user": "辞画卯",
      "content": "这次真的是在现场呢！一切都很完美，导致我现在还没戒断……[保卫萝卜_哭哭]",
      "likes": 3,
      "reply_time": "2024-05-06 12:26:34",
      "rpid": "220140494208",
      "mid": "672548549"
    },
    {
      "user": "不行了先躺会",
      "content": "你们懂我意思吧[笑哭]",
      "likes": 3,
      "reply_time": "2024-05-06 12:16:29",
      "rpid": "220138998464",
      "mid": "14541568"
    },
    {
      "user": "落千夜丶",
      "content": "终于来了，这次演唱会确实牛逼，真正做到了雅俗共赏，不过话说这次说是演唱会我觉得就是崩铁的春晚了。[鼓掌]",
      "likes": 1998,
      "reply_time": "2024-05-06 12:03:50",
      "rpid": "220137199504",
      "mid": "18785099"
    },
    {
      "user": "無銘喵",
      "content": "《钢铁之躯》",
      "likes": 3,
      "reply_time": "2024-05-07 01:37:56",
      "rpid": "220244551344",
      "mid": "15656641"
    },
    {
      "user": "Morimori沢",
      "content": "这票买的值[打call][打call][打call]",
      "likes": 3,
      "reply_time": "2024-05-06 13:54:24",
      "rpid": "220152262464",
      "mid": "1674488"
    },
    {
      "user": "秦衣妮妮",
      "content": "是的惊喜\n卡妈的亲亲（超大声）\n孩子吃的最好一集",
      "likes": 3,
      "reply_time": "2024-05-06 12:58:04",
      "rpid": "220145183152",
      "mid": "495885230"
    },
    {
      "user": "扫雷高手",
      "content": "在现场，爽！",
      "likes": 3,
      "reply_time": "2024-05-06 12:38:26",
      "rpid": "220142335728",
      "mid": "413600692"
    },
    {
      "user": "数电魔怔人",
      "content": "我先来，在现场[脱单doge]",
      "likes": 3,
      "reply_time": "2024-05-06 12:03:25",
      "rpid": "220137235216",
      "mid": "398681080"
    },
    {
      "user": "Musyze",
      "content": "A3第二排小伙来了[星星眼]，明年一定还会再来的，穹宝[给心心]",
      "likes": 3,
      "reply_time": "2024-05-07 08:19:34",
      "rpid": "220259169136",
      "mid": "15927989"
    },
    {
      "user": "assweff",
      "content": "一场票，可以看到全息投影、交响、摇滚、现场打碟、民族舞蹈、杂耍、舞狮、侗族大歌、百老汇歌舞秀、喷泉、特摄（bushi），以及酷炫的舞台，绝赞的氛围！就这个崩坏星穹铁道，爽！",
      "likes": 14311,
      "reply_time": "2024-05-06 12:01:05",
      "rpid": "220136871152",
      "mid": "325804318"
    },
    {
      "user": "虫之告白诗",
      "content": "一场舞台在五一节期间表演，其中包含舞狮、顶碗、抖空竹、民族歌曲合唱，那么这是\nA.崩铁演唱会\nB.开拓者五一联欢晚会",
      "likes": 5965,
      "reply_time": "2024-05-06 12:34:21",
      "rpid": "220141693488",
      "mid": "227725068"
    },
    {
      "user": "芒果儿-Arthur",
      "content": "之前看有评论讲，官方录播可能要等几周到几个月不等，没想到这才几天就出了？\n不愧是你星宝，效率杠杠的[打call]",
      "likes": 3317,
      "reply_time": "2024-05-06 12:06:39",
      "rpid": "220137573520",
      "mid": "329833002"
    },
    {
      "user": "爱吃梦的精灵",
      "content": "景元啊啊啊啊老公",
      "likes": 3,
      "reply_time": "2024-05-06 19:19:10",
      "rpid": "220190342048",
      "mid": "30024635"
    },
    {
      "user": "十__X",
      "content": "注意，根据现场实录，可以看出来官方现场是没有收音问题的，而直播的个别节目声音小问题是直播降噪导致的，也就是说官方收录的音源是没有问题的，所以这个视频也就是把现场本来的体验给大家展示出来了",
      "likes": 8549,
      "reply_time": "2024-05-06 16:47:29",
      "rpid": "220169852176",
      "mid": "178986604"
    },
    {
      "user": "Alice-nuen",
      "content": "希望外网的朋友们也能看一看。。。比直播好多了",
      "likes": 1499,
      "reply_time": "2024-05-06 12:23:18",
      "rpid": "220140009280",
      "mid": "29025989"
    }
  ],
  "total_comments": 200
}