{
  "video_info": {
    "title": "《崩坏：星穹铁道》动画短片：「银河忍法帖•乱武驱魔破邪斩月之卷」",
    "bvid": "BV13pyPYSEar",
    "aid": 113320749174529,
    "author": "崩坏星穹铁道",
    "pub_date": "2024-10-18 12:00:00"
  },
  "comments_data": [
    {
      "user": "蕾米莉呀",
      "content": "你已经学会扳机社的精髓了，现在让我们来做一部新的原创动画吧",
      "likes": 6978,
      "reply_time": "2024-10-18 18:00:17",
      "rpid": "244888758768",
      "mid": "431098431"
    },
    {
      "user": "川水莉佳",
      "content": "已经有厨子发力了！[打call]",
      "likes": 93,
      "reply_time": "2024-10-19 15:15:11",
      "rpid": "244963205216",
      "mid": "1355128104"
    },
    {
      "user": "上官序",
      "content": "椒丘：今天的视频也和昨天一样好看呢。",
      "likes": 352,
      "reply_time": "2024-10-18 12:07:27",
      "rpid": "244864879488",
      "mid": "73807100"
    },
    {
      "user": "起什么昵称好呢喵",
      "content": "隔壁zzz的画风只是看起来像，但是这个动画和吊带袜天使根本就是同一个画风好吧，说是它工作室做的我都信[笑哭][笑哭]",
      "likes": 11910,
      "reply_time": "2024-10-18 12:12:58",
      "rpid": "244865416832",
      "mid": "504334319"
    },
    {
      "user": "PSSF23",
      "content": "博识尊选原始博士当天才绝对是溜大了~",
      "likes": 9366,
      "reply_time": "2024-10-18 12:11:42",
      "rpid": "244865381120",
      "mid": "18895629"
    },
    {
      "user": "飞天鱿鱼大旋转",
      "content": "不是说乱破的认知方式与普通人不一样吗？根据原始博士和巡海游侠的关系，这里乱破的认知方式不同应该是为了防止被猴子影响吧，可能有刀",
      "likes": 7443,
      "reply_time": "2024-10-18 12:55:25",
      "rpid": "244868932480",
      "mid": "604901113"
    },
    {
      "user": "黑兔砸",
      "content": "米哈游从Eva中二忧郁少年毕业到扳机社了",
      "likes": 1612,
      "reply_time": "2024-10-18 18:08:17",
      "rpid": "244671195585",
      "mid": "14165462"
    },
    {
      "user": "不见苍龙",
      "content": "这画风好熟悉的感觉[笑哭]在哪看过来着，考虑到云璃动画有非人哉工作室加入，这次应该也是哪个动作工作室加入制作的吧[笑哭]",
      "likes": 6322,
      "reply_time": "2024-10-18 12:06:34",
      "rpid": "244864995776",
      "mid": "399860640"
    },
    {
      "user": "青衣染皂韵",
      "content": "原来强的乱七八糟是这个意思啊",
      "likes": 193,
      "reply_time": "2024-10-18 12:39:28",
      "rpid": "244867701296",
      "mid": "589643944"
    },
    {
      "user": "我只是路过的NPC",
      "content": "画风像吊带袜天使\n色彩像普罗米亚\n报登场名之前那段像是忍者杀手的午时三刻\n反派变身像天元突破变萝卜\n还有忍杀的经典：咏诵俳句吧!\n最后的斩杀镜头像斩服少女\n好家伙番看少一点都看不出",
      "likes": 14189,
      "reply_time": "2024-10-18 13:03:36",
      "rpid": "244869689936",
      "mid": "433891638"
    },
    {
      "user": "饱含爱与歉意的倾诉",
      "content": "辞世句出典：\n如露生消乃我身\n难波往事梦中梦\n——丰臣秀吉",
      "likes": 5302,
      "reply_time": "2024-10-18 12:11:41",
      "rpid": "244865380416",
      "mid": "16312320"
    },
    {
      "user": "黑白coins",
      "content": "博识尊其实就好比诺贝尔奖，它不问出身经历种族，也不管你是否好人都有可能会获奖。",
      "likes": 2672,
      "reply_time": "2024-10-18 18:06:09",
      "rpid": "244889368848",
      "mid": "489720210"
    },
    {
      "user": "墖觻䫵",
      "content": "冷知识，最后那个boss说的辞世句引用的话来自丰臣秀吉，因为他外号猴子[笑哭]",
      "likes": 16780,
      "reply_time": "2024-10-18 12:58:48",
      "rpid": "244652177409",
      "mid": "3493279582653059"
    },
    {
      "user": "读到我自动下载原神",
      "content": "香蕉尊，归位",
      "likes": 86,
      "reply_time": "2024-10-18 13:15:55",
      "rpid": "244653258993",
      "mid": "353277585"
    },
    {
      "user": "Serge_S",
      "content": "天守阁就这么被毁了？影不出来管管？",
      "likes": 7,
      "reply_time": "2024-10-18 21:18:00",
      "rpid": "244905376208",
      "mid": "448500"
    },
    {
      "user": "printer2222",
      "content": "对于没看过忍杀的人而言估计难以理解，对于看过的人而言那就是花费几个亿的超大型二创，这下要氪金了。不知道作者有何感想。",
      "likes": 7,
      "reply_time": "2024-10-18 15:52:44",
      "rpid": "244879896864",
      "mid": "319327"
    },
    {
      "user": "上官序",
      "content": "你们说能不能出个活动，乱破在街边涂鸦被家族猎犬追着跑的跑酷游戏。",
      "likes": 2448,
      "reply_time": "2024-10-18 12:01:39",
      "rpid": "244864537168",
      "mid": "73807100"
    },
    {
      "user": "甜心奶应声虫酱",
      "content": "红色，使用飞镖，乱字辈，头上有角，都是忍者，对手都是香蕉机甲[doge]",
      "likes": 137,
      "reply_time": "2024-10-18 12:28:42",
      "rpid": "244866638880",
      "mid": "431165922"
    },
    {
      "user": "纱布理",
      "content": "这也是末法之世的一个侧面，此事在古事记中也有记载",
      "likes": 1461,
      "reply_time": "2024-10-18 12:39:20",
      "rpid": "244650641297",
      "mid": "517956653"
    },
    {
      "user": "bili_405090807",
      "content": "涩",
      "likes": 138,
      "reply_time": "2024-10-18 23:08:16",
      "rpid": "244914499248",
      "mid": "405090807"
    },
    {
      "user": "希杜提里奥",
      "content": "乱破对抗原始博士的猴子联想一下乱破的原型的话，正好是石川五右卫门，石川五右卫门多次对抗丰臣秀吉，丰臣秀吉又正好外号猴子，不知道是巧合还是星铁故意的。",
      "likes": 6015,
      "reply_time": "2024-10-18 12:37:44",
      "rpid": "244867490880",
      "mid": "91322640"
    },
    {
      "user": "蚌埠住了BGO的兄弟们",
      "content": "打斗太精致了，建议换成小人对撞，否则观众们忍者级别的视力就浪费了（）",
      "likes": 3831,
      "reply_time": "2024-10-18 17:26:44",
      "rpid": "244886211488",
      "mid": "147938238"
    },
    {
      "user": "撒西布荔",
      "content": "香蕉机甲对抗忍者，此事在果宝特攻中亦有记载[崩坏3_乱杀]",
      "likes": 3633,
      "reply_time": "2024-10-18 17:37:38",
      "rpid": "244887063392",
      "mid": "363437508"
    },
    {
      "user": "_夜雨声煩_",
      "content": "乱破：在下的力量和其他命途行者有所不同，是忍术 科技 命途的三重交汇，而这就是在下的力量具象化—忍法驱动器！",
      "likes": 2048,
      "reply_time": "2024-10-18 12:03:10",
      "rpid": "244647847377",
      "mid": "77207087"
    },
    {
      "user": "WYX2023xm",
      "content": "没有右上角图标，我还以为花火旁边这两位是你游新卫星呢[doge]",
      "likes": 611,
      "reply_time": "2024-10-18 12:00:50",
      "rpid": "244864454160",
      "mid": "294099923"
    },
    {
      "user": "一只有思想的Requiem",
      "content": "[doge]",
      "likes": 20,
      "reply_time": "2024-10-18 12:15:11",
      "rpid": "244648806801",
      "mid": "419813589"
    },
    {
      "user": "琥珀星雨",
      "content": "你已经可以做两分四十九秒的动画了，接下来二十四分九秒的动画也可以安排了吧，进一步两小时四十九分钟的动画是不是也该考虑考虑了呢",
      "likes": 5859,
      "reply_time": "2024-10-18 13:54:23",
      "rpid": "244872994464",
      "mid": "842734"
    },
    {
      "user": "愿金风玉露一相逢",
      "content": "日配是吊带袜天使，英配是飞天小女警",
      "likes": 2519,
      "reply_time": "2024-10-18 12:21:16",
      "rpid": "244649176561",
      "mid": "153324971"
    },
    {
      "user": "厌氧君需要吸氧气",
      "content": "知道吗，它这个画风我总会觉得下一秒要不是脱袜子就是脱胖次了……",
      "likes": 45,
      "reply_time": "2024-10-18 22:46:04",
      "rpid": "244912685776",
      "mid": "508901634"
    },
    {
      "user": "喜欢打雪仗的早川秋",
      "content": "官方怎么发换了个新头像？[笑哭]",
      "likes": 12,
      "reply_time": "2024-10-20 19:57:32",
      "rpid": "245073105504",
      "mid": "3546375904037838"
    },
    {
      "user": "虾仁诛心多吃虾",
      "content": "这个时候就需要[妙啊][妙啊]",
      "likes": 10,
      "reply_time": "2024-10-18 13:36:20",
      "rpid": "244654551665",
      "mid": "1321164380"
    },
    {
      "user": "民国豌豆",
      "content": "注：乱破其实刚来的时候就遇到危机，然后被银枝给救了，纯美神选，质量保证[tv_doge][tv_doge](纯美是真的偏爱银枝)",
      "likes": 1789,
      "reply_time": "2024-10-18 12:02:04",
      "rpid": "244864645136",
      "mid": "484465441"
    },
    {
      "user": "评论员玛奇玛",
      "content": "原来真有忍者之国啊，我还以为是在研究室看漫画后的幻想呢[墨镜]",
      "likes": 21,
      "reply_time": "2024-10-23 14:48:20",
      "rpid": "245042110305",
      "mid": "204417874"
    },
    {
      "user": "大地怒吼",
      "content": "乱破如果能培养一只军队的话，感觉战斗力会飙升。\n因为他们可以命名为“破军”！",
      "likes": 881,
      "reply_time": "2024-10-18 12:31:28",
      "rpid": "244866934752",
      "mid": "24031929"
    },
    {
      "user": "凉乞讨",
      "content": "完了，官方已经被攻占了",
      "likes": 10,
      "reply_time": "2024-10-20 19:04:48",
      "rpid": "244842382481",
      "mid": "3546718475913581"
    },
    {
      "user": "忘归大黑塔不出不改名",
      "content": "哥你这是咋了?被博士入侵公司了[笑哭]",
      "likes": 18,
      "reply_time": "2024-10-21 06:32:55",
      "rpid": "244875596465",
      "mid": "3493295174978471"
    },
    {
      "user": "cookie-NANA",
      "content": "呜～～[惊喜][惊喜][惊喜]乱破！[保卫萝卜_哇][保卫萝卜_哇][保卫萝卜_哇]",
      "likes": 20,
      "reply_time": "2024-10-18 14:36:37",
      "rpid": "244875478992",
      "mid": "30751170"
    },
    {
      "user": "小小岸呀",
      "content": "这又被夺舍了？",
      "likes": 9,
      "reply_time": "2024-10-20 18:05:21",
      "rpid": "245064060544",
      "mid": "3494373419387505"
    },
    {
      "user": "TOM-Takeonme",
      "content": "说实话要是老米能像鹰角那些能单独切换角色配音就好了，有些角色确实日语合适点，比如乱破，看中配pv脚趾已经抠出三室一厅了[笑哭]",
      "likes": 5,
      "reply_time": "2024-10-18 20:56:06",
      "rpid": "244903485344",
      "mid": "477779338"
    },
    {
      "user": "迷路的阿漠",
      "content": "画师从绝区零借的吗？",
      "likes": 7,
      "reply_time": "2024-10-18 16:22:29",
      "rpid": "244881841232",
      "mid": "1262147016"
    },
    {
      "user": "神一样的小铭",
      "content": "不是，哥们儿？？？？？",
      "likes": 6,
      "reply_time": "2024-10-20 20:13:52",
      "rpid": "244847926337",
      "mid": "3546673290677068"
    },
    {
      "user": "是毒瘤da",
      "content": "崩铁也是好起来了，都联动上银河忍法帖了[doge]",
      "likes": 1118,
      "reply_time": "2024-10-18 12:27:52",
      "rpid": "244866676544",
      "mid": "205345139"
    },
    {
      "user": "宅到腐为止",
      "content": "扳机社大杂烩[笑哭]忍者杀手+吊带袜天使+天元突破机甲，还有十字黑白闪和变速帧，就差套娃爆炸和抱胸G社立了[吃瓜]",
      "likes": 7854,
      "reply_time": "2024-10-18 12:07:42",
      "rpid": "244865026576",
      "mid": "2003938"
    },
    {
      "user": "松松是只猪1",
      "content": "乱破攻击原始博士，这是不是一种以卵击石[doge]\n这里我解释一下卵和石分别是乱和始的谐音[墨镜]",
      "likes": 2946,
      "reply_time": "2024-10-18 12:08:26",
      "rpid": "244865064096",
      "mid": "350830406"
    },
    {
      "user": "六牙LY",
      "content": "过剧情前：中二病？\n过剧情后：够了，我心疼你，姑娘\n去和波提欧多喝几杯小麦果汁吧，我请你们[大哭]",
      "likes": 17,
      "reply_time": "2024-10-24 17:14:31",
      "rpid": "245363677312",
      "mid": "112337506"
    },
    {
      "user": "d丧b",
      "content": "🐵：「🍌🍌🍌🍌🍌🍌🍌🍌🍌🍌！」",
      "likes": 7,
      "reply_time": "2024-10-18 12:14:02",
      "rpid": "244865527120",
      "mid": "12282542"
    },
    {
      "user": "街区123",
      "content": "过完剧情看这个不太乐得出来了_(:з」∠)_",
      "likes": 16,
      "reply_time": "2024-10-25 06:57:44",
      "rpid": "245403463040",
      "mid": "456734426"
    },
    {
      "user": "A级厨师圆粥绿",
      "content": "乱破如果能培养一只军队的话，感觉战斗力会飙升。\n因为他们可以命名为“破军”！",
      "likes": 1279,
      "reply_time": "2024-10-18 12:10:37",
      "rpid": "244865268880",
      "mid": "3546379488070407"
    },
    {
      "user": "西瓦",
      "content": "原来真的有《银河忍法帖》啊，还以为是哪个试中了模因病毒的试验品的幻想呢[墨镜][墨镜][墨镜]",
      "likes": 19,
      "reply_time": "2024-10-23 23:37:28",
      "rpid": "245076637985",
      "mid": "14458"
    },
    {
      "user": "尘世闲游-陵薮市朝",
      "content": "小小年纪所向无敌神秘超能力[doge_金箍][doge_金箍]",
      "likes": 4,
      "reply_time": "2024-10-18 12:02:07",
      "rpid": "244864551024",
      "mid": "1408235928"
    },
    {
      "user": "umimaaya",
      "content": "直接说是gainax做的动画，我觉得都没毛病",
      "likes": 4,
      "reply_time": "2024-10-19 12:02:55",
      "rpid": "244727490481",
      "mid": "15950"
    },
    {
      "user": "吃阮饭喝流萤酱",
      "content": "01:13       香蕉尊，归位！☝🤓💡",
      "likes": 36,
      "reply_time": "2024-10-18 12:13:43",
      "rpid": "244648467841",
      "mid": "486906191"
    },
    {
      "user": "牧月-忍冬",
      "content": "乱破小时候其实很胆小，有一次她蛀牙了去牙科诊所，拔牙的时候非常痛，于是她哭着对医生姐姐说：牙医姐，我不想死[doge]",
      "likes": 897,
      "reply_time": "2024-10-18 12:00:43",
      "rpid": "244647573473",
      "mid": "111202477"
    },
    {
      "user": "ygyfbhggj",
      "content": "为什么封面变猴了？",
      "likes": 7,
      "reply_time": "2024-10-20 20:15:15",
      "rpid": "245074533856",
      "mid": "3493110285863619"
    },
    {
      "user": "超级無敌帅帅帅",
      "content": "？？？？",
      "likes": 7,
      "reply_time": "2024-10-20 20:06:09",
      "rpid": "244847218561",
      "mid": "281633481"
    },
    {
      "user": "九片风扇叶",
      "content": "一开始还以为是哪个高仿，结果是官方[辣眼睛]",
      "likes": 7,
      "reply_time": "2024-10-20 18:40:09",
      "rpid": "245066852320",
      "mid": "3461562335496641"
    },
    {
      "user": "圣光茫",
      "content": "第一次感觉看崩铁的动画短片用日文比较好",
      "likes": 878,
      "reply_time": "2024-10-18 12:04:34",
      "rpid": "244864780752",
      "mid": "26671104"
    },
    {
      "user": "Neru音无",
      "content": "过完剧情再看这个动画，高兴不起来了[大哭]好难过啊",
      "likes": 12,
      "reply_time": "2024-10-27 19:00:03",
      "rpid": "245363431281",
      "mid": "8121166"
    },
    {
      "user": "东风突入大气层",
      "content": "这个画风是……吊带袜天使？",
      "likes": 2009,
      "reply_time": "2024-10-18 12:01:46",
      "rpid": "244864581680",
      "mid": "251139"
    },
    {
      "user": "朱月之水",
      "content": "辞世诗是模仿猴子的这个吧:\n如晨露之坠地，如晨露之消失；人生譬如朝露易逝，终究难留；吾似朝露降人间，来去匆匆瞬即逝；随露珠凋零，随露珠消逝，此即吾身。",
      "likes": 286,
      "reply_time": "2024-10-18 13:00:03",
      "rpid": "244869378576",
      "mid": "2409140"
    },
    {
      "user": "゙゙゙゙满穗",
      "content": "今天该我啦[饿殍表情包2_害羞]",
      "likes": 4,
      "reply_time": "2024-10-20 00:23:25",
      "rpid": "244784923825",
      "mid": "479201675"
    },
    {
      "user": "千年之羽_符华",
      "content": "Domo，乱破=san，开拓者desu。\n让我见识下你的空手道成果！",
      "likes": 1405,
      "reply_time": "2024-10-18 12:46:21",
      "rpid": "244651114017",
      "mid": "19102470"
    },
    {
      "user": "萤萂球棒侠",
      "content": "行了，我知道你美术资源溢出了，不整点活就浑身难受是吧，不愧是你，米哈游最颠的星穹铁道项目组[笑哭][笑哭][笑哭][笑哭]",
      "likes": 18,
      "reply_time": "2024-10-18 23:37:21",
      "rpid": "244916755040",
      "mid": "1009048426"
    },
    {
      "user": "无聊坎法",
      "content": "帅帅帅帅帅帅帅帅帅帅帅帅帅",
      "likes": 4,
      "reply_time": "2024-10-18 12:19:37",
      "rpid": "244648999633",
      "mid": "1915432562"
    },
    {
      "user": "香蕉岛偶像睡焦小猴",
      "content": "官方你被焦焦病毒感染了？[tv_目瞪口呆]",
      "likes": 7,
      "reply_time": "2024-10-20 18:29:46",
      "rpid": "245066160560",
      "mid": "3546616166353740"
    },
    {
      "user": "绿色黄瓜味的木子米酱",
      "content": "大家中午好，祝你们都能十连必出乱破呀，爱你们[原神_哇]",
      "likes": 530,
      "reply_time": "2024-10-18 12:01:24",
      "rpid": "244647595553",
      "mid": "342768288"
    },
    {
      "user": "-home114514-",
      "content": "气御飞剑！",
      "likes": 3,
      "reply_time": "2024-11-10 15:25:52",
      "rpid": "246458554193",
      "mid": "3461562574572151"
    },
    {
      "user": "小马哥特爱吃肉",
      "content": "原始博士就是这么被干掉的吗，太离谱了[doge_金箍]",
      "likes": 12,
      "reply_time": "2024-10-18 12:03:54",
      "rpid": "244647862913",
      "mid": "27764655"
    },
    {
      "user": "amonsoul",
      "content": "何等精彩的street graffiti ·空手道，相信拥有巡海游侠动态视力的你一定看清了这无慈悲的精彩厮杀。",
      "likes": 1554,
      "reply_time": "2024-10-18 12:10:55",
      "rpid": "244648368657",
      "mid": "10248588"
    },
    {
      "user": "SHUO-HHHHH",
      "content": "中国制作，日本文化，美漫风格[doge_金箍]",
      "likes": 563,
      "reply_time": "2024-10-18 12:02:59",
      "rpid": "244864736432",
      "mid": "575791103"
    },
    {
      "user": "不想写名称的屑",
      "content": "呃啊😰怎么回事😫头好痛😖😫\n我。。。😖头也疼😫，难道是那串香蕉🍌真的有问题🧐😫💦💦💦\n卑—鄙—的—猿—始—博—士😫🥵🥵🫵🫵🫵\n不行了😫我感觉自己的理智要离我而去😣😖😫\n去。。。😫去打个蕉先，再见🥵\n混账😡🤬🔥不许跑🤬🔥🔥啊～↘️。。。咦-↗️\n对不起😩我也要撑不住了🥵。。。真的要😖～要↗️😫～要🥵💦💦💦\n好了😩😠🔥🔥🔥补药再说下去了🥵快↗️滚↘️💥，滚↘️啊↗️🤬🔥🔥🔥🔥\n好疼😡🥵😢嗯↘️～嗯↗️眼前↗️出现了↘️幻↗️觉↘️😢🥵😩😡🔥🔥💥💥\n原始博士正在向外↘️😩🥵😢😠🔥🔥放↗️歌↘️嗯～嗯～\n可恶啊😐，可恶的原始博士（突然冷静）😐不↗️许↘️放↗️歌↗️呵～呵～呵～🥵😩😠😢🔥🔥💥💥💦💦💦（music～）\n🎵ᐠ( ᑒ )ᐟ🐒摆满香蕉的小岛香蕉蕉🍌ᐠ( ᑒ )ᐟ🎶\n🎵ᐠ( ᑒ )ᐟ🐒睡蕉小猴的爱巢香蕉蕉🍌ᐠ( ᑒ )ᐟ🎶\n🎵ᐠ( ᑒ )ᐟ🐒吃完香蕉就睡觉香蕉蕉🍌ᐠ( ᑒ )ᐟ🎶\n🎵ᐠ( ᑒ )ᐟ🐒快快乐乐没烦恼香蕉蕉🍌ᐠ( ᑒ )ᐟ🎶\n🎵ᐠ( ᑒ )ᐟ🐒睡蕉小猴真是好香蕉蕉🍌ᐠ( ᑒ )ᐟ🎶\n🎵ᐠ( ᑒ )ᐟ🐒幸福美满没烦恼香蕉蕉🍌ᐠ( ᑒ )ᐟ🎶\n----------------------------\n来自于遗战蛮在歌曲<<蕉蕉猴>>的酷狗评论",
      "likes": 4,
      "reply_time": "2024-10-18 16:36:48",
      "rpid": "244882558208",
      "mid": "1103080432"
    },
    {
      "user": "_-下半夜-_",
      "content": "[超天酱表情包_嘤嘤][超天酱表情包_嘤嘤][超天酱表情包_嘤嘤]",
      "likes": 3,
      "reply_time": "2024-10-19 12:45:12",
      "rpid": "244952419680",
      "mid": "3494371483715605"
    },
    {
      "user": "凤梨终于不缺钾了",
      "content": "好神经……中文最出戏的一次[灵魂出窍]",
      "likes": 3,
      "reply_time": "2024-10-18 23:03:26",
      "rpid": "244914120528",
      "mid": "39345735"
    },
    {
      "user": "yoyo鹿鸣_Love",
      "content": "恶意氪金的福报，玩米游的这辈子有了。",
      "likes": 4,
      "reply_time": "2024-10-18 19:29:05",
      "rpid": "244896422176",
      "mid": "15962028"
    },
    {
      "user": "想了半天的名字emm",
      "content": "好家伙[脸红]",
      "likes": 3,
      "reply_time": "2024-10-18 12:38:59",
      "rpid": "244867612048",
      "mid": "383799505"
    },
    {
      "user": "BlazingHope",
      "content": "画风很明显吊带袜天使，谁再说日版飞天小女警去看看站内修复的4K OP不就知道了",
      "likes": 3,
      "reply_time": "2024-10-18 17:41:31",
      "rpid": "244669239201",
      "mid": "36071366"
    },
    {
      "user": "麻濑红莉栖",
      "content": "Aieeeeeeee，何等的蛮猴[海虎武神系列 表情包_摸不着头脑]\n想必各位银河球棒侠也看到了吧，实际残忍！\n\nDomo，侍蕉一号=san，缭乱·忍侠desu[海虎武神系列 表情包_此时此刻？]\n猴子！猴子杀无赦！\n念诵绯句吧！",
      "likes": 3,
      "reply_time": "2024-10-18 12:15:08",
      "rpid": "244648658657",
      "mid": "227506668"
    },
    {
      "user": "戴茵克莱",
      "content": "出限定皮了是吧[doge][doge][doge]",
      "likes": 7,
      "reply_time": "2024-10-20 21:45:40",
      "rpid": "245081840256",
      "mid": "1049143619"
    },
    {
      "user": "万有引力前进四",
      "content": "不好了不好了出大事了！崩铁让原始博士给占领了！！！现在请记住你是人类不是猴子更不是香蕉！！！[doge]",
      "likes": 13,
      "reply_time": "2024-10-20 18:55:53",
      "rpid": "245068211792",
      "mid": "392243221"
    },
    {
      "user": "酒杯中的弄臣",
      "content": "这头像是怎么回事？等等，香了个蕉的，我他猴子的怎么也变了？",
      "likes": 14,
      "reply_time": "2024-10-20 19:53:58",
      "rpid": "245072850160",
      "mid": "508754643"
    },
    {
      "user": "超高校级的白痴",
      "content": "我梦见一片蕉土，\n一株破土而生的新蕊，\n它迎着朝阳绽放，\n向我低语呢喃……\n\n🍌摆🍌满🍌香🍌蕉🍌的🍌小🍌岛🍌\n🙈睡🙉蕉🐵小🙊猴🙉的🐒爱🐵巢🙊\n🍌吃🍌完🍌香🍌蕉🍌就🍌睡🍌觉🍌\n🐒快🙉快🐵乐🐵乐🐵没🙉烦🙊恼🐒\n🍌睡🍌蕉🍌小🍌猴🍌真🍌是🍌好🍌\n🙊幸🐒福🐵美🐵满🐵没🙉烦🐵恼🐒",
      "likes": 132,
      "reply_time": "2024-10-18 12:03:21",
      "rpid": "244647732721",
      "mid": "2384996"
    },
    {
      "user": "亿团_乱码",
      "content": "做完手术，麻药劲过了看的，看到香蕉机器人出来的时候绷不住了，笑的一直抖，一边疼一边笑，眼泪哗哗的往下掉，跟个傻子一样[笑哭][笑哭]",
      "likes": 17,
      "reply_time": "2024-10-18 21:48:27",
      "rpid": "244688625377",
      "mid": "3546663088032090"
    },
    {
      "user": "佐sa木",
      "content": "南无三！这是何等的慈悲！",
      "likes": 1830,
      "reply_time": "2024-10-18 12:20:25",
      "rpid": "244649149345",
      "mid": "36810581"
    },
    {
      "user": "Alfred_ID",
      "content": "你这头像换的，我半天都没找到你。[笑哭]",
      "likes": 15,
      "reply_time": "2024-10-20 22:41:50",
      "rpid": "244859127281",
      "mid": "378727683"
    },
    {
      "user": "莫贻牛马嘲",
      "content": "如此精彩的一战，想必各位拥有无比动态视力的嗜血观众都欣赏明白了罢\n不要紧，当我的千里眼程式一到，所有场面都睇个一清二楚呀（摄录亚飞，我们便合一吧",
      "likes": 1925,
      "reply_time": "2024-10-18 12:04:31",
      "rpid": "244864779424",
      "mid": "551861620"
    },
    {
      "user": "何LIN白",
      "content": "等等官方换头像了？",
      "likes": 8,
      "reply_time": "2024-10-20 20:11:03",
      "rpid": "245074342496",
      "mid": "1731655813"
    },
    {
      "user": "车速未知",
      "content": "官方头像…乱破呢，乱破出来救一下，蕉一下，香了个蕉的我也被香蕉了😩🍌",
      "likes": 12,
      "reply_time": "2024-10-20 19:27:44",
      "rpid": "245070776224",
      "mid": "3546566929418516"
    },
    {
      "user": "D32钢铁直男",
      "content": "此事在《银河忍法帖•乱武驱魔破邪斩月之卷》中亦有记载。。。",
      "likes": 387,
      "reply_time": "2024-10-18 12:32:07",
      "rpid": "244867059328",
      "mid": "482231641"
    },
    {
      "user": "古德制",
      "content": "卧C！",
      "likes": 5,
      "reply_time": "2024-10-20 22:10:41",
      "rpid": "245083871648",
      "mid": "3546594775403021"
    },
    {
      "user": "磁爆步兵54",
      "content": "丑时三刻的折纸大学将化作庄严惨绝的战场！",
      "likes": 783,
      "reply_time": "2024-10-18 12:01:07",
      "rpid": "244864565504",
      "mid": "3443416"
    },
    {
      "user": "桂花酒酿西瓜汁",
      "content": "巡海游侠眼里都会有准星吗[脱单doge]",
      "likes": 9,
      "reply_time": "2024-10-18 12:21:49",
      "rpid": "244866070176",
      "mid": "7420316"
    },
    {
      "user": "kaito怎么你了",
      "content": "可恶，是原始博士！什么时候！？😖😫\n额啊，我，我是，呃，香蕉？🤔\n对，我是香蕉🍌😃\n\n香🐵香🐵香🐵香🐵香🐵香🐵\n🍌蕉🍌蕉🍌蕉🍌蕉🍌蕉🍌蕉\n香🐵香🐵香🐵香🐵香🐵香🐵\n🍌蕉🍌蕉🍌蕉🍌蕉🍌蕉🍌蕉\n🐵🐵🐵🐵🐵🐵🐵🐵🐵🐵🐵\n🐵🐵🐵🐵🐵🐵🐵🐵🐵🐵🐵\n        🍌\n            🍌\n               🍌\n                  🍌 ——\n                    🍌🐒——\n                           ——\n\n🍌🍌🍌🍌🍌🍌🍌🍌🍌🍌🍌\n🍌🍌🍌🍌🍌🍌🍌🍌🍌🍌🍌\n摆满香蕉的小岛🍌🍌\n睡蕉小猴的爱巢🍌🍌\n吃完香蕉就睡觉🍌🍌\n快快乐乐没烦恼🍌🍌\n睡蕉小猴真是好🍌🍌\n幸福美满没烦恼🍌🍌🍌摆🍌满🍌香🍌蕉🍌的🍌小🍌岛🍌\n🙈睡🙉蕉🐵小🙊猴🙉的🐒爱🐵巢🙊\n🍌吃🍌完🍌香🍌蕉🍌就🍌睡🍌觉🍌\n🐒快🙉快🐵乐🐵乐🐵没🙉烦🙊恼🐒\n🍌睡🍌蕉🍌小🍌猴🍌真🍌是🍌好🍌\n🙊幸🐒福🐵美🐵满🐵没🙉烦🐵恼🐒",
      "likes": 11,
      "reply_time": "2024-10-20 22:43:51",
      "rpid": "244859170913",
      "mid": "3493103918909464"
    },
    {
      "user": "不慌得尚书",
      "content": "啊啊啊?换头像了?还tm的是蕉蕉[惊讶]",
      "likes": 11,
      "reply_time": "2024-10-20 18:58:02",
      "rpid": "245068312784",
      "mid": "626346144"
    },
    {
      "user": "斋藤七",
      "content": "求你了，崩铁也和扳机社联动吧，大家什么都会做的[大哭]",
      "likes": 276,
      "reply_time": "2024-10-18 12:41:35",
      "rpid": "244650769473",
      "mid": "381698550"
    },
    {
      "user": "阿常Party",
      "content": "丸辣",
      "likes": 5,
      "reply_time": "2024-10-20 18:40:04",
      "rpid": "245066850144",
      "mid": "1586110709"
    },
    {
      "user": "夜晚の萤光",
      "content": "我在想流萤碰到乱破，乱破会不会给流萤起名叫：火萤.忍者",
      "likes": 29,
      "reply_time": "2024-10-27 18:00:18",
      "rpid": "245612249312",
      "mid": "670311940"
    },
    {
      "user": "灵喵喵喵喵喵喵",
      "content": "诶嘿，今天是我生日，也是希儿生日[崩坏3_开心]",
      "likes": 84,
      "reply_time": "2024-10-18 12:01:07",
      "rpid": "244864520224",
      "mid": "85645809"
    },
    {
      "user": "法王符文",
      "content": "妖弓祸祖的忍者在人间肆虐，这也是末法之世的一个侧面，慈怀药王，你真的闭眼了吗？",
      "likes": 7,
      "reply_time": "2024-10-18 13:51:44",
      "rpid": "244655587825",
      "mid": "7210373"
    },
    {
      "user": "才羽花城",
      "content": "飞碟社：不是说找我吗？\n扳机社：我不到啊？",
      "likes": 322,
      "reply_time": "2024-10-18 12:03:22",
      "rpid": "244647816417",
      "mid": "381381959"
    },
    {
      "user": "爱喝奶茶乙游人",
      "content": "好家伙，牢铁你这头像变香蕉猴了？听太多香蕉歌导致的[猴哥]",
      "likes": 11,
      "reply_time": "2024-10-20 19:56:35",
      "rpid": "245073165936",
      "mid": "28151149"
    },
    {
      "user": "bili_1363195396",
      "content": "想要背景图可以长按保存不好意思只能搞成这样了",
      "likes": 4,
      "reply_time": "2024-10-20 23:59:50",
      "rpid": "244865280241",
      "mid": "1363195396"
    },
    {
      "user": "银烛秋光冷画屏2024",
      "content": "因为星穹列车也是🍌通工具",
      "likes": 8,
      "reply_time": "2024-10-20 20:38:47",
      "rpid": "244849618017",
      "mid": "416545163"
    },
    {
      "user": "疯神venti",
      "content": "在绝区零练的就是为了画这个吧[doge]",
      "likes": 12,
      "reply_time": "2024-10-18 19:56:58",
      "rpid": "244680051297",
      "mid": "1843917569"
    },
    {
      "user": "没有感情的李信",
      "content": "@崩坏星穹铁道 你怎么换这个头像了 咱们的3月7呢",
      "likes": 10,
      "reply_time": "2024-10-20 18:55:32",
      "rpid": "245068253936",
      "mid": "3494366133881631"
    },
    {
      "user": "朕乃欧皇是也",
      "content": "第一眼：哈哈，什么吊带袜天使二创\n第二眼：官号？？？",
      "likes": 12,
      "reply_time": "2024-10-19 09:14:10",
      "rpid": "244937380416",
      "mid": "39891341"
    },
    {
      "user": "民国豌豆",
      "content": "飞霄说要亲手斩首一个毁灭大君这事儿巡海游侠有经验，等到巡海游侠下一次大规模集结是不是在江户星轨道上联合飞霄跳帮毁灭大军的旗舰？[doge][doge]",
      "likes": 271,
      "reply_time": "2024-10-18 12:05:43",
      "rpid": "244864838016",
      "mid": "484465441"
    },
    {
      "user": "有只狐狸叫吉祥天",
      "content": "动画优秀到的佛陀都睁开了眼",
      "likes": 131,
      "reply_time": "2024-10-18 12:25:28",
      "rpid": "244649550305",
      "mid": "8155684"
    },
    {
      "user": "-H_Y_H-",
      "content": "巡海游侠是全银河出了名的热心肠组织。就比如那个波提欧，他愿意成为这片冰冷的银河里唯一还会对砂金说“爱你”的那个人。",
      "likes": 2484,
      "reply_time": "2024-10-18 12:01:58",
      "rpid": "244864546944",
      "mid": "497334428"
    },
    {
      "user": "丶阿兮兮兮兮兮",
      "content": "完了，原始博士打过来了？？！！！",
      "likes": 7,
      "reply_time": "2024-10-20 20:16:03",
      "rpid": "244847990417",
      "mid": "27111277"
    },
    {
      "user": "雪辰沙",
      "content": "好家伙，最近你们几个项目组交流可真是紧密啊，都快打成一片了[tv_doge]",
      "likes": 75,
      "reply_time": "2024-10-18 12:02:19",
      "rpid": "244647784609",
      "mid": "352751792"
    },
    {
      "user": "長城摩莉",
      "content": "既然如此那我要看丹恒用吊带袜天使的变身方式变成饮月",
      "likes": 2055,
      "reply_time": "2024-10-18 13:02:40",
      "rpid": "244869549712",
      "mid": "356625213"
    },
    {
      "user": "张每栗",
      "content": "我猜有人专门按时间看评论\n蕉蕉头像",
      "likes": 10,
      "reply_time": "2024-10-20 23:30:12",
      "rpid": "245090510560",
      "mid": "526645917"
    },
    {
      "user": "额额额就酱",
      "content": "Fly away,now.Fly away,now.🙏🏻[doge]\n「彷徨于天地间的迷途之子、诞生于汝心的邪恶之灵，以附着于少女贴身衣物之上的雷电，将所有污秽、泥淖、渣滓、余烬，化灰归于天地，忏悔吧！」",
      "likes": 6,
      "reply_time": "2024-10-18 12:15:16",
      "rpid": "244648662129",
      "mid": "290993280"
    },
    {
      "user": "虎城暗哨",
      "content": "不会真的是扳机社做的吧？味道太正了，现在的扳机社都很难搞出味道这么正的短片。",
      "likes": 119,
      "reply_time": "2024-10-18 15:46:18",
      "rpid": "244879517440",
      "mid": "196384402"
    },
    {
      "user": "啦啦啦咔拉拉",
      "content": "南无三，想必以各位的动态视力，肯定看清乱破的动作了吧",
      "likes": 435,
      "reply_time": "2024-10-18 12:02:20",
      "rpid": "244647784945",
      "mid": "10843276"
    },
    {
      "user": "天华SRSH_",
      "content": "我勒个吊带袜天使[哥们虾2.0_脑袋宕机][哥们虾2.0_不是哥们]",
      "likes": 847,
      "reply_time": "2024-10-18 12:01:32",
      "rpid": "244647650865",
      "mid": "1113890768"
    },
    {
      "user": "毛绒绒的碳",
      "content": "你把扳机社吃了？那以一起做吊带袜天使第二季吧[doge][支持][支持]",
      "likes": 6,
      "reply_time": "2024-10-18 15:48:53",
      "rpid": "244661998353",
      "mid": "17251379"
    },
    {
      "user": "某些人f",
      "content": "万年不换的头像终于换了[支持]",
      "likes": 7,
      "reply_time": "2024-10-20 18:03:35",
      "rpid": "244837511681",
      "mid": "3546391840295786"
    },
    {
      "user": "-凛冬意志-",
      "content": "这个头像是非换不可吗？",
      "likes": 7,
      "reply_time": "2024-10-20 18:11:42",
      "rpid": "244838312673",
      "mid": "1118918481"
    },
    {
      "user": "诗绘",
      "content": "确实是强得乱七八槽，我都不知道该看哪",
      "likes": 14,
      "reply_time": "2024-10-18 15:37:09",
      "rpid": "244661256673",
      "mid": "438981391"
    },
    {
      "user": "独在荒城zxc",
      "content": "朋友做的吊图[笑哭]",
      "likes": 3,
      "reply_time": "2024-10-18 16:11:04",
      "rpid": "244663370513",
      "mid": "499269696"
    },
    {
      "user": "FennyのLeonis",
      "content": "[傲娇]",
      "likes": 3,
      "reply_time": "2024-10-18 12:22:48",
      "rpid": "244866258016",
      "mid": "49814435"
    },
    {
      "user": "眼中星辰望众生",
      "content": "不是，最关键的脱内裤变身呢[星星眼][星星眼]",
      "likes": 11,
      "reply_time": "2024-10-18 18:32:04",
      "rpid": "244891404320",
      "mid": "262956023"
    },
    {
      "user": "小岛傻妈",
      "content": "米哈游，吊带袜天使你来做第二部[微笑][支持]",
      "likes": 14,
      "reply_time": "2024-10-18 15:19:59",
      "rpid": "244660357697",
      "mid": "34296893"
    },
    {
      "user": "天籁谛听丶",
      "content": "全片吊带袜天使\n00：05开头klk本能字开场\n00：10忍杀红围巾\n00：31domo\n01：22机甲+爆发\n01：40FLCL，klk也用过\n01：51诵读俳句吧！\n02：20定格画",
      "likes": 4,
      "reply_time": "2024-10-18 21:34:39",
      "rpid": "244687579665",
      "mid": "29136990"
    },
    {
      "user": "人心莫測",
      "content": "香蕉尊VS金镖王  罢了[OK]",
      "likes": 3,
      "reply_time": "2024-10-18 12:35:53",
      "rpid": "244867331808",
      "mid": "363262426"
    },
    {
      "user": "派派不爱吃派",
      "content": "[doge][doge]啥时候改头像了",
      "likes": 8,
      "reply_time": "2024-10-20 18:26:43",
      "rpid": "245065756368",
      "mid": "3546629560863542"
    },
    {
      "user": "西念阿",
      "content": "可恶，是原始博士！什么时候！？😖😫\r\r\r\r\r\r\n额啊，我，我是，呃，香蕉？🤔\r\r\r\r\r\r\n对，我是香蕉🍌😃\r\r\r\r\r\r\n香🐵香🐵香🐵香🐵香🐵香🐵\r\r\r\r\r\r\n🍌蕉🍌蕉🍌蕉🍌蕉🍌蕉🍌蕉\r\r\r\r\r\r\n香🐵香🐵香🐵香🐵香🐵香🐵\r\r\r\r\r\r\n🍌蕉🍌蕉🍌蕉🍌蕉🍌蕉🍌蕉\r\r\r\r\r\r\n🐵🐵🐵🐵🐵🐵🐵🐵🐵🐵🐵\r\r\r\r\r\r\n🐵🐵🐵🐵🐵🐵🐵🐵🐵🐵🐵\r\r\r\r\r\r\n 🍌\r\r\r\r\r\r\n 🍌\r\r\r\r\r\r\n 🍌\r\r\r\r\r\r\n 🍌 ——\r\r\r\r\r\r\n 🍌🐒——\r\r\r\r\r\r\n ——\r\r\r\r\r\r\n🍌🍌🍌🍌🍌🍌🍌🍌🍌🍌🍌\r\r\r\r\r\r\n🍌🍌🍌🍌🍌🍌🍌🍌🍌🍌🍌\r\r\r\r\r\r\n摆满香蕉的小岛🍌🍌\r\r\r\r\r\r\n睡蕉小猴的爱巢🍌🍌\r\r\r\r\r\r\n吃完香蕉就睡觉🍌🍌\r\r\r\r\r\r\n快快乐乐没烦恼🍌🍌\r\r\r\r\r\r\n睡蕉小猴真是好🍌🍌\r\r\r\r\r\r\n幸福美满没烦恼🍌🍌🍌摆🍌满🍌香🍌蕉🍌的🍌小🍌岛🍌\r\r\r\r\r\r\n🙈睡🙉蕉🐵小🙊猴🙉的🐒爱🐵巢🙊\r\r\r\r\r\r\n🍌吃🍌完🍌香🍌蕉🍌就🍌睡🍌觉🍌\r\r\r\r\r\r\n🐒快🙉快🐵乐🐵乐🐵没🙉烦🙊恼🐒\r\r\r\r\r\r\n🍌睡🍌蕉🍌小🍌猴🍌真🍌是🍌好🍌\r\r\r\r\r\r\n🙊幸🐒福🐵美🐵满🐵没🙉烦🐵恼🐒",
      "likes": 10,
      "reply_time": "2024-10-20 18:28:40",
      "rpid": "245066019584",
      "mid": "457857516"
    },
    {
      "user": "囧囧丸ん",
      "content": "不是哥们，要不你真自己做一个吧，做个季番让哥们爽爽",
      "likes": 10,
      "reply_time": "2024-10-19 09:49:03",
      "rpid": "244939376288",
      "mid": "398492345"
    },
    {
      "user": "想不到好名字脑壳疼",
      "content": "巡猎只要负责炸街道就行了，战后善后组的人就要思考很多了[笑哭]",
      "likes": 15,
      "reply_time": "2024-10-18 13:13:45",
      "rpid": "244653106721",
      "mid": "471007093"
    },
    {
      "user": "旗楓",
      "content": "乱破呢！过来啊，香蕉啊不是，原始博士打过来啦！",
      "likes": 4,
      "reply_time": "2024-10-20 20:30:26",
      "rpid": "244849006993",
      "mid": "1961470758"
    },
    {
      "user": "邦邦6号",
      "content": "这画风这让我想起了一部被禁掉的《吊带袜天使》[脱单doge]",
      "likes": 10,
      "reply_time": "2024-10-19 09:26:10",
      "rpid": "244717260401",
      "mid": "2114620754"
    },
    {
      "user": "耶耶耶耶kisskiss",
      "content": "可恶，是原始博士！什么时候！？😖😫\n额啊，我，我是，呃，香蕉？🤔\n对，我是香蕉🍌😃\n\n香🐵香🐵香🐵香🐵香🐵香🐵\n🍌蕉🍌蕉🍌蕉🍌蕉🍌蕉🍌蕉\n香🐵香🐵香🐵香🐵香🐵香🐵\n🍌蕉🍌蕉🍌蕉🍌蕉🍌蕉🍌蕉\n🐵🐵🐵🐵🐵🐵🐵🐵🐵🐵🐵\n🐵🐵🐵🐵🐵🐵🐵🐵🐵🐵🐵\n        🍌\n            🍌\n               🍌\n                  🍌 ——\n                    🍌🐒——\n                           ——\n\n🍌🍌🍌🍌🍌🍌🍌🍌🍌🍌🍌\n🍌🍌🍌🍌🍌🍌🍌🍌🍌🍌🍌\n摆满香蕉的小岛🍌🍌\n睡蕉小猴的爱巢🍌🍌\n吃完香蕉就睡觉🍌🍌\n快快乐乐没烦恼🍌🍌\n睡蕉小猴真是好🍌🍌\n幸福美满没烦恼🍌🍌🍌摆🍌满🍌香🍌蕉🍌的🍌小🍌岛🍌\n🙈睡🙉蕉🐵小🙊猴🙉的🐒爱🐵巢🙊\n🍌吃🍌完🍌香🍌蕉🍌就🍌睡🍌觉🍌\n🐒快🙉快🐵乐🐵乐🐵没🙉烦🙊恼🐒\n🍌睡🍌蕉🍌小🍌猴🍌真🍌是🍌好🍌\n🙊幸🐒福🐵美🐵满🐵没🙉烦🐵恼🐒",
      "likes": 5,
      "reply_time": "2024-10-19 21:47:51",
      "rpid": "244771023697",
      "mid": "301525568"
    },
    {
      "user": "婷某是真的菜",
      "content": "看得出来，真得强的乱七八糟[妙啊][微笑]",
      "likes": 7,
      "reply_time": "2024-10-18 21:46:42",
      "rpid": "244688523361",
      "mid": "3546590973266150"
    },
    {
      "user": "辰凩",
      "content": "这肯定是找绝区零项目组做的[doge]",
      "likes": 5,
      "reply_time": "2024-10-18 21:05:30",
      "rpid": "244904277792",
      "mid": "247890514"
    },
    {
      "user": "哈撒饭",
      "content": "画风像吊带袜天使\n色彩像普罗米亚\n报登场名之前那段像是忍者杀手的午时三刻\n反派变身像天元突破变萝卜\n还有忍杀的经典：咏诵俳句吧!\n最后的斩杀镜头像斩服少女\n好家伙番看少一点都看不出",
      "likes": 910,
      "reply_time": "2024-10-18 20:34:31",
      "rpid": "244682973137",
      "mid": "165694389"
    },
    {
      "user": "壹tow三4",
      "content": "完了，原始博士打过来了",
      "likes": 7,
      "reply_time": "2024-10-20 21:59:43",
      "rpid": "245082860976",
      "mid": "523975339"
    },
    {
      "user": "邪龙救世-月暗轮回",
      "content": "乱破最害怕那个奥特曼？\n是捷德，他喜欢用破灭爆裂[doge]",
      "likes": 786,
      "reply_time": "2024-10-18 12:01:07",
      "rpid": "244647586065",
      "mid": "387137671"
    },
    {
      "user": "卡卡卡停停停",
      "content": "星铁的动画怎么又多又好，什么时候给牢原整点[大哭]",
      "likes": 20,
      "reply_time": "2024-10-18 22:25:32",
      "rpid": "244691631313",
      "mid": "521620394"
    },
    {
      "user": "藤原蓮_Hansen",
      "content": "大香蕉",
      "likes": 4,
      "reply_time": "2024-10-20 22:23:38",
      "rpid": "244857654145",
      "mid": "476151856"
    },
    {
      "user": "182LZ",
      "content": "不行，这动画我得0.5倍速细看，好严谨的变形香蕉",
      "likes": 5,
      "reply_time": "2024-10-18 21:56:09",
      "rpid": "244689187841",
      "mid": "615851186"
    },
    {
      "user": "民国豌豆",
      "content": "什么时候有其他纯美骑士团的消息？关一个银枝就那么逆天(他甚至还把乱破给救了)其他纯美骑士团骑士都什么水平？我尤其想看一看纯美骑士团的团长。[tv_doge][tv_doge]",
      "likes": 62,
      "reply_time": "2024-10-18 12:03:03",
      "rpid": "244864612304",
      "mid": "484465441"
    },
    {
      "user": "炼天大爱仙尊",
      "content": "深刻的理解了泊提欧的那句话，她确实强的乱七八糟，动画里的各种操作我看着也乱七八糟😭",
      "likes": 44,
      "reply_time": "2024-10-18 15:03:35",
      "rpid": "244659602369",
      "mid": "384018278"
    },
    {
      "user": "影之侍",
      "content": "名字里的卷可以读三声\n代表原铁绝三家互相卷[doge]",
      "likes": 245,
      "reply_time": "2024-10-18 12:01:12",
      "rpid": "244647588737",
      "mid": "14075464"
    },
    {
      "user": "墨鸢鸦",
      "content": "你好",
      "likes": 6,
      "reply_time": "2024-10-18 12:07:44",
      "rpid": "244865046608",
      "mid": "152013541"
    },
    {
      "user": "馍馍炒窝头",
      "content": "怎么头像换成monkey了[笑哭]",
      "likes": 8,
      "reply_time": "2024-10-20 19:35:29",
      "rpid": "244844900449",
      "mid": "1715235288"
    },
    {
      "user": "秋枫叶红雨",
      "content": "为什么要换头像啊把我的三月妻还回来[大哭]",
      "likes": 7,
      "reply_time": "2024-10-20 19:18:06",
      "rpid": "244843352753",
      "mid": "1134027384"
    },
    {
      "user": "锤子打鸡",
      "content": "这究竟是反应了乱破的精神状态还是制作组的精神状态呢？[笑哭]",
      "likes": 9,
      "reply_time": "2024-10-18 13:18:52",
      "rpid": "244653515905",
      "mid": "31781056"
    },
    {
      "user": "卯之花后援会",
      "content": "没有忍者动态视力是看不懂这个视频的",
      "likes": 12,
      "reply_time": "2024-10-24 13:42:39",
      "rpid": "245111550737",
      "mid": "436434052"
    },
    {
      "user": "小楼归阙",
      "content": "你认真的哥？？",
      "likes": 3,
      "reply_time": "2024-10-20 20:17:08",
      "rpid": "244848101057",
      "mid": "527183774"
    },
    {
      "user": "旖旎翎",
      "content": "哈哈哈哈，笑不活了，你来真的啊[喜极而泣]",
      "likes": 3,
      "reply_time": "2024-10-23 11:33:25",
      "rpid": "245266969200",
      "mid": "14176805"
    },
    {
      "user": "是江不是檎",
      "content": "没人觉得那个香蕉机甲特别像果宝特工里的无极吗（",
      "likes": 314,
      "reply_time": "2024-10-18 12:04:05",
      "rpid": "244647838241",
      "mid": "65391179"
    },
    {
      "user": "醉生丶梦死丿",
      "content": "这头像…你是认真的吗？[笑哭][笑哭]",
      "likes": 6,
      "reply_time": "2024-10-20 22:15:06",
      "rpid": "244856989057",
      "mid": "3493112722754067"
    },
    {
      "user": "自动考什么",
      "content": "星铁怎么变成崩坏：猴子铁道了",
      "likes": 6,
      "reply_time": "2024-10-20 23:47:58",
      "rpid": "244864231873",
      "mid": "1789625489"
    },
    {
      "user": "逗萝大陆之龙王传说",
      "content": "别碰瓷我扳机社了好伐？天元和吊带袜天使都是G社做的😅\n更别说我家02都被你们轰出B站了，再碰瓷我可要生气了😠😠😠",
      "likes": 4,
      "reply_time": "2024-10-18 15:31:58",
      "rpid": "244878732944",
      "mid": "1204553610"
    },
    {
      "user": "落墓zzZ",
      "content": "你小子是不是把隔壁的美工拉过来了[绝区零_我跟你爆了！]",
      "likes": 3,
      "reply_time": "2024-10-18 13:02:31",
      "rpid": "244869604096",
      "mid": "449167933"
    },
    {
      "user": "蚝无语蛙",
      "content": "吊带袜天使的画风",
      "likes": 5,
      "reply_time": "2024-11-04 14:18:19",
      "rpid": "245983031425",
      "mid": "3546610598414653"
    },
    {
      "user": "华丽丽的家伙",
      "content": "天才在左，蕉蕉猴在右，柏妮思在右，项目组在右，米哈游在右，逢魔大伟在前天的右。和平星在右，他姥姥的蜻蜓队长也在右，胜利的天平已经倒向米哈游，深渊的怀抱将接纳每一个米游玩家，邪恶因子将充斥每一位的大脑，在每一个夜晚都会响起🍌🐵🔥gogo。",
      "likes": 10,
      "reply_time": "2024-10-18 16:05:12",
      "rpid": "244880735008",
      "mid": "24507908"
    },
    {
      "user": "以帽取人啊",
      "content": "你相信蕉吗？加入睡蕉社，大家一起信蕉！\n蕉神！🙏🙏🙏",
      "likes": 6,
      "reply_time": "2024-10-20 20:15:21",
      "rpid": "244847880801",
      "mid": "412894861"
    },
    {
      "user": "未命鳴",
      "content": "被绑架了，就眨眨眼睛[笑哭]",
      "likes": 6,
      "reply_time": "2024-10-20 22:19:05",
      "rpid": "245084576720",
      "mid": "1800546930"
    },
    {
      "user": "玛雅凌云",
      "content": "给我干哪来了，这是绝区零还是崩铁啊，[辣眼睛]哦全体都是一样抽象的，那没事了[滑稽]",
      "likes": 6,
      "reply_time": "2024-10-18 12:19:35",
      "rpid": "244865908512",
      "mid": "420805"
    },
    {
      "user": "-走不出的苦夏-",
      "content": "官方怎么也被原始博士洗脑了[哦呼]香了蕉的",
      "likes": 6,
      "reply_time": "2024-10-20 20:17:50",
      "rpid": "245074839296",
      "mid": "495186416"
    },
    {
      "user": "这里是老钱啊",
      "content": "看完总感觉少了一点什么[思考][思考][思考][思考]\n诶🤓☝🏻\n原来是少了一个模型爆炸啊～",
      "likes": 3,
      "reply_time": "2024-10-18 14:05:18",
      "rpid": "244873669152",
      "mid": "158366626"
    },
    {
      "user": "Ne゚",
      "content": "头像怎么回事啊啊！？啊？哈哈哈哈哈哈哈哈哈哈哈哈",
      "likes": 8,
      "reply_time": "2024-10-20 21:38:00",
      "rpid": "244853998065",
      "mid": "1002522461"
    },
    {
      "user": "等待dengdai",
      "content": "总感觉乱破应该在下一秒跳钢管舞脱点什么[热][热][热]",
      "likes": 3,
      "reply_time": "2024-10-18 12:28:41",
      "rpid": "244866638464",
      "mid": "249464249"
    },
    {
      "user": "节操君他失踪了",
      "content": "那个辞世句是捏他了丰臣秀吉的，果然还是猴子[笑哭]",
      "likes": 104,
      "reply_time": "2024-10-18 12:08:40",
      "rpid": "244865213504",
      "mid": "340041"
    },
    {
      "user": "咦ゾ节操呢",
      "content": "米哈游最近精神状态很混乱啊[doge]",
      "likes": 4,
      "reply_time": "2024-10-18 13:26:51",
      "rpid": "244871263424",
      "mid": "156306737"
    },
    {
      "user": "咸鱼翻身烤咸鱼",
      "content": "好嘛，我以为真是忍者原来是实验，你还我最开始的形象",
      "likes": 6,
      "reply_time": "2024-10-23 14:22:07",
      "rpid": "245040813569",
      "mid": "1765080496"
    },
    {
      "user": "三言翊",
      "content": "蕉蕉蕉蕉？(你头像怎么变了？)",
      "likes": 5,
      "reply_time": "2024-10-20 20:10:43",
      "rpid": "244847620465",
      "mid": "513166368"
    },
    {
      "user": "旋羽xy",
      "content": "玩米被骂过，被笑过，就是没有被饿过[doge]",
      "likes": 4,
      "reply_time": "2024-11-02 23:40:49",
      "rpid": "246136605104",
      "mid": "1750072746"
    },
    {
      "user": "泛九GaGa",
      "content": "我好奇这是米自己做的动画，还是找扳机做的，太对了",
      "likes": 15,
      "reply_time": "2024-10-19 10:20:28",
      "rpid": "244720376849",
      "mid": "18909455"
    },
    {
      "user": "狗蛋maomao",
      "content": "我都准备点追番了结果是崩铁[辣眼睛]",
      "likes": 6,
      "reply_time": "2024-10-18 19:59:55",
      "rpid": "244899044064",
      "mid": "583522703"
    },
    {
      "user": "螺旋迫击炮",
      "content": "[doge_金箍][doge_金箍][doge_金箍]",
      "likes": 2,
      "reply_time": "2024-10-18 18:29:40",
      "rpid": "244891177056",
      "mid": "454291526"
    },
    {
      "user": "白大琛啊",
      "content": "我十分有理由怀疑原神和星铁项目组把绝区零项目组打劫了[笑哭][笑哭]",
      "likes": 17,
      "reply_time": "2024-10-18 12:52:09",
      "rpid": "244868624416",
      "mid": "70897145"
    },
    {
      "user": "凌语LTH",
      "content": "不好！变成蕉蕉铁道了！",
      "likes": 6,
      "reply_time": "2024-10-20 18:05:04",
      "rpid": "244837806001",
      "mid": "349980055"
    },
    {
      "user": "夢幻光翼",
      "content": "说到画风，我在美式动画里看到有人说画风像吊带袜天使算不算倒反天罡？",
      "likes": 8,
      "reply_time": "2024-11-05 19:49:49",
      "rpid": "246079763569",
      "mid": "480123581"
    },
    {
      "user": "平烻",
      "content": "回来了，那些童年时的回忆，他们全都回来了[doge_金箍]",
      "likes": 2,
      "reply_time": "2024-10-18 23:16:47",
      "rpid": "244695587809",
      "mid": "3546688033654858"
    },
    {
      "user": "符合FVR看",
      "content": "猜猜为什么弄这个画风，因为返祖吃的香蕉可不是香蕉，相当于现实是吃人场面[妙啊]",
      "likes": 8,
      "reply_time": "2024-10-18 16:34:19",
      "rpid": "244664775537",
      "mid": "1690796964"
    },
    {
      "user": "爷之乐",
      "content": "从2:03开始的白字neta了日本安土桃山时代名将、天下人丰臣秀吉的辞世诗：“随露水降临、随露水消逝，此即我生。浪速（这是个双关，浪速是大阪的古称，丰臣秀吉的政权驻地位于大阪；同时表示字面意思上的浪花）之事，只是梦中的梦。”\n而丰臣秀吉本来就有“猴子”的绰号，用在“香蕉尊”这里很合适。",
      "likes": 1687,
      "reply_time": "2024-10-18 12:50:51",
      "rpid": "244868722416",
      "mid": "308440942"
    },
    {
      "user": "薄荷绿凯希喵",
      "content": "崩坏：猩琼铁道",
      "likes": 8,
      "reply_time": "2024-10-21 02:41:02",
      "rpid": "245100527712",
      "mid": "527668628"
    },
    {
      "user": "铁窗泪水鲁冰花",
      "content": "[doge]绝区零前几天才整了一个大的，你们后续跟进，我想知道原神组有没有压力？",
      "likes": 8,
      "reply_time": "2024-10-18 20:07:38",
      "rpid": "244680944273",
      "mid": "304792054"
    },
    {
      "user": "P·由",
      "content": "过完剧情再看这个动画...沉重起来了[原神_哭哭]",
      "likes": 9,
      "reply_time": "2024-10-27 16:47:06",
      "rpid": "245606672816",
      "mid": "9172516"
    },
    {
      "user": "火旺公公一枚呀",
      "content": "第一眼:好高质的同人\n第二眼:等会儿，你谁？",
      "likes": 7,
      "reply_time": "2024-10-19 12:41:30",
      "rpid": "244951978272",
      "mid": "1763096414"
    },
    {
      "user": "时蔬蘸酱-",
      "content": "这托马是吊带袜天使画风不是zzz，zzz在致敬啊弹幕不要再刷这是zzz画风了[笑哭]",
      "likes": 3,
      "reply_time": "2024-10-18 12:27:05",
      "rpid": "244866541904",
      "mid": "671373802"
    },
    {
      "user": "李伍五",
      "content": "孩子，这里不送忍法帖[笑哭][笑哭][笑哭]",
      "likes": 11,
      "reply_time": "2024-10-18 17:54:22",
      "rpid": "244888334432",
      "mid": "506487727"
    },
    {
      "user": "天然水昵称被占用了",
      "content": "感觉看了一集吊带袜天使[笑哭]",
      "likes": 4,
      "reply_time": "2024-11-05 11:48:47",
      "rpid": "246047914177",
      "mid": "11721775"
    },
    {
      "user": "METO-ooo",
      "content": "轮到我了[脱单doge]",
      "likes": 2,
      "reply_time": "2024-10-18 18:02:00",
      "rpid": "244888966064",
      "mid": "632512200"
    },
    {
      "user": "157----",
      "content": "星穹铁道太好玩了",
      "likes": 2,
      "reply_time": "2024-10-20 10:41:19",
      "rpid": "244805923457",
      "mid": "3546749234842490"
    },
    {
      "user": "牢阳分不清",
      "content": "不是真改啊😃😃😃\n唱 跳 乱破 music😎\n蕉你太美～🍌😃\n摆满香蕉的小岛🍌🍌\n睡蕉小猴的爱巢🍌🍌\n吃完香蕉就睡觉🍌🍌\n快快乐乐没烦恼🍌🍌\n睡蕉小猴真是好🍌🍌\n幸福美满没烦恼🍌🍌🍌",
      "likes": 10,
      "reply_time": "2024-10-21 06:22:24",
      "rpid": "245103842112",
      "mid": "3546680697817231"
    },
    {
      "user": "绳网用户19860117",
      "content": "丸辣，穹宝又被夺舍辣[大哭][大哭][大哭]",
      "likes": 7,
      "reply_time": "2024-10-20 18:15:38",
      "rpid": "245065060640",
      "mid": "1975874528"
    },
    {
      "user": "周桑1234",
      "content": "今下午放学的时候，我就想重温一遍吊带袜天使……老米啊，你是懂我的[OK]",
      "likes": 9,
      "reply_time": "2024-10-18 18:22:03",
      "rpid": "244890658048",
      "mid": "3493126320687525"
    },
    {
      "user": "eixpA",
      "content": "我知道了，原神动画给飞碟社做，所以崩铁动画给扳机社做，所以什么时候安排一下[脱单doge][脱单doge][脱单doge][吃瓜]",
      "likes": 43,
      "reply_time": "2024-10-18 14:49:45",
      "rpid": "244658814369",
      "mid": "355125663"
    },
    {
      "user": "梦子17",
      "content": "南无三！这一集的经费能做三季忍者杀手了罢！",
      "likes": 7,
      "reply_time": "2024-10-19 06:48:15",
      "rpid": "244931758576",
      "mid": "329390406"
    },
    {
      "user": "4628646483674737",
      "content": "头像怎么变🍌🐒了",
      "likes": 5,
      "reply_time": "2024-10-20 21:22:38",
      "rpid": "244852983537",
      "mid": "627625794"
    },
    {
      "user": "画秋若初",
      "content": "那个……我想听到那个，可以吗？",
      "likes": 2,
      "reply_time": "2024-10-20 03:01:00",
      "rpid": "245016309984",
      "mid": "622359412"
    },
    {
      "user": "一直爱绘梨衣",
      "content": "不是你这热门，为什么我找不到啊，不在我的热门榜上",
      "likes": 3,
      "reply_time": "2024-10-18 13:18:41",
      "rpid": "244653436433",
      "mid": "349658454"
    },
    {
      "user": "给我点赞好不好",
      "content": "我嘞个吊带袜天使party[doge]",
      "likes": 8,
      "reply_time": "2024-10-18 22:49:52",
      "rpid": "244912992816",
      "mid": "2135341123"
    },
    {
      "user": "青叶薄荷糖",
      "content": "好眼熟的画风",
      "likes": 15,
      "reply_time": "2024-10-18 12:03:55",
      "rpid": "244647745729",
      "mid": "387113167"
    },
    {
      "user": "摸摸说的道丽",
      "content": "论米哈游它是多喜欢吊带袜天使[笑哭]",
      "likes": 8,
      "reply_time": "2024-10-18 15:00:33",
      "rpid": "244659275409",
      "mid": "410729482"
    },
    {
      "user": "太白冬星",
      "content": "卧槽，第一眼封面被救的小妹妹给我幻视成天行轶事中的缘了，姿势都一样，还奇怪缘怎么乱入崩铁了哈哈哈",
      "likes": 2,
      "reply_time": "2024-10-18 13:50:38",
      "rpid": "244655560065",
      "mid": "385114658"
    }
  ],
  "total_comments": 200
}