﻿"视频标题","视频BV号","视频AV号","作者","发布时间","评论用户名","评论内容","点赞数","评论时间","评论ID","用户ID"
"《崩坏：星穹铁道》动画短片：「银河忍法帖•乱武驱魔破邪斩月之卷」","BV13pyPYSEar","113320749174529","崩坏星穹铁道","2024-10-18 12:00:00","蕾米莉呀","你已经学会扳机社的精髓了，现在让我们来做一部新的原创动画吧","6978","2024-10-18 18:00:17","244888758768","431098431"
"《崩坏：星穹铁道》动画短片：「银河忍法帖•乱武驱魔破邪斩月之卷」","BV13pyPYSEar","113320749174529","崩坏星穹铁道","2024-10-18 12:00:00","川水莉佳","已经有厨子发力了！[打call]","93","2024-10-19 15:15:11","244963205216","1355128104"
"《崩坏：星穹铁道》动画短片：「银河忍法帖•乱武驱魔破邪斩月之卷」","BV13pyPYSEar","113320749174529","崩坏星穹铁道","2024-10-18 12:00:00","上官序","椒丘：今天的视频也和昨天一样好看呢。","352","2024-10-18 12:07:27","244864879488","73807100"
"《崩坏：星穹铁道》动画短片：「银河忍法帖•乱武驱魔破邪斩月之卷」","BV13pyPYSEar","113320749174529","崩坏星穹铁道","2024-10-18 12:00:00","起什么昵称好呢喵","隔壁zzz的画风只是看起来像，但是这个动画和吊带袜天使根本就是同一个画风好吧，说是它工作室做的我都信[笑哭][笑哭]","11910","2024-10-18 12:12:58","244865416832","504334319"
"《崩坏：星穹铁道》动画短片：「银河忍法帖•乱武驱魔破邪斩月之卷」","BV13pyPYSEar","113320749174529","崩坏星穹铁道","2024-10-18 12:00:00","PSSF23","博识尊选原始博士当天才绝对是溜大了~","9366","2024-10-18 12:11:42","244865381120","18895629"
"《崩坏：星穹铁道》动画短片：「银河忍法帖•乱武驱魔破邪斩月之卷」","BV13pyPYSEar","113320749174529","崩坏星穹铁道","2024-10-18 12:00:00","飞天鱿鱼大旋转","不是说乱破的认知方式与普通人不一样吗？根据原始博士和巡海游侠的关系，这里乱破的认知方式不同应该是为了防止被猴子影响吧，可能有刀","7443","2024-10-18 12:55:25","244868932480","604901113"
"《崩坏：星穹铁道》动画短片：「银河忍法帖•乱武驱魔破邪斩月之卷」","BV13pyPYSEar","113320749174529","崩坏星穹铁道","2024-10-18 12:00:00","黑兔砸","米哈游从Eva中二忧郁少年毕业到扳机社了","1612","2024-10-18 18:08:17","244671195585","14165462"
"《崩坏：星穹铁道》动画短片：「银河忍法帖•乱武驱魔破邪斩月之卷」","BV13pyPYSEar","113320749174529","崩坏星穹铁道","2024-10-18 12:00:00","不见苍龙","这画风好熟悉的感觉[笑哭]在哪看过来着，考虑到云璃动画有非人哉工作室加入，这次应该也是哪个动作工作室加入制作的吧[笑哭]","6322","2024-10-18 12:06:34","244864995776","399860640"
"《崩坏：星穹铁道》动画短片：「银河忍法帖•乱武驱魔破邪斩月之卷」","BV13pyPYSEar","113320749174529","崩坏星穹铁道","2024-10-18 12:00:00","青衣染皂韵","原来强的乱七八糟是这个意思啊","193","2024-10-18 12:39:28","244867701296","589643944"
"《崩坏：星穹铁道》动画短片：「银河忍法帖•乱武驱魔破邪斩月之卷」","BV13pyPYSEar","113320749174529","崩坏星穹铁道","2024-10-18 12:00:00","我只是路过的NPC","画风像吊带袜天使 色彩像普罗米亚 报登场名之前那段像是忍者杀手的午时三刻 反派变身像天元突破变萝卜 还有忍杀的经典：咏诵俳句吧! 最后的斩杀镜头像斩服少女 好家伙番看少一点都看不出","14189","2024-10-18 13:03:36","244869689936","433891638"
"《崩坏：星穹铁道》动画短片：「银河忍法帖•乱武驱魔破邪斩月之卷」","BV13pyPYSEar","113320749174529","崩坏星穹铁道","2024-10-18 12:00:00","饱含爱与歉意的倾诉","辞世句出典： 如露生消乃我身 难波往事梦中梦 ——丰臣秀吉","5302","2024-10-18 12:11:41","244865380416","16312320"
"《崩坏：星穹铁道》动画短片：「银河忍法帖•乱武驱魔破邪斩月之卷」","BV13pyPYSEar","113320749174529","崩坏星穹铁道","2024-10-18 12:00:00","黑白coins","博识尊其实就好比诺贝尔奖，它不问出身经历种族，也不管你是否好人都有可能会获奖。","2672","2024-10-18 18:06:09","244889368848","489720210"
"《崩坏：星穹铁道》动画短片：「银河忍法帖•乱武驱魔破邪斩月之卷」","BV13pyPYSEar","113320749174529","崩坏星穹铁道","2024-10-18 12:00:00","墖觻䫵","冷知识，最后那个boss说的辞世句引用的话来自丰臣秀吉，因为他外号猴子[笑哭]","16780","2024-10-18 12:58:48","244652177409","3493279582653059"
"《崩坏：星穹铁道》动画短片：「银河忍法帖•乱武驱魔破邪斩月之卷」","BV13pyPYSEar","113320749174529","崩坏星穹铁道","2024-10-18 12:00:00","读到我自动下载原神","香蕉尊，归位","86","2024-10-18 13:15:55","244653258993","353277585"
"《崩坏：星穹铁道》动画短片：「银河忍法帖•乱武驱魔破邪斩月之卷」","BV13pyPYSEar","113320749174529","崩坏星穹铁道","2024-10-18 12:00:00","Serge_S","天守阁就这么被毁了？影不出来管管？","7","2024-10-18 21:18:00","244905376208","448500"
"《崩坏：星穹铁道》动画短片：「银河忍法帖•乱武驱魔破邪斩月之卷」","BV13pyPYSEar","113320749174529","崩坏星穹铁道","2024-10-18 12:00:00","printer2222","对于没看过忍杀的人而言估计难以理解，对于看过的人而言那就是花费几个亿的超大型二创，这下要氪金了。不知道作者有何感想。","7","2024-10-18 15:52:44","244879896864","319327"
"《崩坏：星穹铁道》动画短片：「银河忍法帖•乱武驱魔破邪斩月之卷」","BV13pyPYSEar","113320749174529","崩坏星穹铁道","2024-10-18 12:00:00","上官序","你们说能不能出个活动，乱破在街边涂鸦被家族猎犬追着跑的跑酷游戏。","2448","2024-10-18 12:01:39","244864537168","73807100"
"《崩坏：星穹铁道》动画短片：「银河忍法帖•乱武驱魔破邪斩月之卷」","BV13pyPYSEar","113320749174529","崩坏星穹铁道","2024-10-18 12:00:00","甜心奶应声虫酱","红色，使用飞镖，乱字辈，头上有角，都是忍者，对手都是香蕉机甲[doge]","137","2024-10-18 12:28:42","244866638880","431165922"
"《崩坏：星穹铁道》动画短片：「银河忍法帖•乱武驱魔破邪斩月之卷」","BV13pyPYSEar","113320749174529","崩坏星穹铁道","2024-10-18 12:00:00","纱布理","这也是末法之世的一个侧面，此事在古事记中也有记载","1461","2024-10-18 12:39:20","244650641297","517956653"
"《崩坏：星穹铁道》动画短片：「银河忍法帖•乱武驱魔破邪斩月之卷」","BV13pyPYSEar","113320749174529","崩坏星穹铁道","2024-10-18 12:00:00","bili_405090807","涩","138","2024-10-18 23:08:16","244914499248","405090807"
"《崩坏：星穹铁道》动画短片：「银河忍法帖•乱武驱魔破邪斩月之卷」","BV13pyPYSEar","113320749174529","崩坏星穹铁道","2024-10-18 12:00:00","希杜提里奥","乱破对抗原始博士的猴子联想一下乱破的原型的话，正好是石川五右卫门，石川五右卫门多次对抗丰臣秀吉，丰臣秀吉又正好外号猴子，不知道是巧合还是星铁故意的。","6015","2024-10-18 12:37:44","244867490880","91322640"
"《崩坏：星穹铁道》动画短片：「银河忍法帖•乱武驱魔破邪斩月之卷」","BV13pyPYSEar","113320749174529","崩坏星穹铁道","2024-10-18 12:00:00","蚌埠住了BGO的兄弟们","打斗太精致了，建议换成小人对撞，否则观众们忍者级别的视力就浪费了（）","3831","2024-10-18 17:26:44","244886211488","147938238"
"《崩坏：星穹铁道》动画短片：「银河忍法帖•乱武驱魔破邪斩月之卷」","BV13pyPYSEar","113320749174529","崩坏星穹铁道","2024-10-18 12:00:00","撒西布荔","香蕉机甲对抗忍者，此事在果宝特攻中亦有记载[崩坏3_乱杀]","3633","2024-10-18 17:37:38","244887063392","363437508"
"《崩坏：星穹铁道》动画短片：「银河忍法帖•乱武驱魔破邪斩月之卷」","BV13pyPYSEar","113320749174529","崩坏星穹铁道","2024-10-18 12:00:00","_夜雨声煩_","乱破：在下的力量和其他命途行者有所不同，是忍术 科技 命途的三重交汇，而这就是在下的力量具象化—忍法驱动器！","2048","2024-10-18 12:03:10","244647847377","77207087"
"《崩坏：星穹铁道》动画短片：「银河忍法帖•乱武驱魔破邪斩月之卷」","BV13pyPYSEar","113320749174529","崩坏星穹铁道","2024-10-18 12:00:00","WYX2023xm","没有右上角图标，我还以为花火旁边这两位是你游新卫星呢[doge]","611","2024-10-18 12:00:50","244864454160","294099923"
"《崩坏：星穹铁道》动画短片：「银河忍法帖•乱武驱魔破邪斩月之卷」","BV13pyPYSEar","113320749174529","崩坏星穹铁道","2024-10-18 12:00:00","一只有思想的Requiem","[doge]","20","2024-10-18 12:15:11","244648806801","419813589"
"《崩坏：星穹铁道》动画短片：「银河忍法帖•乱武驱魔破邪斩月之卷」","BV13pyPYSEar","113320749174529","崩坏星穹铁道","2024-10-18 12:00:00","琥珀星雨","你已经可以做两分四十九秒的动画了，接下来二十四分九秒的动画也可以安排了吧，进一步两小时四十九分钟的动画是不是也该考虑考虑了呢","5859","2024-10-18 13:54:23","244872994464","842734"
"《崩坏：星穹铁道》动画短片：「银河忍法帖•乱武驱魔破邪斩月之卷」","BV13pyPYSEar","113320749174529","崩坏星穹铁道","2024-10-18 12:00:00","愿金风玉露一相逢","日配是吊带袜天使，英配是飞天小女警","2519","2024-10-18 12:21:16","244649176561","153324971"
"《崩坏：星穹铁道》动画短片：「银河忍法帖•乱武驱魔破邪斩月之卷」","BV13pyPYSEar","113320749174529","崩坏星穹铁道","2024-10-18 12:00:00","厌氧君需要吸氧气","知道吗，它这个画风我总会觉得下一秒要不是脱袜子就是脱胖次了……","45","2024-10-18 22:46:04","244912685776","508901634"
"《崩坏：星穹铁道》动画短片：「银河忍法帖•乱武驱魔破邪斩月之卷」","BV13pyPYSEar","113320749174529","崩坏星穹铁道","2024-10-18 12:00:00","喜欢打雪仗的早川秋","官方怎么发换了个新头像？[笑哭]","12","2024-10-20 19:57:32","245073105504","3546375904037838"
"《崩坏：星穹铁道》动画短片：「银河忍法帖•乱武驱魔破邪斩月之卷」","BV13pyPYSEar","113320749174529","崩坏星穹铁道","2024-10-18 12:00:00","虾仁诛心多吃虾","这个时候就需要[妙啊][妙啊]","10","2024-10-18 13:36:20","244654551665","1321164380"
"《崩坏：星穹铁道》动画短片：「银河忍法帖•乱武驱魔破邪斩月之卷」","BV13pyPYSEar","113320749174529","崩坏星穹铁道","2024-10-18 12:00:00","民国豌豆","注：乱破其实刚来的时候就遇到危机，然后被银枝给救了，纯美神选，质量保证[tv_doge][tv_doge](纯美是真的偏爱银枝)","1789","2024-10-18 12:02:04","244864645136","484465441"
"《崩坏：星穹铁道》动画短片：「银河忍法帖•乱武驱魔破邪斩月之卷」","BV13pyPYSEar","113320749174529","崩坏星穹铁道","2024-10-18 12:00:00","评论员玛奇玛","原来真有忍者之国啊，我还以为是在研究室看漫画后的幻想呢[墨镜]","21","2024-10-23 14:48:20","245042110305","204417874"
"《崩坏：星穹铁道》动画短片：「银河忍法帖•乱武驱魔破邪斩月之卷」","BV13pyPYSEar","113320749174529","崩坏星穹铁道","2024-10-18 12:00:00","大地怒吼","乱破如果能培养一只军队的话，感觉战斗力会飙升。 因为他们可以命名为“破军”！","881","2024-10-18 12:31:28","244866934752","24031929"
"《崩坏：星穹铁道》动画短片：「银河忍法帖•乱武驱魔破邪斩月之卷」","BV13pyPYSEar","113320749174529","崩坏星穹铁道","2024-10-18 12:00:00","凉乞讨","完了，官方已经被攻占了","10","2024-10-20 19:04:48","244842382481","3546718475913581"
"《崩坏：星穹铁道》动画短片：「银河忍法帖•乱武驱魔破邪斩月之卷」","BV13pyPYSEar","113320749174529","崩坏星穹铁道","2024-10-18 12:00:00","忘归大黑塔不出不改名","哥你这是咋了?被博士入侵公司了[笑哭]","18","2024-10-21 06:32:55","244875596465","3493295174978471"
"《崩坏：星穹铁道》动画短片：「银河忍法帖•乱武驱魔破邪斩月之卷」","BV13pyPYSEar","113320749174529","崩坏星穹铁道","2024-10-18 12:00:00","cookie-NANA","呜～～[惊喜][惊喜][惊喜]乱破！[保卫萝卜_哇][保卫萝卜_哇][保卫萝卜_哇]","20","2024-10-18 14:36:37","244875478992","30751170"
"《崩坏：星穹铁道》动画短片：「银河忍法帖•乱武驱魔破邪斩月之卷」","BV13pyPYSEar","113320749174529","崩坏星穹铁道","2024-10-18 12:00:00","小小岸呀","这又被夺舍了？","9","2024-10-20 18:05:21","245064060544","3494373419387505"
"《崩坏：星穹铁道》动画短片：「银河忍法帖•乱武驱魔破邪斩月之卷」","BV13pyPYSEar","113320749174529","崩坏星穹铁道","2024-10-18 12:00:00","TOM-Takeonme","说实话要是老米能像鹰角那些能单独切换角色配音就好了，有些角色确实日语合适点，比如乱破，看中配pv脚趾已经抠出三室一厅了[笑哭]","5","2024-10-18 20:56:06","244903485344","477779338"
"《崩坏：星穹铁道》动画短片：「银河忍法帖•乱武驱魔破邪斩月之卷」","BV13pyPYSEar","113320749174529","崩坏星穹铁道","2024-10-18 12:00:00","迷路的阿漠","画师从绝区零借的吗？","7","2024-10-18 16:22:29","244881841232","1262147016"
"《崩坏：星穹铁道》动画短片：「银河忍法帖•乱武驱魔破邪斩月之卷」","BV13pyPYSEar","113320749174529","崩坏星穹铁道","2024-10-18 12:00:00","神一样的小铭","不是，哥们儿？？？？？","6","2024-10-20 20:13:52","244847926337","3546673290677068"
"《崩坏：星穹铁道》动画短片：「银河忍法帖•乱武驱魔破邪斩月之卷」","BV13pyPYSEar","113320749174529","崩坏星穹铁道","2024-10-18 12:00:00","是毒瘤da","崩铁也是好起来了，都联动上银河忍法帖了[doge]","1118","2024-10-18 12:27:52","244866676544","205345139"
"《崩坏：星穹铁道》动画短片：「银河忍法帖•乱武驱魔破邪斩月之卷」","BV13pyPYSEar","113320749174529","崩坏星穹铁道","2024-10-18 12:00:00","宅到腐为止","扳机社大杂烩[笑哭]忍者杀手+吊带袜天使+天元突破机甲，还有十字黑白闪和变速帧，就差套娃爆炸和抱胸G社立了[吃瓜]","7854","2024-10-18 12:07:42","244865026576","2003938"
"《崩坏：星穹铁道》动画短片：「银河忍法帖•乱武驱魔破邪斩月之卷」","BV13pyPYSEar","113320749174529","崩坏星穹铁道","2024-10-18 12:00:00","松松是只猪1","乱破攻击原始博士，这是不是一种以卵击石[doge] 这里我解释一下卵和石分别是乱和始的谐音[墨镜]","2946","2024-10-18 12:08:26","244865064096","350830406"
"《崩坏：星穹铁道》动画短片：「银河忍法帖•乱武驱魔破邪斩月之卷」","BV13pyPYSEar","113320749174529","崩坏星穹铁道","2024-10-18 12:00:00","六牙LY","过剧情前：中二病？ 过剧情后：够了，我心疼你，姑娘 去和波提欧多喝几杯小麦果汁吧，我请你们[大哭]","17","2024-10-24 17:14:31","245363677312","112337506"
"《崩坏：星穹铁道》动画短片：「银河忍法帖•乱武驱魔破邪斩月之卷」","BV13pyPYSEar","113320749174529","崩坏星穹铁道","2024-10-18 12:00:00","d丧b","🐵：「🍌🍌🍌🍌🍌🍌🍌🍌🍌🍌！」","7","2024-10-18 12:14:02","244865527120","12282542"
"《崩坏：星穹铁道》动画短片：「银河忍法帖•乱武驱魔破邪斩月之卷」","BV13pyPYSEar","113320749174529","崩坏星穹铁道","2024-10-18 12:00:00","街区123","过完剧情看这个不太乐得出来了_(:з」∠)_","16","2024-10-25 06:57:44","245403463040","456734426"
"《崩坏：星穹铁道》动画短片：「银河忍法帖•乱武驱魔破邪斩月之卷」","BV13pyPYSEar","113320749174529","崩坏星穹铁道","2024-10-18 12:00:00","A级厨师圆粥绿","乱破如果能培养一只军队的话，感觉战斗力会飙升。 因为他们可以命名为“破军”！","1279","2024-10-18 12:10:37","244865268880","3546379488070407"
"《崩坏：星穹铁道》动画短片：「银河忍法帖•乱武驱魔破邪斩月之卷」","BV13pyPYSEar","113320749174529","崩坏星穹铁道","2024-10-18 12:00:00","西瓦","原来真的有《银河忍法帖》啊，还以为是哪个试中了模因病毒的试验品的幻想呢[墨镜][墨镜][墨镜]","19","2024-10-23 23:37:28","245076637985","14458"
"《崩坏：星穹铁道》动画短片：「银河忍法帖•乱武驱魔破邪斩月之卷」","BV13pyPYSEar","113320749174529","崩坏星穹铁道","2024-10-18 12:00:00","尘世闲游-陵薮市朝","小小年纪所向无敌神秘超能力[doge_金箍][doge_金箍]","4","2024-10-18 12:02:07","244864551024","1408235928"
"《崩坏：星穹铁道》动画短片：「银河忍法帖•乱武驱魔破邪斩月之卷」","BV13pyPYSEar","113320749174529","崩坏星穹铁道","2024-10-18 12:00:00","umimaaya","直接说是gainax做的动画，我觉得都没毛病","4","2024-10-19 12:02:55","244727490481","15950"
"《崩坏：星穹铁道》动画短片：「银河忍法帖•乱武驱魔破邪斩月之卷」","BV13pyPYSEar","113320749174529","崩坏星穹铁道","2024-10-18 12:00:00","吃阮饭喝流萤酱","01:13       香蕉尊，归位！☝🤓💡","36","2024-10-18 12:13:43","244648467841","486906191"
"《崩坏：星穹铁道》动画短片：「银河忍法帖•乱武驱魔破邪斩月之卷」","BV13pyPYSEar","113320749174529","崩坏星穹铁道","2024-10-18 12:00:00","牧月-忍冬","乱破小时候其实很胆小，有一次她蛀牙了去牙科诊所，拔牙的时候非常痛，于是她哭着对医生姐姐说：牙医姐，我不想死[doge]","897","2024-10-18 12:00:43","244647573473","111202477"
"《崩坏：星穹铁道》动画短片：「银河忍法帖•乱武驱魔破邪斩月之卷」","BV13pyPYSEar","113320749174529","崩坏星穹铁道","2024-10-18 12:00:00","ygyfbhggj","为什么封面变猴了？","7","2024-10-20 20:15:15","245074533856","3493110285863619"
"《崩坏：星穹铁道》动画短片：「银河忍法帖•乱武驱魔破邪斩月之卷」","BV13pyPYSEar","113320749174529","崩坏星穹铁道","2024-10-18 12:00:00","超级無敌帅帅帅","？？？？","7","2024-10-20 20:06:09","244847218561","281633481"
"《崩坏：星穹铁道》动画短片：「银河忍法帖•乱武驱魔破邪斩月之卷」","BV13pyPYSEar","113320749174529","崩坏星穹铁道","2024-10-18 12:00:00","九片风扇叶","一开始还以为是哪个高仿，结果是官方[辣眼睛]","7","2024-10-20 18:40:09","245066852320","3461562335496641"
"《崩坏：星穹铁道》动画短片：「银河忍法帖•乱武驱魔破邪斩月之卷」","BV13pyPYSEar","113320749174529","崩坏星穹铁道","2024-10-18 12:00:00","圣光茫","第一次感觉看崩铁的动画短片用日文比较好","878","2024-10-18 12:04:34","244864780752","26671104"
"《崩坏：星穹铁道》动画短片：「银河忍法帖•乱武驱魔破邪斩月之卷」","BV13pyPYSEar","113320749174529","崩坏星穹铁道","2024-10-18 12:00:00","Neru音无","过完剧情再看这个动画，高兴不起来了[大哭]好难过啊","12","2024-10-27 19:00:03","245363431281","8121166"
"《崩坏：星穹铁道》动画短片：「银河忍法帖•乱武驱魔破邪斩月之卷」","BV13pyPYSEar","113320749174529","崩坏星穹铁道","2024-10-18 12:00:00","东风突入大气层","这个画风是……吊带袜天使？","2009","2024-10-18 12:01:46","244864581680","251139"
"《崩坏：星穹铁道》动画短片：「银河忍法帖•乱武驱魔破邪斩月之卷」","BV13pyPYSEar","113320749174529","崩坏星穹铁道","2024-10-18 12:00:00","朱月之水","辞世诗是模仿猴子的这个吧: 如晨露之坠地，如晨露之消失；人生譬如朝露易逝，终究难留；吾似朝露降人间，来去匆匆瞬即逝；随露珠凋零，随露珠消逝，此即吾身。","286","2024-10-18 13:00:03","244869378576","2409140"
"《崩坏：星穹铁道》动画短片：「银河忍法帖•乱武驱魔破邪斩月之卷」","BV13pyPYSEar","113320749174529","崩坏星穹铁道","2024-10-18 12:00:00","゙゙゙゙满穗","今天该我啦[饿殍表情包2_害羞]","4","2024-10-20 00:23:25","244784923825","479201675"
"《崩坏：星穹铁道》动画短片：「银河忍法帖•乱武驱魔破邪斩月之卷」","BV13pyPYSEar","113320749174529","崩坏星穹铁道","2024-10-18 12:00:00","千年之羽_符华","Domo，乱破=san，开拓者desu。 让我见识下你的空手道成果！","1405","2024-10-18 12:46:21","244651114017","19102470"
"《崩坏：星穹铁道》动画短片：「银河忍法帖•乱武驱魔破邪斩月之卷」","BV13pyPYSEar","113320749174529","崩坏星穹铁道","2024-10-18 12:00:00","萤萂球棒侠","行了，我知道你美术资源溢出了，不整点活就浑身难受是吧，不愧是你，米哈游最颠的星穹铁道项目组[笑哭][笑哭][笑哭][笑哭]","18","2024-10-18 23:37:21","244916755040","1009048426"
"《崩坏：星穹铁道》动画短片：「银河忍法帖•乱武驱魔破邪斩月之卷」","BV13pyPYSEar","113320749174529","崩坏星穹铁道","2024-10-18 12:00:00","无聊坎法","帅帅帅帅帅帅帅帅帅帅帅帅帅","4","2024-10-18 12:19:37","244648999633","1915432562"
"《崩坏：星穹铁道》动画短片：「银河忍法帖•乱武驱魔破邪斩月之卷」","BV13pyPYSEar","113320749174529","崩坏星穹铁道","2024-10-18 12:00:00","香蕉岛偶像睡焦小猴","官方你被焦焦病毒感染了？[tv_目瞪口呆]","7","2024-10-20 18:29:46","245066160560","3546616166353740"
"《崩坏：星穹铁道》动画短片：「银河忍法帖•乱武驱魔破邪斩月之卷」","BV13pyPYSEar","113320749174529","崩坏星穹铁道","2024-10-18 12:00:00","绿色黄瓜味的木子米酱","大家中午好，祝你们都能十连必出乱破呀，爱你们[原神_哇]","530","2024-10-18 12:01:24","244647595553","342768288"
"《崩坏：星穹铁道》动画短片：「银河忍法帖•乱武驱魔破邪斩月之卷」","BV13pyPYSEar","113320749174529","崩坏星穹铁道","2024-10-18 12:00:00","-home114514-","气御飞剑！","3","2024-11-10 15:25:52","246458554193","3461562574572151"
"《崩坏：星穹铁道》动画短片：「银河忍法帖•乱武驱魔破邪斩月之卷」","BV13pyPYSEar","113320749174529","崩坏星穹铁道","2024-10-18 12:00:00","小马哥特爱吃肉","原始博士就是这么被干掉的吗，太离谱了[doge_金箍]","12","2024-10-18 12:03:54","244647862913","27764655"
"《崩坏：星穹铁道》动画短片：「银河忍法帖•乱武驱魔破邪斩月之卷」","BV13pyPYSEar","113320749174529","崩坏星穹铁道","2024-10-18 12:00:00","amonsoul","何等精彩的street graffiti ·空手道，相信拥有巡海游侠动态视力的你一定看清了这无慈悲的精彩厮杀。","1554","2024-10-18 12:10:55","244648368657","10248588"
"《崩坏：星穹铁道》动画短片：「银河忍法帖•乱武驱魔破邪斩月之卷」","BV13pyPYSEar","113320749174529","崩坏星穹铁道","2024-10-18 12:00:00","SHUO-HHHHH","中国制作，日本文化，美漫风格[doge_金箍]","563","2024-10-18 12:02:59","244864736432","575791103"
"《崩坏：星穹铁道》动画短片：「银河忍法帖•乱武驱魔破邪斩月之卷」","BV13pyPYSEar","113320749174529","崩坏星穹铁道","2024-10-18 12:00:00","不想写名称的屑","呃啊😰怎么回事😫头好痛😖😫 我。。。😖头也疼😫，难道是那串香蕉🍌真的有问题🧐😫💦💦💦 卑—鄙—的—猿—始—博—士😫🥵🥵🫵🫵🫵 不行了😫我感觉自己的理智要离我而去😣😖😫 去。。。😫去打个蕉先，再见🥵 混账😡🤬🔥不许跑🤬🔥🔥啊～↘️。。。咦-↗️ 对不起😩我也要撑不住了🥵。。。真的要😖～要↗️😫～要🥵💦💦💦 好了😩😠🔥🔥🔥补药再说下去了🥵快↗️滚↘️💥，滚↘️啊↗️🤬🔥🔥🔥🔥 好疼😡🥵😢嗯↘️～嗯↗️眼前↗️出现了↘️幻↗️觉↘️😢🥵😩😡🔥🔥💥💥 原始博士正在向外↘️😩🥵😢😠🔥🔥放↗️歌↘️嗯～嗯～ 可恶啊😐，可恶的原始博士（突然冷静）😐不↗️许↘️放↗️歌↗️呵～呵～呵～🥵😩😠😢🔥🔥💥💥💦💦💦（music～） 🎵ᐠ( ᑒ )ᐟ🐒摆满香蕉的小岛香蕉蕉🍌ᐠ( ᑒ )ᐟ🎶 🎵ᐠ( ᑒ )ᐟ🐒睡蕉小猴的爱巢香蕉蕉🍌ᐠ( ᑒ )ᐟ🎶 🎵ᐠ( ᑒ )ᐟ🐒吃完香蕉就睡觉香蕉蕉🍌ᐠ( ᑒ )ᐟ🎶 🎵ᐠ( ᑒ )ᐟ🐒快快乐乐没烦恼香蕉蕉🍌ᐠ( ᑒ )ᐟ🎶 🎵ᐠ( ᑒ )ᐟ🐒睡蕉小猴真是好香蕉蕉🍌ᐠ( ᑒ )ᐟ🎶 🎵ᐠ( ᑒ )ᐟ🐒幸福美满没烦恼香蕉蕉🍌ᐠ( ᑒ )ᐟ🎶 ---------------------------- 来自于遗战蛮在歌曲<<蕉蕉猴>>的酷狗评论","4","2024-10-18 16:36:48","244882558208","1103080432"
"《崩坏：星穹铁道》动画短片：「银河忍法帖•乱武驱魔破邪斩月之卷」","BV13pyPYSEar","113320749174529","崩坏星穹铁道","2024-10-18 12:00:00","_-下半夜-_","[超天酱表情包_嘤嘤][超天酱表情包_嘤嘤][超天酱表情包_嘤嘤]","3","2024-10-19 12:45:12","244952419680","3494371483715605"
"《崩坏：星穹铁道》动画短片：「银河忍法帖•乱武驱魔破邪斩月之卷」","BV13pyPYSEar","113320749174529","崩坏星穹铁道","2024-10-18 12:00:00","凤梨终于不缺钾了","好神经……中文最出戏的一次[灵魂出窍]","3","2024-10-18 23:03:26","244914120528","39345735"
"《崩坏：星穹铁道》动画短片：「银河忍法帖•乱武驱魔破邪斩月之卷」","BV13pyPYSEar","113320749174529","崩坏星穹铁道","2024-10-18 12:00:00","yoyo鹿鸣_Love","恶意氪金的福报，玩米游的这辈子有了。","4","2024-10-18 19:29:05","244896422176","15962028"
"《崩坏：星穹铁道》动画短片：「银河忍法帖•乱武驱魔破邪斩月之卷」","BV13pyPYSEar","113320749174529","崩坏星穹铁道","2024-10-18 12:00:00","想了半天的名字emm","好家伙[脸红]","3","2024-10-18 12:38:59","244867612048","383799505"
"《崩坏：星穹铁道》动画短片：「银河忍法帖•乱武驱魔破邪斩月之卷」","BV13pyPYSEar","113320749174529","崩坏星穹铁道","2024-10-18 12:00:00","BlazingHope","画风很明显吊带袜天使，谁再说日版飞天小女警去看看站内修复的4K OP不就知道了","3","2024-10-18 17:41:31","244669239201","36071366"
"《崩坏：星穹铁道》动画短片：「银河忍法帖•乱武驱魔破邪斩月之卷」","BV13pyPYSEar","113320749174529","崩坏星穹铁道","2024-10-18 12:00:00","麻濑红莉栖","Aieeeeeeee，何等的蛮猴[海虎武神系列 表情包_摸不着头脑] 想必各位银河球棒侠也看到了吧，实际残忍！  Domo，侍蕉一号=san，缭乱·忍侠desu[海虎武神系列 表情包_此时此刻？] 猴子！猴子杀无赦！ 念诵绯句吧！","3","2024-10-18 12:15:08","244648658657","227506668"
"《崩坏：星穹铁道》动画短片：「银河忍法帖•乱武驱魔破邪斩月之卷」","BV13pyPYSEar","113320749174529","崩坏星穹铁道","2024-10-18 12:00:00","戴茵克莱","出限定皮了是吧[doge][doge][doge]","7","2024-10-20 21:45:40","245081840256","1049143619"
"《崩坏：星穹铁道》动画短片：「银河忍法帖•乱武驱魔破邪斩月之卷」","BV13pyPYSEar","113320749174529","崩坏星穹铁道","2024-10-18 12:00:00","万有引力前进四","不好了不好了出大事了！崩铁让原始博士给占领了！！！现在请记住你是人类不是猴子更不是香蕉！！！[doge]","13","2024-10-20 18:55:53","245068211792","392243221"
"《崩坏：星穹铁道》动画短片：「银河忍法帖•乱武驱魔破邪斩月之卷」","BV13pyPYSEar","113320749174529","崩坏星穹铁道","2024-10-18 12:00:00","酒杯中的弄臣","这头像是怎么回事？等等，香了个蕉的，我他猴子的怎么也变了？","14","2024-10-20 19:53:58","245072850160","508754643"
"《崩坏：星穹铁道》动画短片：「银河忍法帖•乱武驱魔破邪斩月之卷」","BV13pyPYSEar","113320749174529","崩坏星穹铁道","2024-10-18 12:00:00","超高校级的白痴","我梦见一片蕉土， 一株破土而生的新蕊， 它迎着朝阳绽放， 向我低语呢喃……  🍌摆🍌满🍌香🍌蕉🍌的🍌小🍌岛🍌 🙈睡🙉蕉🐵小🙊猴🙉的🐒爱🐵巢🙊 🍌吃🍌完🍌香🍌蕉🍌就🍌睡🍌觉🍌 🐒快🙉快🐵乐🐵乐🐵没🙉烦🙊恼🐒 🍌睡🍌蕉🍌小🍌猴🍌真🍌是🍌好🍌 🙊幸🐒福🐵美🐵满🐵没🙉烦🐵恼🐒","132","2024-10-18 12:03:21","244647732721","2384996"
"《崩坏：星穹铁道》动画短片：「银河忍法帖•乱武驱魔破邪斩月之卷」","BV13pyPYSEar","113320749174529","崩坏星穹铁道","2024-10-18 12:00:00","亿团_乱码","做完手术，麻药劲过了看的，看到香蕉机器人出来的时候绷不住了，笑的一直抖，一边疼一边笑，眼泪哗哗的往下掉，跟个傻子一样[笑哭][笑哭]","17","2024-10-18 21:48:27","244688625377","3546663088032090"
"《崩坏：星穹铁道》动画短片：「银河忍法帖•乱武驱魔破邪斩月之卷」","BV13pyPYSEar","113320749174529","崩坏星穹铁道","2024-10-18 12:00:00","佐sa木","南无三！这是何等的慈悲！","1830","2024-10-18 12:20:25","244649149345","36810581"
"《崩坏：星穹铁道》动画短片：「银河忍法帖•乱武驱魔破邪斩月之卷」","BV13pyPYSEar","113320749174529","崩坏星穹铁道","2024-10-18 12:00:00","Alfred_ID","你这头像换的，我半天都没找到你。[笑哭]","15","2024-10-20 22:41:50","244859127281","378727683"
"《崩坏：星穹铁道》动画短片：「银河忍法帖•乱武驱魔破邪斩月之卷」","BV13pyPYSEar","113320749174529","崩坏星穹铁道","2024-10-18 12:00:00","莫贻牛马嘲","如此精彩的一战，想必各位拥有无比动态视力的嗜血观众都欣赏明白了罢 不要紧，当我的千里眼程式一到，所有场面都睇个一清二楚呀（摄录亚飞，我们便合一吧","1925","2024-10-18 12:04:31","244864779424","551861620"
"《崩坏：星穹铁道》动画短片：「银河忍法帖•乱武驱魔破邪斩月之卷」","BV13pyPYSEar","113320749174529","崩坏星穹铁道","2024-10-18 12:00:00","何LIN白","等等官方换头像了？","8","2024-10-20 20:11:03","245074342496","1731655813"
"《崩坏：星穹铁道》动画短片：「银河忍法帖•乱武驱魔破邪斩月之卷」","BV13pyPYSEar","113320749174529","崩坏星穹铁道","2024-10-18 12:00:00","车速未知","官方头像…乱破呢，乱破出来救一下，蕉一下，香了个蕉的我也被香蕉了😩🍌","12","2024-10-20 19:27:44","245070776224","3546566929418516"
"《崩坏：星穹铁道》动画短片：「银河忍法帖•乱武驱魔破邪斩月之卷」","BV13pyPYSEar","113320749174529","崩坏星穹铁道","2024-10-18 12:00:00","D32钢铁直男","此事在《银河忍法帖•乱武驱魔破邪斩月之卷》中亦有记载。。。","387","2024-10-18 12:32:07","244867059328","482231641"
"《崩坏：星穹铁道》动画短片：「银河忍法帖•乱武驱魔破邪斩月之卷」","BV13pyPYSEar","113320749174529","崩坏星穹铁道","2024-10-18 12:00:00","古德制","卧C！","5","2024-10-20 22:10:41","245083871648","3546594775403021"
"《崩坏：星穹铁道》动画短片：「银河忍法帖•乱武驱魔破邪斩月之卷」","BV13pyPYSEar","113320749174529","崩坏星穹铁道","2024-10-18 12:00:00","磁爆步兵54","丑时三刻的折纸大学将化作庄严惨绝的战场！","783","2024-10-18 12:01:07","244864565504","3443416"
"《崩坏：星穹铁道》动画短片：「银河忍法帖•乱武驱魔破邪斩月之卷」","BV13pyPYSEar","113320749174529","崩坏星穹铁道","2024-10-18 12:00:00","桂花酒酿西瓜汁","巡海游侠眼里都会有准星吗[脱单doge]","9","2024-10-18 12:21:49","244866070176","7420316"
"《崩坏：星穹铁道》动画短片：「银河忍法帖•乱武驱魔破邪斩月之卷」","BV13pyPYSEar","113320749174529","崩坏星穹铁道","2024-10-18 12:00:00","kaito怎么你了","可恶，是原始博士！什么时候！？😖😫 额啊，我，我是，呃，香蕉？🤔 对，我是香蕉🍌😃  香🐵香🐵香🐵香🐵香🐵香🐵 🍌蕉🍌蕉🍌蕉🍌蕉🍌蕉🍌蕉 香🐵香🐵香🐵香🐵香🐵香🐵 🍌蕉🍌蕉🍌蕉🍌蕉🍌蕉🍌蕉 🐵🐵🐵🐵🐵🐵🐵🐵🐵🐵🐵 🐵🐵🐵🐵🐵🐵🐵🐵🐵🐵🐵         🍌             🍌                🍌                   🍌 ——                     🍌🐒——                            ——  🍌🍌🍌🍌🍌🍌🍌🍌🍌🍌🍌 🍌🍌🍌🍌🍌🍌🍌🍌🍌🍌🍌 摆满香蕉的小岛🍌🍌 睡蕉小猴的爱巢🍌🍌 吃完香蕉就睡觉🍌🍌 快快乐乐没烦恼🍌🍌 睡蕉小猴真是好🍌🍌 幸福美满没烦恼🍌🍌🍌摆🍌满🍌香🍌蕉🍌的🍌小🍌岛🍌 🙈睡🙉蕉🐵小🙊猴🙉的🐒爱🐵巢🙊 🍌吃🍌完🍌香🍌蕉🍌就🍌睡🍌觉🍌 🐒快🙉快🐵乐🐵乐🐵没🙉烦🙊恼🐒 🍌睡🍌蕉🍌小🍌猴🍌真🍌是🍌好🍌 🙊幸🐒福🐵美🐵满🐵没🙉烦🐵恼🐒","11","2024-10-20 22:43:51","244859170913","3493103918909464"
"《崩坏：星穹铁道》动画短片：「银河忍法帖•乱武驱魔破邪斩月之卷」","BV13pyPYSEar","113320749174529","崩坏星穹铁道","2024-10-18 12:00:00","不慌得尚书","啊啊啊?换头像了?还tm的是蕉蕉[惊讶]","11","2024-10-20 18:58:02","245068312784","626346144"
"《崩坏：星穹铁道》动画短片：「银河忍法帖•乱武驱魔破邪斩月之卷」","BV13pyPYSEar","113320749174529","崩坏星穹铁道","2024-10-18 12:00:00","斋藤七","求你了，崩铁也和扳机社联动吧，大家什么都会做的[大哭]","276","2024-10-18 12:41:35","244650769473","381698550"
"《崩坏：星穹铁道》动画短片：「银河忍法帖•乱武驱魔破邪斩月之卷」","BV13pyPYSEar","113320749174529","崩坏星穹铁道","2024-10-18 12:00:00","阿常Party","丸辣","5","2024-10-20 18:40:04","245066850144","1586110709"
"《崩坏：星穹铁道》动画短片：「银河忍法帖•乱武驱魔破邪斩月之卷」","BV13pyPYSEar","113320749174529","崩坏星穹铁道","2024-10-18 12:00:00","夜晚の萤光","我在想流萤碰到乱破，乱破会不会给流萤起名叫：火萤.忍者","29","2024-10-27 18:00:18","245612249312","670311940"
"《崩坏：星穹铁道》动画短片：「银河忍法帖•乱武驱魔破邪斩月之卷」","BV13pyPYSEar","113320749174529","崩坏星穹铁道","2024-10-18 12:00:00","灵喵喵喵喵喵喵","诶嘿，今天是我生日，也是希儿生日[崩坏3_开心]","84","2024-10-18 12:01:07","244864520224","85645809"
"《崩坏：星穹铁道》动画短片：「银河忍法帖•乱武驱魔破邪斩月之卷」","BV13pyPYSEar","113320749174529","崩坏星穹铁道","2024-10-18 12:00:00","法王符文","妖弓祸祖的忍者在人间肆虐，这也是末法之世的一个侧面，慈怀药王，你真的闭眼了吗？","7","2024-10-18 13:51:44","244655587825","7210373"
"《崩坏：星穹铁道》动画短片：「银河忍法帖•乱武驱魔破邪斩月之卷」","BV13pyPYSEar","113320749174529","崩坏星穹铁道","2024-10-18 12:00:00","才羽花城","飞碟社：不是说找我吗？ 扳机社：我不到啊？","322","2024-10-18 12:03:22","244647816417","381381959"
"《崩坏：星穹铁道》动画短片：「银河忍法帖•乱武驱魔破邪斩月之卷」","BV13pyPYSEar","113320749174529","崩坏星穹铁道","2024-10-18 12:00:00","爱喝奶茶乙游人","好家伙，牢铁你这头像变香蕉猴了？听太多香蕉歌导致的[猴哥]","11","2024-10-20 19:56:35","245073165936","28151149"
"《崩坏：星穹铁道》动画短片：「银河忍法帖•乱武驱魔破邪斩月之卷」","BV13pyPYSEar","113320749174529","崩坏星穹铁道","2024-10-18 12:00:00","bili_1363195396","想要背景图可以长按保存不好意思只能搞成这样了","4","2024-10-20 23:59:50","244865280241","1363195396"
"《崩坏：星穹铁道》动画短片：「银河忍法帖•乱武驱魔破邪斩月之卷」","BV13pyPYSEar","113320749174529","崩坏星穹铁道","2024-10-18 12:00:00","银烛秋光冷画屏2024","因为星穹列车也是🍌通工具","8","2024-10-20 20:38:47","244849618017","416545163"
"《崩坏：星穹铁道》动画短片：「银河忍法帖•乱武驱魔破邪斩月之卷」","BV13pyPYSEar","113320749174529","崩坏星穹铁道","2024-10-18 12:00:00","疯神venti","在绝区零练的就是为了画这个吧[doge]","12","2024-10-18 19:56:58","244680051297","1843917569"
"《崩坏：星穹铁道》动画短片：「银河忍法帖•乱武驱魔破邪斩月之卷」","BV13pyPYSEar","113320749174529","崩坏星穹铁道","2024-10-18 12:00:00","没有感情的李信","@崩坏星穹铁道 你怎么换这个头像了 咱们的3月7呢","10","2024-10-20 18:55:32","245068253936","3494366133881631"
"《崩坏：星穹铁道》动画短片：「银河忍法帖•乱武驱魔破邪斩月之卷」","BV13pyPYSEar","113320749174529","崩坏星穹铁道","2024-10-18 12:00:00","朕乃欧皇是也","第一眼：哈哈，什么吊带袜天使二创 第二眼：官号？？？","12","2024-10-19 09:14:10","244937380416","39891341"
"《崩坏：星穹铁道》动画短片：「银河忍法帖•乱武驱魔破邪斩月之卷」","BV13pyPYSEar","113320749174529","崩坏星穹铁道","2024-10-18 12:00:00","民国豌豆","飞霄说要亲手斩首一个毁灭大君这事儿巡海游侠有经验，等到巡海游侠下一次大规模集结是不是在江户星轨道上联合飞霄跳帮毁灭大军的旗舰？[doge][doge]","271","2024-10-18 12:05:43","244864838016","484465441"
"《崩坏：星穹铁道》动画短片：「银河忍法帖•乱武驱魔破邪斩月之卷」","BV13pyPYSEar","113320749174529","崩坏星穹铁道","2024-10-18 12:00:00","有只狐狸叫吉祥天","动画优秀到的佛陀都睁开了眼","131","2024-10-18 12:25:28","244649550305","8155684"
"《崩坏：星穹铁道》动画短片：「银河忍法帖•乱武驱魔破邪斩月之卷」","BV13pyPYSEar","113320749174529","崩坏星穹铁道","2024-10-18 12:00:00","-H_Y_H-","巡海游侠是全银河出了名的热心肠组织。就比如那个波提欧，他愿意成为这片冰冷的银河里唯一还会对砂金说“爱你”的那个人。","2484","2024-10-18 12:01:58","244864546944","497334428"
"《崩坏：星穹铁道》动画短片：「银河忍法帖•乱武驱魔破邪斩月之卷」","BV13pyPYSEar","113320749174529","崩坏星穹铁道","2024-10-18 12:00:00","丶阿兮兮兮兮兮","完了，原始博士打过来了？？！！！","7","2024-10-20 20:16:03","244847990417","27111277"
"《崩坏：星穹铁道》动画短片：「银河忍法帖•乱武驱魔破邪斩月之卷」","BV13pyPYSEar","113320749174529","崩坏星穹铁道","2024-10-18 12:00:00","雪辰沙","好家伙，最近你们几个项目组交流可真是紧密啊，都快打成一片了[tv_doge]","75","2024-10-18 12:02:19","244647784609","352751792"
"《崩坏：星穹铁道》动画短片：「银河忍法帖•乱武驱魔破邪斩月之卷」","BV13pyPYSEar","113320749174529","崩坏星穹铁道","2024-10-18 12:00:00","長城摩莉","既然如此那我要看丹恒用吊带袜天使的变身方式变成饮月","2055","2024-10-18 13:02:40","244869549712","356625213"
"《崩坏：星穹铁道》动画短片：「银河忍法帖•乱武驱魔破邪斩月之卷」","BV13pyPYSEar","113320749174529","崩坏星穹铁道","2024-10-18 12:00:00","张每栗","我猜有人专门按时间看评论 蕉蕉头像","10","2024-10-20 23:30:12","245090510560","526645917"
"《崩坏：星穹铁道》动画短片：「银河忍法帖•乱武驱魔破邪斩月之卷」","BV13pyPYSEar","113320749174529","崩坏星穹铁道","2024-10-18 12:00:00","额额额就酱","Fly away,now.Fly away,now.🙏🏻[doge] 「彷徨于天地间的迷途之子、诞生于汝心的邪恶之灵，以附着于少女贴身衣物之上的雷电，将所有污秽、泥淖、渣滓、余烬，化灰归于天地，忏悔吧！」","6","2024-10-18 12:15:16","244648662129","290993280"
"《崩坏：星穹铁道》动画短片：「银河忍法帖•乱武驱魔破邪斩月之卷」","BV13pyPYSEar","113320749174529","崩坏星穹铁道","2024-10-18 12:00:00","虎城暗哨","不会真的是扳机社做的吧？味道太正了，现在的扳机社都很难搞出味道这么正的短片。","119","2024-10-18 15:46:18","244879517440","196384402"
"《崩坏：星穹铁道》动画短片：「银河忍法帖•乱武驱魔破邪斩月之卷」","BV13pyPYSEar","113320749174529","崩坏星穹铁道","2024-10-18 12:00:00","啦啦啦咔拉拉","南无三，想必以各位的动态视力，肯定看清乱破的动作了吧","435","2024-10-18 12:02:20","244647784945","10843276"
"《崩坏：星穹铁道》动画短片：「银河忍法帖•乱武驱魔破邪斩月之卷」","BV13pyPYSEar","113320749174529","崩坏星穹铁道","2024-10-18 12:00:00","天华SRSH_","我勒个吊带袜天使[哥们虾2.0_脑袋宕机][哥们虾2.0_不是哥们]","847","2024-10-18 12:01:32","244647650865","1113890768"
"《崩坏：星穹铁道》动画短片：「银河忍法帖•乱武驱魔破邪斩月之卷」","BV13pyPYSEar","113320749174529","崩坏星穹铁道","2024-10-18 12:00:00","毛绒绒的碳","你把扳机社吃了？那以一起做吊带袜天使第二季吧[doge][支持][支持]","6","2024-10-18 15:48:53","244661998353","17251379"
"《崩坏：星穹铁道》动画短片：「银河忍法帖•乱武驱魔破邪斩月之卷」","BV13pyPYSEar","113320749174529","崩坏星穹铁道","2024-10-18 12:00:00","某些人f","万年不换的头像终于换了[支持]","7","2024-10-20 18:03:35","244837511681","3546391840295786"
"《崩坏：星穹铁道》动画短片：「银河忍法帖•乱武驱魔破邪斩月之卷」","BV13pyPYSEar","113320749174529","崩坏星穹铁道","2024-10-18 12:00:00","-凛冬意志-","这个头像是非换不可吗？","7","2024-10-20 18:11:42","244838312673","1118918481"
"《崩坏：星穹铁道》动画短片：「银河忍法帖•乱武驱魔破邪斩月之卷」","BV13pyPYSEar","113320749174529","崩坏星穹铁道","2024-10-18 12:00:00","诗绘","确实是强得乱七八槽，我都不知道该看哪","14","2024-10-18 15:37:09","244661256673","438981391"
"《崩坏：星穹铁道》动画短片：「银河忍法帖•乱武驱魔破邪斩月之卷」","BV13pyPYSEar","113320749174529","崩坏星穹铁道","2024-10-18 12:00:00","独在荒城zxc","朋友做的吊图[笑哭]","3","2024-10-18 16:11:04","244663370513","499269696"
"《崩坏：星穹铁道》动画短片：「银河忍法帖•乱武驱魔破邪斩月之卷」","BV13pyPYSEar","113320749174529","崩坏星穹铁道","2024-10-18 12:00:00","FennyのLeonis","[傲娇]","3","2024-10-18 12:22:48","244866258016","49814435"
"《崩坏：星穹铁道》动画短片：「银河忍法帖•乱武驱魔破邪斩月之卷」","BV13pyPYSEar","113320749174529","崩坏星穹铁道","2024-10-18 12:00:00","眼中星辰望众生","不是，最关键的脱内裤变身呢[星星眼][星星眼]","11","2024-10-18 18:32:04","244891404320","262956023"
"《崩坏：星穹铁道》动画短片：「银河忍法帖•乱武驱魔破邪斩月之卷」","BV13pyPYSEar","113320749174529","崩坏星穹铁道","2024-10-18 12:00:00","小岛傻妈","米哈游，吊带袜天使你来做第二部[微笑][支持]","14","2024-10-18 15:19:59","244660357697","34296893"
"《崩坏：星穹铁道》动画短片：「银河忍法帖•乱武驱魔破邪斩月之卷」","BV13pyPYSEar","113320749174529","崩坏星穹铁道","2024-10-18 12:00:00","天籁谛听丶","全片吊带袜天使 00：05开头klk本能字开场 00：10忍杀红围巾 00：31domo 01：22机甲+爆发 01：40FLCL，klk也用过 01：51诵读俳句吧！ 02：20定格画","4","2024-10-18 21:34:39","244687579665","29136990"
"《崩坏：星穹铁道》动画短片：「银河忍法帖•乱武驱魔破邪斩月之卷」","BV13pyPYSEar","113320749174529","崩坏星穹铁道","2024-10-18 12:00:00","人心莫測","香蕉尊VS金镖王  罢了[OK]","3","2024-10-18 12:35:53","244867331808","363262426"
"《崩坏：星穹铁道》动画短片：「银河忍法帖•乱武驱魔破邪斩月之卷」","BV13pyPYSEar","113320749174529","崩坏星穹铁道","2024-10-18 12:00:00","派派不爱吃派","[doge][doge]啥时候改头像了","8","2024-10-20 18:26:43","245065756368","3546629560863542"
"《崩坏：星穹铁道》动画短片：「银河忍法帖•乱武驱魔破邪斩月之卷」","BV13pyPYSEar","113320749174529","崩坏星穹铁道","2024-10-18 12:00:00","西念阿","可恶，是原始博士！什么时候！？😖😫       额啊，我，我是，呃，香蕉？🤔       对，我是香蕉🍌😃       香🐵香🐵香🐵香🐵香🐵香🐵       🍌蕉🍌蕉🍌蕉🍌蕉🍌蕉🍌蕉       香🐵香🐵香🐵香🐵香🐵香🐵       🍌蕉🍌蕉🍌蕉🍌蕉🍌蕉🍌蕉       🐵🐵🐵🐵🐵🐵🐵🐵🐵🐵🐵       🐵🐵🐵🐵🐵🐵🐵🐵🐵🐵🐵        🍌        🍌        🍌        🍌 ——        🍌🐒——        ——       🍌🍌🍌🍌🍌🍌🍌🍌🍌🍌🍌       🍌🍌🍌🍌🍌🍌🍌🍌🍌🍌🍌       摆满香蕉的小岛🍌🍌       睡蕉小猴的爱巢🍌🍌       吃完香蕉就睡觉🍌🍌       快快乐乐没烦恼🍌🍌       睡蕉小猴真是好🍌🍌       幸福美满没烦恼🍌🍌🍌摆🍌满🍌香🍌蕉🍌的🍌小🍌岛🍌       🙈睡🙉蕉🐵小🙊猴🙉的🐒爱🐵巢🙊       🍌吃🍌完🍌香🍌蕉🍌就🍌睡🍌觉🍌       🐒快🙉快🐵乐🐵乐🐵没🙉烦🙊恼🐒       🍌睡🍌蕉🍌小🍌猴🍌真🍌是🍌好🍌       🙊幸🐒福🐵美🐵满🐵没🙉烦🐵恼🐒","10","2024-10-20 18:28:40","245066019584","457857516"
"《崩坏：星穹铁道》动画短片：「银河忍法帖•乱武驱魔破邪斩月之卷」","BV13pyPYSEar","113320749174529","崩坏星穹铁道","2024-10-18 12:00:00","囧囧丸ん","不是哥们，要不你真自己做一个吧，做个季番让哥们爽爽","10","2024-10-19 09:49:03","244939376288","398492345"
"《崩坏：星穹铁道》动画短片：「银河忍法帖•乱武驱魔破邪斩月之卷」","BV13pyPYSEar","113320749174529","崩坏星穹铁道","2024-10-18 12:00:00","想不到好名字脑壳疼","巡猎只要负责炸街道就行了，战后善后组的人就要思考很多了[笑哭]","15","2024-10-18 13:13:45","244653106721","471007093"
"《崩坏：星穹铁道》动画短片：「银河忍法帖•乱武驱魔破邪斩月之卷」","BV13pyPYSEar","113320749174529","崩坏星穹铁道","2024-10-18 12:00:00","旗楓","乱破呢！过来啊，香蕉啊不是，原始博士打过来啦！","4","2024-10-20 20:30:26","244849006993","1961470758"
"《崩坏：星穹铁道》动画短片：「银河忍法帖•乱武驱魔破邪斩月之卷」","BV13pyPYSEar","113320749174529","崩坏星穹铁道","2024-10-18 12:00:00","邦邦6号","这画风这让我想起了一部被禁掉的《吊带袜天使》[脱单doge]","10","2024-10-19 09:26:10","244717260401","2114620754"
"《崩坏：星穹铁道》动画短片：「银河忍法帖•乱武驱魔破邪斩月之卷」","BV13pyPYSEar","113320749174529","崩坏星穹铁道","2024-10-18 12:00:00","耶耶耶耶kisskiss","可恶，是原始博士！什么时候！？😖😫 额啊，我，我是，呃，香蕉？🤔 对，我是香蕉🍌😃  香🐵香🐵香🐵香🐵香🐵香🐵 🍌蕉🍌蕉🍌蕉🍌蕉🍌蕉🍌蕉 香🐵香🐵香🐵香🐵香🐵香🐵 🍌蕉🍌蕉🍌蕉🍌蕉🍌蕉🍌蕉 🐵🐵🐵🐵🐵🐵🐵🐵🐵🐵🐵 🐵🐵🐵🐵🐵🐵🐵🐵🐵🐵🐵         🍌             🍌                🍌                   🍌 ——                     🍌🐒——                            ——  🍌🍌🍌🍌🍌🍌🍌🍌🍌🍌🍌 🍌🍌🍌🍌🍌🍌🍌🍌🍌🍌🍌 摆满香蕉的小岛🍌🍌 睡蕉小猴的爱巢🍌🍌 吃完香蕉就睡觉🍌🍌 快快乐乐没烦恼🍌🍌 睡蕉小猴真是好🍌🍌 幸福美满没烦恼🍌🍌🍌摆🍌满🍌香🍌蕉🍌的🍌小🍌岛🍌 🙈睡🙉蕉🐵小🙊猴🙉的🐒爱🐵巢🙊 🍌吃🍌完🍌香🍌蕉🍌就🍌睡🍌觉🍌 🐒快🙉快🐵乐🐵乐🐵没🙉烦🙊恼🐒 🍌睡🍌蕉🍌小🍌猴🍌真🍌是🍌好🍌 🙊幸🐒福🐵美🐵满🐵没🙉烦🐵恼🐒","5","2024-10-19 21:47:51","244771023697","301525568"
"《崩坏：星穹铁道》动画短片：「银河忍法帖•乱武驱魔破邪斩月之卷」","BV13pyPYSEar","113320749174529","崩坏星穹铁道","2024-10-18 12:00:00","婷某是真的菜","看得出来，真得强的乱七八糟[妙啊][微笑]","7","2024-10-18 21:46:42","244688523361","3546590973266150"
"《崩坏：星穹铁道》动画短片：「银河忍法帖•乱武驱魔破邪斩月之卷」","BV13pyPYSEar","113320749174529","崩坏星穹铁道","2024-10-18 12:00:00","辰凩","这肯定是找绝区零项目组做的[doge]","5","2024-10-18 21:05:30","244904277792","247890514"
"《崩坏：星穹铁道》动画短片：「银河忍法帖•乱武驱魔破邪斩月之卷」","BV13pyPYSEar","113320749174529","崩坏星穹铁道","2024-10-18 12:00:00","哈撒饭","画风像吊带袜天使 色彩像普罗米亚 报登场名之前那段像是忍者杀手的午时三刻 反派变身像天元突破变萝卜 还有忍杀的经典：咏诵俳句吧! 最后的斩杀镜头像斩服少女 好家伙番看少一点都看不出","910","2024-10-18 20:34:31","244682973137","165694389"
"《崩坏：星穹铁道》动画短片：「银河忍法帖•乱武驱魔破邪斩月之卷」","BV13pyPYSEar","113320749174529","崩坏星穹铁道","2024-10-18 12:00:00","壹tow三4","完了，原始博士打过来了","7","2024-10-20 21:59:43","245082860976","523975339"
"《崩坏：星穹铁道》动画短片：「银河忍法帖•乱武驱魔破邪斩月之卷」","BV13pyPYSEar","113320749174529","崩坏星穹铁道","2024-10-18 12:00:00","邪龙救世-月暗轮回","乱破最害怕那个奥特曼？ 是捷德，他喜欢用破灭爆裂[doge]","786","2024-10-18 12:01:07","244647586065","387137671"
"《崩坏：星穹铁道》动画短片：「银河忍法帖•乱武驱魔破邪斩月之卷」","BV13pyPYSEar","113320749174529","崩坏星穹铁道","2024-10-18 12:00:00","卡卡卡停停停","星铁的动画怎么又多又好，什么时候给牢原整点[大哭]","20","2024-10-18 22:25:32","244691631313","521620394"
"《崩坏：星穹铁道》动画短片：「银河忍法帖•乱武驱魔破邪斩月之卷」","BV13pyPYSEar","113320749174529","崩坏星穹铁道","2024-10-18 12:00:00","藤原蓮_Hansen","大香蕉","4","2024-10-20 22:23:38","244857654145","476151856"
"《崩坏：星穹铁道》动画短片：「银河忍法帖•乱武驱魔破邪斩月之卷」","BV13pyPYSEar","113320749174529","崩坏星穹铁道","2024-10-18 12:00:00","182LZ","不行，这动画我得0.5倍速细看，好严谨的变形香蕉","5","2024-10-18 21:56:09","244689187841","615851186"
"《崩坏：星穹铁道》动画短片：「银河忍法帖•乱武驱魔破邪斩月之卷」","BV13pyPYSEar","113320749174529","崩坏星穹铁道","2024-10-18 12:00:00","民国豌豆","什么时候有其他纯美骑士团的消息？关一个银枝就那么逆天(他甚至还把乱破给救了)其他纯美骑士团骑士都什么水平？我尤其想看一看纯美骑士团的团长。[tv_doge][tv_doge]","62","2024-10-18 12:03:03","244864612304","484465441"
"《崩坏：星穹铁道》动画短片：「银河忍法帖•乱武驱魔破邪斩月之卷」","BV13pyPYSEar","113320749174529","崩坏星穹铁道","2024-10-18 12:00:00","炼天大爱仙尊","深刻的理解了泊提欧的那句话，她确实强的乱七八糟，动画里的各种操作我看着也乱七八糟😭","44","2024-10-18 15:03:35","244659602369","384018278"
"《崩坏：星穹铁道》动画短片：「银河忍法帖•乱武驱魔破邪斩月之卷」","BV13pyPYSEar","113320749174529","崩坏星穹铁道","2024-10-18 12:00:00","影之侍","名字里的卷可以读三声 代表原铁绝三家互相卷[doge]","245","2024-10-18 12:01:12","244647588737","14075464"
"《崩坏：星穹铁道》动画短片：「银河忍法帖•乱武驱魔破邪斩月之卷」","BV13pyPYSEar","113320749174529","崩坏星穹铁道","2024-10-18 12:00:00","墨鸢鸦","你好","6","2024-10-18 12:07:44","244865046608","152013541"
"《崩坏：星穹铁道》动画短片：「银河忍法帖•乱武驱魔破邪斩月之卷」","BV13pyPYSEar","113320749174529","崩坏星穹铁道","2024-10-18 12:00:00","馍馍炒窝头","怎么头像换成monkey了[笑哭]","8","2024-10-20 19:35:29","244844900449","1715235288"
"《崩坏：星穹铁道》动画短片：「银河忍法帖•乱武驱魔破邪斩月之卷」","BV13pyPYSEar","113320749174529","崩坏星穹铁道","2024-10-18 12:00:00","秋枫叶红雨","为什么要换头像啊把我的三月妻还回来[大哭]","7","2024-10-20 19:18:06","244843352753","1134027384"
"《崩坏：星穹铁道》动画短片：「银河忍法帖•乱武驱魔破邪斩月之卷」","BV13pyPYSEar","113320749174529","崩坏星穹铁道","2024-10-18 12:00:00","锤子打鸡","这究竟是反应了乱破的精神状态还是制作组的精神状态呢？[笑哭]","9","2024-10-18 13:18:52","244653515905","31781056"
"《崩坏：星穹铁道》动画短片：「银河忍法帖•乱武驱魔破邪斩月之卷」","BV13pyPYSEar","113320749174529","崩坏星穹铁道","2024-10-18 12:00:00","卯之花后援会","没有忍者动态视力是看不懂这个视频的","12","2024-10-24 13:42:39","245111550737","436434052"
"《崩坏：星穹铁道》动画短片：「银河忍法帖•乱武驱魔破邪斩月之卷」","BV13pyPYSEar","113320749174529","崩坏星穹铁道","2024-10-18 12:00:00","小楼归阙","你认真的哥？？","3","2024-10-20 20:17:08","244848101057","527183774"
"《崩坏：星穹铁道》动画短片：「银河忍法帖•乱武驱魔破邪斩月之卷」","BV13pyPYSEar","113320749174529","崩坏星穹铁道","2024-10-18 12:00:00","旖旎翎","哈哈哈哈，笑不活了，你来真的啊[喜极而泣]","3","2024-10-23 11:33:25","245266969200","14176805"
"《崩坏：星穹铁道》动画短片：「银河忍法帖•乱武驱魔破邪斩月之卷」","BV13pyPYSEar","113320749174529","崩坏星穹铁道","2024-10-18 12:00:00","是江不是檎","没人觉得那个香蕉机甲特别像果宝特工里的无极吗（","314","2024-10-18 12:04:05","244647838241","65391179"
"《崩坏：星穹铁道》动画短片：「银河忍法帖•乱武驱魔破邪斩月之卷」","BV13pyPYSEar","113320749174529","崩坏星穹铁道","2024-10-18 12:00:00","醉生丶梦死丿","这头像…你是认真的吗？[笑哭][笑哭]","6","2024-10-20 22:15:06","244856989057","3493112722754067"
"《崩坏：星穹铁道》动画短片：「银河忍法帖•乱武驱魔破邪斩月之卷」","BV13pyPYSEar","113320749174529","崩坏星穹铁道","2024-10-18 12:00:00","自动考什么","星铁怎么变成崩坏：猴子铁道了","6","2024-10-20 23:47:58","244864231873","1789625489"
"《崩坏：星穹铁道》动画短片：「银河忍法帖•乱武驱魔破邪斩月之卷」","BV13pyPYSEar","113320749174529","崩坏星穹铁道","2024-10-18 12:00:00","逗萝大陆之龙王传说","别碰瓷我扳机社了好伐？天元和吊带袜天使都是G社做的😅 更别说我家02都被你们轰出B站了，再碰瓷我可要生气了😠😠😠","4","2024-10-18 15:31:58","244878732944","1204553610"
"《崩坏：星穹铁道》动画短片：「银河忍法帖•乱武驱魔破邪斩月之卷」","BV13pyPYSEar","113320749174529","崩坏星穹铁道","2024-10-18 12:00:00","落墓zzZ","你小子是不是把隔壁的美工拉过来了[绝区零_我跟你爆了！]","3","2024-10-18 13:02:31","244869604096","449167933"
"《崩坏：星穹铁道》动画短片：「银河忍法帖•乱武驱魔破邪斩月之卷」","BV13pyPYSEar","113320749174529","崩坏星穹铁道","2024-10-18 12:00:00","蚝无语蛙","吊带袜天使的画风","5","2024-11-04 14:18:19","245983031425","3546610598414653"
"《崩坏：星穹铁道》动画短片：「银河忍法帖•乱武驱魔破邪斩月之卷」","BV13pyPYSEar","113320749174529","崩坏星穹铁道","2024-10-18 12:00:00","华丽丽的家伙","天才在左，蕉蕉猴在右，柏妮思在右，项目组在右，米哈游在右，逢魔大伟在前天的右。和平星在右，他姥姥的蜻蜓队长也在右，胜利的天平已经倒向米哈游，深渊的怀抱将接纳每一个米游玩家，邪恶因子将充斥每一位的大脑，在每一个夜晚都会响起🍌🐵🔥gogo。","10","2024-10-18 16:05:12","244880735008","24507908"
"《崩坏：星穹铁道》动画短片：「银河忍法帖•乱武驱魔破邪斩月之卷」","BV13pyPYSEar","113320749174529","崩坏星穹铁道","2024-10-18 12:00:00","以帽取人啊","你相信蕉吗？加入睡蕉社，大家一起信蕉！ 蕉神！🙏🙏🙏","6","2024-10-20 20:15:21","244847880801","412894861"
"《崩坏：星穹铁道》动画短片：「银河忍法帖•乱武驱魔破邪斩月之卷」","BV13pyPYSEar","113320749174529","崩坏星穹铁道","2024-10-18 12:00:00","未命鳴","被绑架了，就眨眨眼睛[笑哭]","6","2024-10-20 22:19:05","245084576720","1800546930"
"《崩坏：星穹铁道》动画短片：「银河忍法帖•乱武驱魔破邪斩月之卷」","BV13pyPYSEar","113320749174529","崩坏星穹铁道","2024-10-18 12:00:00","玛雅凌云","给我干哪来了，这是绝区零还是崩铁啊，[辣眼睛]哦全体都是一样抽象的，那没事了[滑稽]","6","2024-10-18 12:19:35","244865908512","420805"
"《崩坏：星穹铁道》动画短片：「银河忍法帖•乱武驱魔破邪斩月之卷」","BV13pyPYSEar","113320749174529","崩坏星穹铁道","2024-10-18 12:00:00","-走不出的苦夏-","官方怎么也被原始博士洗脑了[哦呼]香了蕉的","6","2024-10-20 20:17:50","245074839296","495186416"
"《崩坏：星穹铁道》动画短片：「银河忍法帖•乱武驱魔破邪斩月之卷」","BV13pyPYSEar","113320749174529","崩坏星穹铁道","2024-10-18 12:00:00","这里是老钱啊","看完总感觉少了一点什么[思考][思考][思考][思考] 诶🤓☝🏻 原来是少了一个模型爆炸啊～","3","2024-10-18 14:05:18","244873669152","158366626"
"《崩坏：星穹铁道》动画短片：「银河忍法帖•乱武驱魔破邪斩月之卷」","BV13pyPYSEar","113320749174529","崩坏星穹铁道","2024-10-18 12:00:00","Ne゚","头像怎么回事啊啊！？啊？哈哈哈哈哈哈哈哈哈哈哈哈","8","2024-10-20 21:38:00","244853998065","1002522461"
"《崩坏：星穹铁道》动画短片：「银河忍法帖•乱武驱魔破邪斩月之卷」","BV13pyPYSEar","113320749174529","崩坏星穹铁道","2024-10-18 12:00:00","等待dengdai","总感觉乱破应该在下一秒跳钢管舞脱点什么[热][热][热]","3","2024-10-18 12:28:41","244866638464","249464249"
"《崩坏：星穹铁道》动画短片：「银河忍法帖•乱武驱魔破邪斩月之卷」","BV13pyPYSEar","113320749174529","崩坏星穹铁道","2024-10-18 12:00:00","节操君他失踪了","那个辞世句是捏他了丰臣秀吉的，果然还是猴子[笑哭]","104","2024-10-18 12:08:40","244865213504","340041"
"《崩坏：星穹铁道》动画短片：「银河忍法帖•乱武驱魔破邪斩月之卷」","BV13pyPYSEar","113320749174529","崩坏星穹铁道","2024-10-18 12:00:00","咦ゾ节操呢","米哈游最近精神状态很混乱啊[doge]","4","2024-10-18 13:26:51","244871263424","156306737"
"《崩坏：星穹铁道》动画短片：「银河忍法帖•乱武驱魔破邪斩月之卷」","BV13pyPYSEar","113320749174529","崩坏星穹铁道","2024-10-18 12:00:00","咸鱼翻身烤咸鱼","好嘛，我以为真是忍者原来是实验，你还我最开始的形象","6","2024-10-23 14:22:07","245040813569","1765080496"
"《崩坏：星穹铁道》动画短片：「银河忍法帖•乱武驱魔破邪斩月之卷」","BV13pyPYSEar","113320749174529","崩坏星穹铁道","2024-10-18 12:00:00","三言翊","蕉蕉蕉蕉？(你头像怎么变了？)","5","2024-10-20 20:10:43","244847620465","513166368"
"《崩坏：星穹铁道》动画短片：「银河忍法帖•乱武驱魔破邪斩月之卷」","BV13pyPYSEar","113320749174529","崩坏星穹铁道","2024-10-18 12:00:00","旋羽xy","玩米被骂过，被笑过，就是没有被饿过[doge]","4","2024-11-02 23:40:49","246136605104","1750072746"
"《崩坏：星穹铁道》动画短片：「银河忍法帖•乱武驱魔破邪斩月之卷」","BV13pyPYSEar","113320749174529","崩坏星穹铁道","2024-10-18 12:00:00","泛九GaGa","我好奇这是米自己做的动画，还是找扳机做的，太对了","15","2024-10-19 10:20:28","244720376849","18909455"
"《崩坏：星穹铁道》动画短片：「银河忍法帖•乱武驱魔破邪斩月之卷」","BV13pyPYSEar","113320749174529","崩坏星穹铁道","2024-10-18 12:00:00","狗蛋maomao","我都准备点追番了结果是崩铁[辣眼睛]","6","2024-10-18 19:59:55","244899044064","583522703"
"《崩坏：星穹铁道》动画短片：「银河忍法帖•乱武驱魔破邪斩月之卷」","BV13pyPYSEar","113320749174529","崩坏星穹铁道","2024-10-18 12:00:00","螺旋迫击炮","[doge_金箍][doge_金箍][doge_金箍]","2","2024-10-18 18:29:40","244891177056","454291526"
"《崩坏：星穹铁道》动画短片：「银河忍法帖•乱武驱魔破邪斩月之卷」","BV13pyPYSEar","113320749174529","崩坏星穹铁道","2024-10-18 12:00:00","白大琛啊","我十分有理由怀疑原神和星铁项目组把绝区零项目组打劫了[笑哭][笑哭]","17","2024-10-18 12:52:09","244868624416","70897145"
"《崩坏：星穹铁道》动画短片：「银河忍法帖•乱武驱魔破邪斩月之卷」","BV13pyPYSEar","113320749174529","崩坏星穹铁道","2024-10-18 12:00:00","凌语LTH","不好！变成蕉蕉铁道了！","6","2024-10-20 18:05:04","244837806001","349980055"
"《崩坏：星穹铁道》动画短片：「银河忍法帖•乱武驱魔破邪斩月之卷」","BV13pyPYSEar","113320749174529","崩坏星穹铁道","2024-10-18 12:00:00","夢幻光翼","说到画风，我在美式动画里看到有人说画风像吊带袜天使算不算倒反天罡？","8","2024-11-05 19:49:49","246079763569","480123581"
"《崩坏：星穹铁道》动画短片：「银河忍法帖•乱武驱魔破邪斩月之卷」","BV13pyPYSEar","113320749174529","崩坏星穹铁道","2024-10-18 12:00:00","平烻","回来了，那些童年时的回忆，他们全都回来了[doge_金箍]","2","2024-10-18 23:16:47","244695587809","3546688033654858"
"《崩坏：星穹铁道》动画短片：「银河忍法帖•乱武驱魔破邪斩月之卷」","BV13pyPYSEar","113320749174529","崩坏星穹铁道","2024-10-18 12:00:00","符合FVR看","猜猜为什么弄这个画风，因为返祖吃的香蕉可不是香蕉，相当于现实是吃人场面[妙啊]","8","2024-10-18 16:34:19","244664775537","1690796964"
"《崩坏：星穹铁道》动画短片：「银河忍法帖•乱武驱魔破邪斩月之卷」","BV13pyPYSEar","113320749174529","崩坏星穹铁道","2024-10-18 12:00:00","爷之乐","从2:03开始的白字neta了日本安土桃山时代名将、天下人丰臣秀吉的辞世诗：“随露水降临、随露水消逝，此即我生。浪速（这是个双关，浪速是大阪的古称，丰臣秀吉的政权驻地位于大阪；同时表示字面意思上的浪花）之事，只是梦中的梦。” 而丰臣秀吉本来就有“猴子”的绰号，用在“香蕉尊”这里很合适。","1687","2024-10-18 12:50:51","244868722416","308440942"
"《崩坏：星穹铁道》动画短片：「银河忍法帖•乱武驱魔破邪斩月之卷」","BV13pyPYSEar","113320749174529","崩坏星穹铁道","2024-10-18 12:00:00","薄荷绿凯希喵","崩坏：猩琼铁道","8","2024-10-21 02:41:02","245100527712","527668628"
"《崩坏：星穹铁道》动画短片：「银河忍法帖•乱武驱魔破邪斩月之卷」","BV13pyPYSEar","113320749174529","崩坏星穹铁道","2024-10-18 12:00:00","铁窗泪水鲁冰花","[doge]绝区零前几天才整了一个大的，你们后续跟进，我想知道原神组有没有压力？","8","2024-10-18 20:07:38","244680944273","304792054"
"《崩坏：星穹铁道》动画短片：「银河忍法帖•乱武驱魔破邪斩月之卷」","BV13pyPYSEar","113320749174529","崩坏星穹铁道","2024-10-18 12:00:00","P·由","过完剧情再看这个动画...沉重起来了[原神_哭哭]","9","2024-10-27 16:47:06","245606672816","9172516"
"《崩坏：星穹铁道》动画短片：「银河忍法帖•乱武驱魔破邪斩月之卷」","BV13pyPYSEar","113320749174529","崩坏星穹铁道","2024-10-18 12:00:00","火旺公公一枚呀","第一眼:好高质的同人 第二眼:等会儿，你谁？","7","2024-10-19 12:41:30","244951978272","1763096414"
"《崩坏：星穹铁道》动画短片：「银河忍法帖•乱武驱魔破邪斩月之卷」","BV13pyPYSEar","113320749174529","崩坏星穹铁道","2024-10-18 12:00:00","时蔬蘸酱-","这托马是吊带袜天使画风不是zzz，zzz在致敬啊弹幕不要再刷这是zzz画风了[笑哭]","3","2024-10-18 12:27:05","244866541904","671373802"
"《崩坏：星穹铁道》动画短片：「银河忍法帖•乱武驱魔破邪斩月之卷」","BV13pyPYSEar","113320749174529","崩坏星穹铁道","2024-10-18 12:00:00","李伍五","孩子，这里不送忍法帖[笑哭][笑哭][笑哭]","11","2024-10-18 17:54:22","244888334432","506487727"
"《崩坏：星穹铁道》动画短片：「银河忍法帖•乱武驱魔破邪斩月之卷」","BV13pyPYSEar","113320749174529","崩坏星穹铁道","2024-10-18 12:00:00","天然水昵称被占用了","感觉看了一集吊带袜天使[笑哭]","4","2024-11-05 11:48:47","246047914177","11721775"
"《崩坏：星穹铁道》动画短片：「银河忍法帖•乱武驱魔破邪斩月之卷」","BV13pyPYSEar","113320749174529","崩坏星穹铁道","2024-10-18 12:00:00","METO-ooo","轮到我了[脱单doge]","2","2024-10-18 18:02:00","244888966064","632512200"
"《崩坏：星穹铁道》动画短片：「银河忍法帖•乱武驱魔破邪斩月之卷」","BV13pyPYSEar","113320749174529","崩坏星穹铁道","2024-10-18 12:00:00","157----","星穹铁道太好玩了","2","2024-10-20 10:41:19","244805923457","3546749234842490"
"《崩坏：星穹铁道》动画短片：「银河忍法帖•乱武驱魔破邪斩月之卷」","BV13pyPYSEar","113320749174529","崩坏星穹铁道","2024-10-18 12:00:00","牢阳分不清","不是真改啊😃😃😃 唱 跳 乱破 music😎 蕉你太美～🍌😃 摆满香蕉的小岛🍌🍌 睡蕉小猴的爱巢🍌🍌 吃完香蕉就睡觉🍌🍌 快快乐乐没烦恼🍌🍌 睡蕉小猴真是好🍌🍌 幸福美满没烦恼🍌🍌🍌","10","2024-10-21 06:22:24","245103842112","3546680697817231"
"《崩坏：星穹铁道》动画短片：「银河忍法帖•乱武驱魔破邪斩月之卷」","BV13pyPYSEar","113320749174529","崩坏星穹铁道","2024-10-18 12:00:00","绳网用户19860117","丸辣，穹宝又被夺舍辣[大哭][大哭][大哭]","7","2024-10-20 18:15:38","245065060640","1975874528"
"《崩坏：星穹铁道》动画短片：「银河忍法帖•乱武驱魔破邪斩月之卷」","BV13pyPYSEar","113320749174529","崩坏星穹铁道","2024-10-18 12:00:00","周桑1234","今下午放学的时候，我就想重温一遍吊带袜天使……老米啊，你是懂我的[OK]","9","2024-10-18 18:22:03","244890658048","3493126320687525"
"《崩坏：星穹铁道》动画短片：「银河忍法帖•乱武驱魔破邪斩月之卷」","BV13pyPYSEar","113320749174529","崩坏星穹铁道","2024-10-18 12:00:00","eixpA","我知道了，原神动画给飞碟社做，所以崩铁动画给扳机社做，所以什么时候安排一下[脱单doge][脱单doge][脱单doge][吃瓜]","43","2024-10-18 14:49:45","244658814369","355125663"
"《崩坏：星穹铁道》动画短片：「银河忍法帖•乱武驱魔破邪斩月之卷」","BV13pyPYSEar","113320749174529","崩坏星穹铁道","2024-10-18 12:00:00","梦子17","南无三！这一集的经费能做三季忍者杀手了罢！","7","2024-10-19 06:48:15","244931758576","329390406"
"《崩坏：星穹铁道》动画短片：「银河忍法帖•乱武驱魔破邪斩月之卷」","BV13pyPYSEar","113320749174529","崩坏星穹铁道","2024-10-18 12:00:00","4628646483674737","头像怎么变🍌🐒了","5","2024-10-20 21:22:38","244852983537","627625794"
"《崩坏：星穹铁道》动画短片：「银河忍法帖•乱武驱魔破邪斩月之卷」","BV13pyPYSEar","113320749174529","崩坏星穹铁道","2024-10-18 12:00:00","画秋若初","那个……我想听到那个，可以吗？","2","2024-10-20 03:01:00","245016309984","622359412"
"《崩坏：星穹铁道》动画短片：「银河忍法帖•乱武驱魔破邪斩月之卷」","BV13pyPYSEar","113320749174529","崩坏星穹铁道","2024-10-18 12:00:00","一直爱绘梨衣","不是你这热门，为什么我找不到啊，不在我的热门榜上","3","2024-10-18 13:18:41","244653436433","349658454"
"《崩坏：星穹铁道》动画短片：「银河忍法帖•乱武驱魔破邪斩月之卷」","BV13pyPYSEar","113320749174529","崩坏星穹铁道","2024-10-18 12:00:00","给我点赞好不好","我嘞个吊带袜天使party[doge]","8","2024-10-18 22:49:52","244912992816","2135341123"
"《崩坏：星穹铁道》动画短片：「银河忍法帖•乱武驱魔破邪斩月之卷」","BV13pyPYSEar","113320749174529","崩坏星穹铁道","2024-10-18 12:00:00","青叶薄荷糖","好眼熟的画风","15","2024-10-18 12:03:55","244647745729","387113167"
"《崩坏：星穹铁道》动画短片：「银河忍法帖•乱武驱魔破邪斩月之卷」","BV13pyPYSEar","113320749174529","崩坏星穹铁道","2024-10-18 12:00:00","摸摸说的道丽","论米哈游它是多喜欢吊带袜天使[笑哭]","8","2024-10-18 15:00:33","244659275409","410729482"
"《崩坏：星穹铁道》动画短片：「银河忍法帖•乱武驱魔破邪斩月之卷」","BV13pyPYSEar","113320749174529","崩坏星穹铁道","2024-10-18 12:00:00","太白冬星","卧槽，第一眼封面被救的小妹妹给我幻视成天行轶事中的缘了，姿势都一样，还奇怪缘怎么乱入崩铁了哈哈哈","2","2024-10-18 13:50:38","244655560065","385114658"
